2026-01-31 09:38:51,931 [INFO] Activator:176 - 


2026-01-31 09:38:51,936 [INFO] Activator:177 - !SESSION log4j initialized
2026-01-31 09:38:56,907 [INFO] LogOutputStream:77 - [STDOUT_REDIRECT] 
2026-01-31 09:38:57,666 [ERROR] ConfigurationRetriever:142 - IOException on connection: sw-center.st.com
2026-01-31 09:38:57,671 [ERROR] ConfigurationRetriever:142 - IOException on connection: sw-center.st.com
2026-01-31 09:38:57,673 [ERROR] ConfigurationRetriever:142 - IOException on connection: sw-center.st.com
2026-01-31 09:39:01,513 [ERROR] ConfigurationRetriever:142 - IOException on connection: sw-center.st.com
2026-01-31 09:39:01,515 [ERROR] ConfigurationRetriever:142 - IOException on connection: sw-center.st.com
2026-01-31 09:39:01,517 [ERROR] ConfigurationRetriever:142 - IOException on connection: sw-center.st.com
2026-01-31 09:39:02,422 [INFO] ApplicationProperties:184 - Using Application install path: /opt/st/stm32cubeide_1.18.1/../../../home/tecna-smart-lab/.eclipse/com.st.stm32cube.ide.mcu.rcp.product_1.18.1_139067097_linux_gtk_x86_64/plugins/com.st.stm32cube.common.mx_6.15.0.202507011659
2026-01-31 09:39:02,475 [INFO] DbMcusXml:78 - Set database path to: /opt/st/stm32cubeide_1.18.1/../../../home/tecna-smart-lab/.eclipse/com.st.stm32cube.ide.mcu.rcp.product_1.18.1_139067097_linux_gtk_x86_64/plugins/com.st.stm32cube.common.mx_6.15.0.202507011659//db//mcu/
2026-01-31 09:39:02,476 [INFO] ApiDb:274 - Set plugin database path to: /opt/st/stm32cubeide_1.18.1/../../../home/tecna-smart-lab/.eclipse/com.st.stm32cube.ide.mcu.rcp.product_1.18.1_139067097_linux_gtk_x86_64/plugins/com.st.stm32cube.common.mx_6.15.0.202507011659//db//plugins/boardmanager/
2026-01-31 09:39:02,477 [WARN] ApiDb:259 - Overriding images path with different value:  => /opt/st/stm32cubeide_1.18.1/../../../home/tecna-smart-lab/.eclipse/com.st.stm32cube.ide.mcu.rcp.product_1.18.1_139067097_linux_gtk_x86_64/plugins/com.st.stm32cube.common.mx_6.15.0.202507011659//db//plugins/mcufinder/images/
2026-01-31 09:39:02,493 [INFO] ApiDb:250 - Set database path to: /home/tecna-smart-lab/.stmcufinder/plugins/mcufinder//mcu/
2026-01-31 09:39:02,498 [INFO] DbMcusAds:125 - Set database path to: /home/tecna-smart-lab/.stmcufinder/plugins/mcufinder//mcu/
2026-01-31 09:39:02,507 [INFO] CrossReferenceDbSqlite:203 - Set database path to: /home/tecna-smart-lab/.stmcufinder/plugins/mcufinder//mcu/cs/
2026-01-31 09:39:02,865 [INFO] RulesReader:64 - Compatibility file has been processed (317 Rules)
2026-01-31 09:39:03,143 [INFO] DbMcusXml:78 - Set database path to: /opt/st/stm32cubeide_1.18.1/../../../home/tecna-smart-lab/.eclipse/com.st.stm32cube.ide.mcu.rcp.product_1.18.1_139067097_linux_gtk_x86_64/plugins/com.st.stm32cube.common.mx_6.15.0.202507011659//db//mcu/
2026-01-31 09:39:03,143 [INFO] ApiDb:274 - Set plugin database path to: /opt/st/stm32cubeide_1.18.1/../../../home/tecna-smart-lab/.eclipse/com.st.stm32cube.ide.mcu.rcp.product_1.18.1_139067097_linux_gtk_x86_64/plugins/com.st.stm32cube.common.mx_6.15.0.202507011659//db//plugins/boardmanager/
2026-01-31 09:39:03,143 [INFO] ApiDb:261 - Set plugin images path to: /opt/st/stm32cubeide_1.18.1/../../../home/tecna-smart-lab/.eclipse/com.st.stm32cube.ide.mcu.rcp.product_1.18.1_139067097_linux_gtk_x86_64/plugins/com.st.stm32cube.common.mx_6.15.0.202507011659//db//plugins/mcufinder/images/
2026-01-31 09:39:03,144 [WARN] DbFile:41 - Overriding database path with different value: /home/tecna-smart-lab/.stmcufinder/plugins/mcufinder/ => /home/tecna-smart-lab/.stmcufinder/plugins/mcufinder
2026-01-31 09:39:03,144 [INFO] ApiDb:250 - Set database path to: /home/tecna-smart-lab/.stmcufinder/plugins/mcufinder//mcu/
2026-01-31 09:39:03,144 [WARN] DbFile:41 - Overriding database path with different value: /home/tecna-smart-lab/.stmcufinder/plugins/mcufinder/ => /home/tecna-smart-lab/.stmcufinder/plugins/mcufinder
2026-01-31 09:39:03,144 [INFO] DbMcusAds:125 - Set database path to: /home/tecna-smart-lab/.stmcufinder/plugins/mcufinder//mcu/
2026-01-31 09:39:03,145 [WARN] DbFile:41 - Overriding database path with different value: /home/tecna-smart-lab/.stmcufinder/plugins/mcufinder/ => /home/tecna-smart-lab/.stmcufinder/plugins/mcufinder
2026-01-31 09:39:03,145 [WARN] DbFile:41 - Overriding database path with different value: /home/tecna-smart-lab/.stmcufinder/plugins/mcufinder/ => /home/tecna-smart-lab/.stmcufinder/plugins/mcufinder
2026-01-31 09:39:03,145 [INFO] CrossReferenceDbSqlite:203 - Set database path to: /home/tecna-smart-lab/.stmcufinder/plugins/mcufinder//mcu/cs/
2026-01-31 09:39:03,333 [INFO] MainPanel:274 - HeapMemory: 268435456
2026-01-31 09:39:03,572 [INFO] DbMcusXml:78 - Set database path to: /opt/st/stm32cubeide_1.18.1/../../../home/tecna-smart-lab/.eclipse/com.st.stm32cube.ide.mcu.rcp.product_1.18.1_139067097_linux_gtk_x86_64/plugins/com.st.stm32cube.common.mx_6.15.0.202507011659//db//mcu/
2026-01-31 09:39:03,572 [INFO] ApiDb:274 - Set plugin database path to: /opt/st/stm32cubeide_1.18.1/../../../home/tecna-smart-lab/.eclipse/com.st.stm32cube.ide.mcu.rcp.product_1.18.1_139067097_linux_gtk_x86_64/plugins/com.st.stm32cube.common.mx_6.15.0.202507011659//db//plugins/boardmanager/
2026-01-31 09:39:03,573 [INFO] ApiDb:261 - Set plugin images path to: /opt/st/stm32cubeide_1.18.1/../../../home/tecna-smart-lab/.eclipse/com.st.stm32cube.ide.mcu.rcp.product_1.18.1_139067097_linux_gtk_x86_64/plugins/com.st.stm32cube.common.mx_6.15.0.202507011659//db//plugins/mcufinder/images/
2026-01-31 09:39:03,574 [WARN] DbFile:41 - Overriding database path with different value: /home/tecna-smart-lab/.stmcufinder/plugins/mcufinder/ => /home/tecna-smart-lab/.stmcufinder/plugins/mcufinder
2026-01-31 09:39:03,574 [INFO] ApiDb:250 - Set database path to: /home/tecna-smart-lab/.stmcufinder/plugins/mcufinder//mcu/
2026-01-31 09:39:03,575 [WARN] DbFile:41 - Overriding database path with different value: /home/tecna-smart-lab/.stmcufinder/plugins/mcufinder/ => /home/tecna-smart-lab/.stmcufinder/plugins/mcufinder
2026-01-31 09:39:03,575 [INFO] DbMcusAds:125 - Set database path to: /home/tecna-smart-lab/.stmcufinder/plugins/mcufinder//mcu/
2026-01-31 09:39:03,576 [WARN] DbFile:41 - Overriding database path with different value: /home/tecna-smart-lab/.stmcufinder/plugins/mcufinder/ => /home/tecna-smart-lab/.stmcufinder/plugins/mcufinder
2026-01-31 09:39:03,576 [WARN] DbFile:41 - Overriding database path with different value: /home/tecna-smart-lab/.stmcufinder/plugins/mcufinder/ => /home/tecna-smart-lab/.stmcufinder/plugins/mcufinder
2026-01-31 09:39:03,576 [INFO] CrossReferenceDbSqlite:203 - Set database path to: /home/tecna-smart-lab/.stmcufinder/plugins/mcufinder//mcu/cs/
2026-01-31 09:39:03,617 [INFO] ApplicationProperties:184 - Using Application install path: /opt/st/stm32cubeide_1.18.1/../../../home/tecna-smart-lab/.eclipse/com.st.stm32cube.ide.mcu.rcp.product_1.18.1_139067097_linux_gtk_x86_64/plugins/com.st.stm32cube.common.mx_6.15.0.202507011659
2026-01-31 09:39:03,621 [INFO] PluginManage:196 - Search for loadable plugins [exclusion list=, ]
2026-01-31 09:39:03,623 [INFO] PluginManage:310 - Check plugin analytics
2026-01-31 09:39:04,041 [INFO] AnalyticsPlugin:253 - Accepted Software Licenses: STM32CubeMX.6.15.0
2026-01-31 09:39:04,041 [INFO] AnalyticsPlugin:255 - Accepted CMSIS Pack Licenses: STMicroelectronics.X-CUBE-FREERTOS.1.3.0,STMicroelectronics.X-CUBE-GNSS1.7.0.1,STMicroelectronics.X-CUBE-AZRTOS-H7.3.3.0,portGmbH.I-Cube-SoM-uGOAL.1.1.0,STMicroelectronics.X-CUBE-AZRTOS-G4.2.0.0,STMicroelectronics.X-CUBE-FREERTOS.1.3.1,STMicroelectronics.X-CUBE-NFC6.3.1.0,STMicroelectronics.X-CUBE-NFC4.3.0.0,STMicroelectronics.X-CUBE-NFC7.2.0.0,STMicroelectronics.X-CUBE-NFC9.1.0.0,STMicroelectronics.X-CUBE-NFC12.1.0.0,STMicroelectronics.X-CUBE-NFC10.1.0.0,RealThread.X-CUBE-RT-Thread_Nano.4.1.1,STMicroelectronics.X-CUBE-AZRTOS-F4.1.1.0,STMicroelectronics.X-CUBE-DISPLAY.3.0.0,Infineon.AIROC-Wi-Fi-Bluetooth-STM32.1.7.0,Cesanta.I-CUBE-Mongoose.7.13.0,STMicroelectronics.X-CUBE-AZRTOS-WB.2.0.0,STMicroelectronics.X-CUBE-EEPRMA1.5.2.0
2026-01-31 09:39:04,042 [INFO] AnalyticsPlugin:257 - Accepted Firmware Licenses: FW.U5.1.7.0,FW.G0.1.6.0,FW.H7.1.12.0,FW.C0.1.4.0,FW.F4.1.28.0,FW.G4.1.6.0,FW.U5.1.8.0,FW.WL.1.3.0,FW.H5.1.5.0
2026-01-31 09:39:04,049 [ERROR] ConfigurationRetriever:142 - IOException on connection: sw-center.st.com
2026-01-31 09:39:04,050 [INFO] PluginManage:359 - Loaded plugin analytics (category:tool,tabindex:-1)
2026-01-31 09:39:04,050 [ERROR] ConfigurationRetriever:142 - IOException on connection: sw-center.st.com
2026-01-31 09:39:04,050 [INFO] PluginManage:310 - Check plugin cadmodel
2026-01-31 09:39:04,052 [ERROR] ConfigurationRetriever:142 - IOException on connection: sw-center.st.com
2026-01-31 09:39:04,062 [INFO] CADModel:105 - Init CAD model plugin
2026-01-31 09:39:04,063 [INFO] PluginManage:359 - Loaded plugin cadmodel (category:power,tabindex:5)
2026-01-31 09:39:04,064 [INFO] PluginManage:310 - Check plugin clock
2026-01-31 09:39:04,093 [INFO] PluginManage:359 - Loaded plugin clock (category:base,tabindex:2)
2026-01-31 09:39:04,093 [INFO] PluginManage:310 - Check plugin ddr
2026-01-31 09:39:04,099 [INFO] PluginManage:359 - Loaded plugin ddr (category:tool,tabindex:6)
2026-01-31 09:39:04,099 [INFO] PluginManage:310 - Check plugin filemanager
2026-01-31 09:39:04,474 [INFO] PluginManage:359 - Loaded plugin filemanager (category:base,tabindex:10)
2026-01-31 09:39:04,475 [INFO] PluginManage:310 - Check plugin ipmanager
2026-01-31 09:39:04,496 [INFO] PluginManage:359 - Loaded plugin ipmanager (category:base,tabindex:5)
2026-01-31 09:39:04,496 [INFO] PluginManage:310 - Check plugin lpbam
2026-01-31 09:39:04,528 [INFO] PluginManage:359 - Loaded plugin lpbam (category:base,tabindex:0)
2026-01-31 09:39:04,528 [INFO] PluginManage:310 - Check plugin memorymap
2026-01-31 09:39:04,586 [INFO] PluginManage:359 - Loaded plugin memorymap (category:base,tabindex:4)
2026-01-31 09:39:04,587 [INFO] PluginManage:310 - Check plugin pinoutandconfiguration
2026-01-31 09:39:04,612 [INFO] PluginManage:359 - Loaded plugin pinoutandconfiguration (category:base,tabindex:1)
2026-01-31 09:39:04,613 [INFO] PluginManage:310 - Check plugin pinoutconfig
2026-01-31 09:39:04,828 [WARN] SupportedApi:132 - Cannot load RTOS API schema: s4s-elt-must-match.1: The content of 'definitions' must match (annotation?, (simpleType | complexType)?, (unique | key | keyref)*)). A problem was found starting at: attribute.
2026-01-31 09:39:05,111 [INFO] PluginManage:359 - Loaded plugin pinoutconfig (category:base,tabindex:0)
2026-01-31 09:39:05,112 [INFO] PluginManage:310 - Check plugin power
2026-01-31 09:39:05,136 [INFO] PluginManage:359 - Loaded plugin power (category:power,tabindex:4)
2026-01-31 09:39:05,137 [INFO] PluginManage:310 - Check plugin projectmanager
2026-01-31 09:39:05,182 [INFO] PluginManage:359 - Loaded plugin projectmanager (category:projectmanager,tabindex:4)
2026-01-31 09:39:05,183 [INFO] PluginManage:310 - Check plugin rif
2026-01-31 09:39:05,209 [INFO] PluginManage:359 - Loaded plugin rif (category:base,tabindex:3)
2026-01-31 09:39:05,210 [INFO] PluginManage:310 - Check plugin thirdparty
2026-01-31 09:39:05,569 [WARN] IntegrityCheckThread:84 - waiting for thirdparty lock release [integrity check]
2026-01-31 09:39:05,570 [INFO] PluginManage:359 - Loaded plugin thirdparty (category:base,tabindex:-1)
2026-01-31 09:39:05,570 [INFO] IntegrityCheckThread:86 - entering critical section [integrity check]
2026-01-31 09:39:05,570 [INFO] PluginManage:310 - Check plugin tools
2026-01-31 09:39:05,571 [INFO] ThirdPartyUpdaterWithRetryManager:70 - Updater plugin not ready yet. [1/15]
2026-01-31 09:39:05,581 [INFO] PluginManage:359 - Loaded plugin tools (category:base,tabindex:7)
2026-01-31 09:39:05,581 [INFO] PluginManage:310 - Check plugin tutovideos
2026-01-31 09:39:05,907 [ERROR] LogOutputStream:75 - [STDERR_REDIRECT] Jan 31, 2026 9:39:05 AM org.eclipse.lsp4j.jsonrpc.services.GenericEndpoint notify
2026-01-31 09:39:05,909 [ERROR] LogOutputStream:75 - [STDERR_REDIRECT] WARNING: Unsupported notification method: statusNotification
2026-01-31 09:39:05,909 [ERROR] LogOutputStream:75 - [STDERR_REDIRECT] 
2026-01-31 09:39:05,911 [ERROR] LogOutputStream:75 - [STDERR_REDIRECT] Jan 31, 2026 9:39:05 AM org.eclipse.lsp4j.jsonrpc.services.GenericEndpoint notify
2026-01-31 09:39:05,912 [ERROR] LogOutputStream:75 - [STDERR_REDIRECT] WARNING: Unsupported notification method: didChangeStatus
2026-01-31 09:39:05,912 [ERROR] LogOutputStream:75 - [STDERR_REDIRECT] 
2026-01-31 09:39:06,120 [INFO] PluginManage:359 - Loaded plugin tutovideos (category:base,tabindex:-1)
2026-01-31 09:39:06,121 [INFO] PluginManage:310 - Check plugin updater
2026-01-31 09:39:06,176 [INFO] PluginManage:359 - Loaded plugin updater (category:base,tabindex:12)
2026-01-31 09:39:06,177 [INFO] PluginManage:310 - Check plugin userauth
2026-01-31 09:39:06,193 [INFO] UserAuth:118 - Init User Auth plugin
2026-01-31 09:39:06,197 [INFO] PluginManage:359 - Loaded plugin userauth (category:base,tabindex:14)
2026-01-31 09:39:06,199 [INFO] PluginManage:283 - PluginManage : Loaded plugins [18]
2026-01-31 09:39:06,697 [INFO] PinOutPanel:1589 - setPackage(No Configuration,No Configuration)
2026-01-31 09:39:06,849 [INFO] CADModel:165 - CPN selected for project level
2026-01-31 09:39:06,849 [INFO] CADModel:114 - Register for checkConnection events
2026-01-31 09:39:06,869 [INFO] IPUIPlugin:80 - create IPUIPlugin
2026-01-31 09:39:06,869 [INFO] PluginManager:220 - loadIPPluginJar : add spi
2026-01-31 09:39:06,874 [INFO] IPUIPlugin:80 - create IPUIPlugin
2026-01-31 09:39:06,875 [INFO] PluginManager:220 - loadIPPluginJar : add ddr_ctrl_phy
2026-01-31 09:39:06,878 [INFO] IPUIPlugin:80 - create IPUIPlugin
2026-01-31 09:39:06,878 [INFO] PluginManager:220 - loadIPPluginJar : add fatfs
2026-01-31 09:39:06,882 [INFO] IPUIPlugin:80 - create IPUIPlugin
2026-01-31 09:39:06,883 [INFO] PluginManager:220 - loadIPPluginJar : add dma3
2026-01-31 09:39:06,890 [INFO] IPUIPlugin:80 - create IPUIPlugin
2026-01-31 09:39:06,890 [INFO] PluginManager:220 - loadIPPluginJar : add touchsensing
2026-01-31 09:39:06,895 [INFO] IPUIPlugin:80 - create IPUIPlugin
2026-01-31 09:39:06,895 [INFO] PluginManager:220 - loadIPPluginJar : add usart
2026-01-31 09:39:06,899 [INFO] IPUIPlugin:80 - create IPUIPlugin
2026-01-31 09:39:06,899 [INFO] PluginManager:220 - loadIPPluginJar : add cryp
2026-01-31 09:39:06,903 [INFO] IPUIPlugin:80 - create IPUIPlugin
2026-01-31 09:39:06,903 [INFO] PluginManager:220 - loadIPPluginJar : add i2s
2026-01-31 09:39:06,905 [INFO] IPUIPlugin:80 - create IPUIPlugin
2026-01-31 09:39:06,906 [INFO] PluginManager:220 - loadIPPluginJar : add ltdc
2026-01-31 09:39:06,909 [INFO] IPUIPlugin:80 - create IPUIPlugin
2026-01-31 09:39:06,909 [INFO] PluginManager:220 - loadIPPluginJar : add gfxmmu
2026-01-31 09:39:06,913 [INFO] IPUIPlugin:80 - create IPUIPlugin
2026-01-31 09:39:06,913 [INFO] PluginManager:220 - loadIPPluginJar : add dfsdm
2026-01-31 09:39:06,923 [INFO] IPUIPlugin:80 - create IPUIPlugin
2026-01-31 09:39:06,926 [INFO] PluginManager:220 - loadIPPluginJar : add plateformsettings
2026-01-31 09:39:06,931 [INFO] IPUIPlugin:80 - create IPUIPlugin
2026-01-31 09:39:06,932 [INFO] PluginManager:220 - loadIPPluginJar : add pdm2pcm
2026-01-31 09:39:06,940 [INFO] IPUIPlugin:80 - create IPUIPlugin
2026-01-31 09:39:06,940 [INFO] PluginManager:220 - loadIPPluginJar : add freertos
2026-01-31 09:39:06,943 [INFO] IPUIPlugin:80 - create IPUIPlugin
2026-01-31 09:39:06,943 [INFO] PluginManager:220 - loadIPPluginJar : add tim
2026-01-31 09:39:06,946 [INFO] IPUIPlugin:80 - create IPUIPlugin
2026-01-31 09:39:06,947 [INFO] PluginManager:220 - loadIPPluginJar : add ts
2026-01-31 09:39:06,950 [INFO] IPUIPlugin:80 - create IPUIPlugin
2026-01-31 09:39:06,950 [INFO] PluginManager:220 - loadIPPluginJar : add quadspi
2026-01-31 09:39:06,953 [INFO] IPUIPlugin:80 - create IPUIPlugin
2026-01-31 09:39:06,953 [INFO] PluginManager:220 - loadIPPluginJar : add comp
2026-01-31 09:39:06,960 [INFO] IPUIPlugin:80 - create IPUIPlugin
2026-01-31 09:39:06,960 [INFO] PluginManager:220 - loadIPPluginJar : add resmgrutility
2026-01-31 09:39:06,970 [INFO] IPUIPlugin:80 - create IPUIPlugin
2026-01-31 09:39:06,970 [INFO] PluginManager:220 - loadIPPluginJar : add mdma
2026-01-31 09:39:06,976 [INFO] IPUIPlugin:80 - create IPUIPlugin
2026-01-31 09:39:06,976 [INFO] PluginManager:220 - loadIPPluginJar : add gpio
2026-01-31 09:39:06,979 [INFO] IPUIPlugin:80 - create IPUIPlugin
2026-01-31 09:39:06,979 [INFO] PluginManager:220 - loadIPPluginJar : add tsc
2026-01-31 09:39:06,984 [INFO] IPUIPlugin:80 - create IPUIPlugin
2026-01-31 09:39:06,984 [INFO] PluginManager:220 - loadIPPluginJar : add extmemmanager
2026-01-31 09:39:06,989 [INFO] IPUIPlugin:80 - create IPUIPlugin
2026-01-31 09:39:06,990 [INFO] PluginManager:220 - loadIPPluginJar : add sai
2026-01-31 09:39:06,993 [INFO] IPUIPlugin:80 - create IPUIPlugin
2026-01-31 09:39:06,993 [INFO] PluginManager:220 - loadIPPluginJar : add i2c
2026-01-31 09:39:06,996 [INFO] IPUIPlugin:80 - create IPUIPlugin
2026-01-31 09:39:06,996 [INFO] PluginManager:220 - loadIPPluginJar : add ucpd
2026-01-31 09:39:06,999 [INFO] IPUIPlugin:80 - create IPUIPlugin
2026-01-31 09:39:07,000 [INFO] PluginManager:220 - loadIPPluginJar : add aes
2026-01-31 09:39:07,003 [INFO] IPUIPlugin:80 - create IPUIPlugin
2026-01-31 09:39:07,003 [INFO] PluginManager:220 - loadIPPluginJar : add tracer_emb
2026-01-31 09:39:07,007 [INFO] IPUIPlugin:80 - create IPUIPlugin
2026-01-31 09:39:07,008 [INFO] PluginManager:220 - loadIPPluginJar : add usbx
2026-01-31 09:39:07,012 [INFO] IPUIPlugin:80 - create IPUIPlugin
2026-01-31 09:39:07,012 [INFO] PluginManager:220 - loadIPPluginJar : add lorawan
2026-01-31 09:39:07,025 [INFO] IPUIPlugin:80 - create IPUIPlugin
2026-01-31 09:39:07,025 [INFO] PluginManager:220 - loadIPPluginJar : add linkedlist
2026-01-31 09:39:07,033 [INFO] IPUIPlugin:80 - create IPUIPlugin
2026-01-31 09:39:07,034 [INFO] PluginManager:220 - loadIPPluginJar : add fmc
2026-01-31 09:39:07,039 [INFO] IPUIPlugin:80 - create IPUIPlugin
2026-01-31 09:39:07,039 [INFO] PluginManager:220 - loadIPPluginJar : add opamp
2026-01-31 09:39:07,042 [INFO] IPUIPlugin:80 - create IPUIPlugin
2026-01-31 09:39:07,042 [INFO] PluginManager:220 - loadIPPluginJar : add genericplugin
2026-01-31 09:39:07,049 [INFO] IPUIPlugin:80 - create IPUIPlugin
2026-01-31 09:39:07,049 [INFO] PluginManager:220 - loadIPPluginJar : add nvic
2026-01-31 09:39:07,055 [INFO] IPUIPlugin:80 - create IPUIPlugin
2026-01-31 09:39:07,056 [INFO] PluginManager:220 - loadIPPluginJar : add ipddr
2026-01-31 09:39:07,061 [INFO] IPUIPlugin:80 - create IPUIPlugin
2026-01-31 09:39:07,061 [INFO] PluginManager:220 - loadIPPluginJar : add i3c
2026-01-31 09:39:07,065 [INFO] IPUIPlugin:80 - create IPUIPlugin
2026-01-31 09:39:07,065 [INFO] PluginManager:220 - loadIPPluginJar : add hash
2026-01-31 09:39:07,072 [INFO] IPUIPlugin:80 - create IPUIPlugin
2026-01-31 09:39:07,073 [INFO] PluginManager:220 - loadIPPluginJar : add gtzc
2026-01-31 09:39:07,078 [INFO] IPUIPlugin:80 - create IPUIPlugin
2026-01-31 09:39:07,081 [INFO] PluginManager:220 - loadIPPluginJar : add radio
2026-01-31 09:39:07,097 [INFO] IPUIPlugin:80 - create IPUIPlugin
2026-01-31 09:39:07,098 [INFO] PluginManager:220 - loadIPPluginJar : add gic
2026-01-31 09:39:07,115 [INFO] IPUIPlugin:80 - create IPUIPlugin
2026-01-31 09:39:07,115 [INFO] PluginManager:220 - loadIPPluginJar : add dma
2026-01-31 09:39:07,121 [INFO] IPUIPlugin:80 - create IPUIPlugin
2026-01-31 09:39:07,121 [INFO] PluginManager:220 - loadIPPluginJar : add can
2026-01-31 09:39:07,127 [INFO] IPUIPlugin:80 - create IPUIPlugin
2026-01-31 09:39:07,127 [INFO] PluginManager:220 - loadIPPluginJar : add openamp
2026-01-31 09:39:07,144 [INFO] IPUIPlugin:80 - create IPUIPlugin
2026-01-31 09:39:07,144 [INFO] PluginManager:220 - loadIPPluginJar : add stm32_wpan
2026-01-31 09:39:07,157 [INFO] IPUIPlugin:80 - create IPUIPlugin
2026-01-31 09:39:07,157 [INFO] PluginManager:220 - loadIPPluginJar : add adc
2026-01-31 09:39:07,301 [FATAL] Updater:351 - Updater called before beeing initialized
2026-01-31 09:39:07,363 [INFO] RulesReader:64 - Compatibility file has been processed (317 Rules)
2026-01-31 09:39:07,395 [INFO] RulesReader:64 - Compatibility file has been processed (317 Rules)
2026-01-31 09:39:07,411 [INFO] CADModel:165 - CPN selected for project level
2026-01-31 09:39:07,412 [INFO] CADModel:114 - Register for checkConnection events
2026-01-31 09:39:07,412 [FATAL] Updater:351 - Updater called before beeing initialized
2026-01-31 09:39:07,412 [ERROR] CADModel:125 - Updater not yet initialized, retry later 
2026-01-31 09:39:07,785 [FATAL] Updater:351 - Updater called before beeing initialized
2026-01-31 09:39:07,789 [INFO] CADModel:165 - CPN selected for project level
2026-01-31 09:39:07,790 [INFO] CADModel:114 - Register for checkConnection events
2026-01-31 09:39:07,790 [FATAL] Updater:351 - Updater called before beeing initialized
2026-01-31 09:39:07,790 [ERROR] CADModel:125 - Updater not yet initialized, retry later 
2026-01-31 09:39:07,801 [FATAL] Updater:351 - Updater called before beeing initialized
2026-01-31 09:39:08,080 [FATAL] Updater:351 - Updater called before beeing initialized
2026-01-31 09:39:08,087 [INFO] DbMcusAds:53 - JSON generation date=Thu Jan 08 10:56:59 PET 2026 (1767887819573)
2026-01-31 09:39:08,088 [FATAL] Updater:351 - Updater called before beeing initialized
2026-01-31 09:39:08,165 [WARN] DetailPanel:346 - Failed to get advertising image, set to default
2026-01-31 09:39:08,377 [FATAL] Updater:351 - Updater called before beeing initialized
2026-01-31 09:39:08,381 [FATAL] Updater:351 - Updater called before beeing initialized
2026-01-31 09:39:08,381 [FATAL] Updater:351 - Updater called before beeing initialized
2026-01-31 09:39:08,381 [WARN] DetailPanel:346 - Failed to get advertising image, set to default
2026-01-31 09:39:08,384 [FATAL] Updater:351 - Updater called before beeing initialized
2026-01-31 09:39:08,469 [ERROR] Updater:1198 - MainUpdater not yet initialized. External WinMGr cannot be set.
2026-01-31 09:39:08,474 [INFO] Updater:1134 - Updater Version found : 6.15.0
2026-01-31 09:39:08,513 [INFO] ApplicationProperties:184 - Using Application install path: /opt/st/stm32cubeide_1.18.1/../../../home/tecna-smart-lab/.eclipse/com.st.stm32cube.ide.mcu.rcp.product_1.18.1_139067097_linux_gtk_x86_64/plugins/com.st.stm32cube.common.mx_6.15.0.202507011659
2026-01-31 09:39:08,572 [INFO] ThirdPartyUpdaterWithRetryManager:70 - Updater plugin not ready yet. [2/15]
2026-01-31 09:39:09,075 [INFO] MainUpdater:2872 - connection check result : 22
2026-01-31 09:39:09,077 [INFO] MainUpdater:289 - Updater Check For Update Now.
2026-01-31 09:39:09,077 [INFO] MicroXplorer:498 - Change Database Version : DB.6.0.150
2026-01-31 09:39:09,095 [INFO] McuFinderGlobals:63 - Set McuFinder mode to 2 (CubeIDE integrated)
2026-01-31 09:39:09,097 [INFO] UserAuth:487 - Internet connection configuration mode: 2
2026-01-31 09:39:09,108 [INFO] UserAuth:487 - Internet connection configuration mode: 2
2026-01-31 09:39:09,501 [INFO] CheckServerUpdateThread:120 - End of CheckServer Thread
2026-01-31 09:39:12,704 [WARN] PackLoader:240 - Cannot read IP mode file for STMicroelectronics.FP-SNS-MOTENVWB1.1.4.0
2026-01-31 09:39:12,725 [WARN] PackLoader:240 - Cannot read IP mode file for STMicroelectronics.FP-ATR-ASTRA1.2.0.2
2026-01-31 09:39:12,747 [WARN] PackLoader:240 - Cannot read IP mode file for STMicroelectronics.X-CUBE-SMBUS.2.1.0
2026-01-31 09:39:12,762 [WARN] PackLoader:240 - Cannot read IP mode file for STMicroelectronics.X-CUBE-ST60.1.0.0
2026-01-31 09:39:12,891 [WARN] PackLoader:240 - Cannot read IP mode file for STMicroelectronics.X-CUBE-AZRTOS-F7.1.1.0
2026-01-31 09:39:12,912 [WARN] PackLoader:240 - Cannot read IP mode file for STMicroelectronics.FP-SNS-MOTENV1.5.1.0
2026-01-31 09:39:13,000 [WARN] PackLoader:240 - Cannot read IP mode file for Infineon.AIROC-Wi-Fi-Bluetooth-STM32.1.7.0
2026-01-31 09:39:13,602 [WARN] PackLoader:240 - Cannot read IP mode file for STMicroelectronics.X-CUBE-AZRTOS-H7.3.4.0
2026-01-31 09:39:13,627 [WARN] PackLoader:240 - Cannot read IP mode file for STMicroelectronics.X-CUBE-DISPLAY.3.0.0
2026-01-31 09:39:13,787 [WARN] PackLoader:240 - Cannot read IP mode file for STMicroelectronics.X-CUBE-NFC10.1.0.0
2026-01-31 09:39:13,904 [WARN] PackLoader:240 - Cannot read IP mode file for STMicroelectronics.X-CUBE-BLEMGR.4.0.0
2026-01-31 09:39:13,921 [WARN] PackLoader:240 - Cannot read IP mode file for STMicroelectronics.X-CUBE-ST60.1.1.0
2026-01-31 09:39:13,932 [WARN] PackLoader:240 - Cannot read IP mode file for emotas.I-CUBE-CANOPEN.1.3.0
2026-01-31 09:39:13,944 [WARN] PackLoader:240 - Cannot read IP mode file for STMicroelectronics.X-CUBE-GNSS1.7.1.0
2026-01-31 09:39:13,955 [WARN] ConditionMgr:438 - getConditionDescription Invalid condition id : Cortex-A Device cause : null
2026-01-31 09:39:13,969 [WARN] ConditionMgr:1044 - genDependencies : Invalid condition id : Cortex-A Device cause : null
2026-01-31 09:39:13,969 [WARN] ConditionMgr:1044 - genDependencies : Invalid condition id : Cortex-A Device cause : null
2026-01-31 09:39:13,969 [WARN] ConditionMgr:1044 - genDependencies : Invalid condition id : Cortex-A Device cause : null
2026-01-31 09:39:13,977 [WARN] PackLoader:240 - Cannot read IP mode file for STMicroelectronics.X-CUBE-AI.10.0.0
2026-01-31 09:39:13,994 [WARN] PackLoader:240 - Cannot read IP mode file for STMicroelectronics.FP-SNS-STBOX1.2.1.0
2026-01-31 09:39:14,011 [WARN] PackLoader:240 - Cannot read IP mode file for STMicroelectronics.FP-SNS-SMARTAG2.1.2.0
2026-01-31 09:39:14,020 [WARN] PackLoader:240 - Cannot read IP mode file for STMicroelectronics.FP-SNS-FLIGHT1.5.1.0
2026-01-31 09:39:14,059 [INFO] LogOutputStream:77 - [STDOUT_REDIRECT] 1 : Invalid condition id : UX_CORESTACK_Condition cause : null
2026-01-31 09:39:14,061 [INFO] LogOutputStream:77 - [STDOUT_REDIRECT] 1 : Invalid condition id : UX_CORESTACK_Condition cause : null
2026-01-31 09:39:14,062 [INFO] LogOutputStream:77 - [STDOUT_REDIRECT] 1 : Invalid condition id : UX_CORESTACK_Condition cause : null
2026-01-31 09:39:14,064 [INFO] LogOutputStream:77 - [STDOUT_REDIRECT] 1 : Invalid condition id : UX_CORESTACK_Condition cause : null
2026-01-31 09:39:14,064 [INFO] LogOutputStream:77 - [STDOUT_REDIRECT] 1 : Invalid condition id : UX_CORESTACK_Condition cause : null
2026-01-31 09:39:14,070 [WARN] PackLoader:240 - Cannot read IP mode file for STMicroelectronics.X-CUBE-AZRTOS-WL.2.0.0
2026-01-31 09:39:14,083 [WARN] PackLoader:240 - Cannot read IP mode file for STMicroelectronics.FP-SNS-MOTENV1.5.0.0
2026-01-31 09:39:14,163 [WARN] PackLoader:240 - Cannot read IP mode file for STMicroelectronics.X-CUBE-AZRTOS-H7RS.1.2.0
2026-01-31 09:39:14,176 [WARN] PackLoader:240 - Cannot read IP mode file for WES.I-CUBE-Cesium.1.3.0
2026-01-31 09:39:14,184 [WARN] PackLoader:240 - Cannot read IP mode file for STMicroelectronics.X-CUBE-BLE2.3.3.0
2026-01-31 09:39:14,214 [WARN] PackLoader:240 - Cannot read IP mode file for STMicroelectronics.X-CUBE-NFC9.1.0.0
2026-01-31 09:39:14,284 [WARN] PackLoader:240 - Cannot read IP mode file for STMicroelectronics.X-CUBE-BLE1.7.1.0
2026-01-31 09:39:14,289 [WARN] PackLoader:240 - Cannot read IP mode file for wolfSSL.I-CUBE-wolfMQTT.1.19.2
2026-01-31 09:39:14,297 [WARN] PackLoader:240 - Cannot read IP mode file for STMicroelectronics.X-CUBE-FREERTOS.1.4.0
2026-01-31 09:39:14,309 [WARN] PackLoader:240 - Cannot read IP mode file for STMicroelectronics.X-CUBE-EEPRMA1.5.2.0
2026-01-31 09:39:14,380 [WARN] PackLoader:240 - Cannot read IP mode file for STMicroelectronics.X-CUBE-ST67W61.1.1.0
2026-01-31 09:39:14,390 [WARN] PackLoader:240 - Cannot read IP mode file for STMicroelectronics.X-CUBE-AI.10.1.0
2026-01-31 09:39:14,464 [WARN] PackLoader:240 - Cannot read IP mode file for STMicroelectronics.X-CUBE-MEMS1.12.0.0
2026-01-31 09:39:14,678 [WARN] PackLoader:240 - Cannot read IP mode file for STMicroelectronics.X-CUBE-MEMS1.11.2.0
2026-01-31 09:39:15,022 [WARN] PackLoader:240 - Cannot read IP mode file for STMicroelectronics.X-CUBE-AZRTOS-G0.1.1.0
2026-01-31 09:39:15,036 [WARN] PackLoader:240 - Cannot read IP mode file for STMicroelectronics.X-CUBE-SAFEA1.1.2.2
2026-01-31 09:39:15,048 [WARN] PackLoader:240 - Cannot read IP mode file for STMicroelectronics.X-CUBE-NFC4.3.0.0
2026-01-31 09:39:15,115 [WARN] PackLoader:240 - Cannot read IP mode file for EmbeddedOffice.I-CUBE-FS-RTOS.1.0.1
2026-01-31 09:39:15,128 [WARN] PackLoader:240 - Cannot read IP mode file for STMicroelectronics.X-CUBE-WB05N.2.0.0
2026-01-31 09:39:15,139 [WARN] PackLoader:240 - Cannot read IP mode file for wolfSSL.I-CUBE-wolfTPM.3.8.0
2026-01-31 09:39:15,151 [WARN] PackLoader:240 - Cannot read IP mode file for STMicroelectronics.X-CUBE-TCPP.4.2.0
2026-01-31 09:39:15,163 [WARN] PackLoader:240 - Cannot read IP mode file for RealThread.X-CUBE-RT-Thread_Nano.4.1.1
2026-01-31 09:39:15,213 [WARN] PackLoader:240 - Cannot read IP mode file for STMicroelectronics.FP-ATR-SIGFOX1.3.2.0
2026-01-31 09:39:15,224 [WARN] PackLoader:240 - Cannot read IP mode file for STMicroelectronics.X-CUBE-EEPRMA1.5.1.0
2026-01-31 09:39:15,234 [WARN] PackLoader:240 - Cannot read IP mode file for wolfSSL.I-CUBE-wolfSSL.5.7.6
2026-01-31 09:39:15,244 [WARN] PackLoader:240 - Cannot read IP mode file for ITTIA_DB.I-CUBE-ITTIADB.8.9.0
2026-01-31 09:39:15,259 [WARN] PackLoader:240 - Cannot read IP mode file for STMicroelectronics.X-CUBE-NFC6.3.2.0
2026-01-31 09:39:15,274 [WARN] PackLoader:240 - Cannot read IP mode file for STMicroelectronics.X-CUBE-ST67W61.1.0.0
2026-01-31 09:39:15,281 [WARN] PackLoader:240 - Cannot read IP mode file for STMicroelectronics.X-CUBE-AI.10.2.0
2026-01-31 09:39:15,321 [WARN] PackLoader:240 - Cannot read IP mode file for SEGGER.I-CUBE-embOS.1.3.1
2026-01-31 09:39:15,367 [WARN] PackLoader:240 - Cannot read IP mode file for STMicroelectronics.X-CUBE-ALGOBUILD.1.4.0
2026-01-31 09:39:15,431 [WARN] PackLoader:240 - Cannot read IP mode file for STMicroelectronics.X-CUBE-MEMS1.11.3.0
2026-01-31 09:39:15,535 [WARN] PackLoader:240 - Cannot read IP mode file for STMicroelectronics.X-CUBE-PM33A1.1.0.0
2026-01-31 09:39:15,571 [WARN] PackLoader:240 - Cannot read IP mode file for STMicroelectronics.X-CUBE-AZRTOS-F4.1.1.0
2026-01-31 09:39:16,156 [WARN] PackLoader:240 - Cannot read IP mode file for Avnet-IotConnect.X-CUBE-IoTC-DA16k-PMOD.1.0.0
2026-01-31 09:39:16,162 [WARN] PackLoader:240 - Cannot read IP mode file for STMicroelectronics.X-CUBE-ISPU.2.1.0
2026-01-31 09:39:16,181 [WARN] PackLoader:240 - Cannot read IP mode file for STMicroelectronics.X-CUBE-IPS.3.2.0
2026-01-31 09:39:16,206 [WARN] PackLoader:240 - Cannot read IP mode file for STMicroelectronics.X-CUBE-NFC12.1.0.0
2026-01-31 09:39:16,334 [WARN] PackLoader:240 - Cannot read IP mode file for STMicroelectronics.X-CUBE-AZRTOS-L5.2.0.0
2026-01-31 09:39:16,353 [WARN] PackLoader:240 - Cannot read IP mode file for STMicroelectronics.X-CUBE-NFC6.3.1.0
2026-01-31 09:39:16,430 [WARN] PackLoader:240 - Cannot read IP mode file for STMicroelectronics.X-CUBE-FREERTOS.1.3.1
2026-01-31 09:39:16,529 [WARN] PackLoader:240 - Cannot read IP mode file for STMicroelectronics.X-CUBE-FREERTOS.1.3.0
2026-01-31 09:39:16,628 [WARN] PackLoader:240 - Cannot read IP mode file for STMicroelectronics.X-CUBE-NFC7.1.0.1
2026-01-31 09:39:16,638 [WARN] PackLoader:240 - Cannot read IP mode file for STMicroelectronics.X-CUBE-TOUCHGFX.4.26.0
2026-01-31 09:39:16,650 [WARN] PackLoader:240 - Cannot read IP mode file for STMicroelectronics.FP-SNS-STAIOTCFT.1.0.0
2026-01-31 09:39:16,661 [WARN] PackLoader:240 - Cannot read IP mode file for STMicroelectronics.X-CUBE-DPower.1.3.0
2026-01-31 09:39:16,727 [WARN] ConditionMgr:438 - getConditionDescription Invalid condition id : LAN8742 Phy interface Condition cause : null
2026-01-31 09:39:16,729 [WARN] PackLoader:240 - Cannot read IP mode file for STMicroelectronics.X-CUBE-AZRTOS-L4.2.0.0
2026-01-31 09:39:16,732 [WARN] ConditionMgr:1044 - genDependencies : Invalid condition id : LAN8742 Phy interface Condition cause : null
2026-01-31 09:39:16,733 [WARN] ConditionMgr:1044 - genDependencies : Invalid condition id : LAN8742 Phy interface Condition cause : null
2026-01-31 09:39:16,734 [WARN] ConditionMgr:1044 - genDependencies : Invalid condition id : LAN8742 Phy interface Condition cause : null
2026-01-31 09:39:16,753 [WARN] PackLoader:240 - Cannot read IP mode file for STMicroelectronics.X-CUBE-SFXS2LP1.4.0.0
2026-01-31 09:39:16,771 [WARN] PackLoader:240 - Cannot read IP mode file for STMicroelectronics.X-CUBE-ST67W61.1.2.0
2026-01-31 09:39:16,873 [WARN] PackLoader:240 - Cannot read IP mode file for STMicroelectronics.X-CUBE-AZRTOS-H7.3.3.0
2026-01-31 09:39:17,691 [WARN] PackLoader:240 - Cannot read IP mode file for STMicroelectronics.X-CUBE-BLEMGR.4.1.0
2026-01-31 09:39:17,733 [WARN] ConditionMgr:438 - getConditionDescription Invalid condition id : UX DEVICE CLASS RTOS Condition cause : null
2026-01-31 09:39:17,734 [WARN] ConditionMgr:438 - getConditionDescription Invalid condition id : UX DEVICE CLASS RTOS Condition cause : null
2026-01-31 09:39:17,737 [WARN] PackLoader:240 - Cannot read IP mode file for STMicroelectronics.X-CUBE-AZRTOS-WB.2.0.0
2026-01-31 09:39:17,738 [WARN] ConditionMgr:1044 - genDependencies : Invalid condition id : UX DEVICE CLASS RTOS Condition cause : null
2026-01-31 09:39:17,738 [WARN] ConditionMgr:1044 - genDependencies : Invalid condition id : UX DEVICE CLASS RTOS Condition cause : null
2026-01-31 09:39:17,739 [WARN] ConditionMgr:1044 - genDependencies : Invalid condition id : UX DEVICE CLASS RTOS Condition cause : null
2026-01-31 09:39:17,739 [WARN] ConditionMgr:1044 - genDependencies : Invalid condition id : UX DEVICE CLASS RTOS Condition cause : null
2026-01-31 09:39:17,739 [WARN] ConditionMgr:1044 - genDependencies : Invalid condition id : UX DEVICE CLASS RTOS Condition cause : null
2026-01-31 09:39:17,745 [WARN] ConditionMgr:438 - getConditionDescription Invalid condition id : UX DEVICE CLASS RTOS Condition cause : null
2026-01-31 09:39:17,746 [WARN] ConditionMgr:438 - getConditionDescription Invalid condition id : UX DEVICE CLASS RTOS Condition cause : null
2026-01-31 09:39:18,303 [WARN] PackLoader:240 - Cannot read IP mode file for STMicroelectronics.X-CUBE-GNSS1.7.0.1
2026-01-31 09:39:18,368 [WARN] PackLoader:240 - Cannot read IP mode file for STMicroelectronics.X-CUBE-TOUCHGFX.4.25.0
2026-01-31 09:39:18,380 [WARN] PackLoader:240 - Cannot read IP mode file for STMicroelectronics.FP-SNS-STBOX1.2.0.0
2026-01-31 09:39:18,401 [WARN] PackLoader:240 - Cannot read IP mode file for STMicroelectronics.X-CUBE-STSE01.2.0.0
2026-01-31 09:39:18,428 [WARN] PackLoader:240 - Cannot read IP mode file for STMicroelectronics.X-CUBE-SUBG2.5.0.0
2026-01-31 09:39:18,486 [WARN] PackLoader:240 - Cannot read IP mode file for STMicroelectronics.X-CUBE-AZRTOS-H7RS.1.1.0
2026-01-31 09:39:18,498 [WARN] PackLoader:240 - Cannot read IP mode file for Cesanta.I-CUBE-Mongoose.7.13.0
2026-01-31 09:39:18,557 [WARN] PackLoader:240 - Cannot read IP mode file for STMicroelectronics.X-CUBE-AZRTOS-G4.2.0.0
2026-01-31 09:39:18,874 [WARN] PackLoader:240 - Cannot read IP mode file for wolfSSL.I-CUBE-wolfSSH.1.4.20
2026-01-31 09:39:18,881 [WARN] PackLoader:240 - Cannot read IP mode file for STMicroelectronics.X-CUBE-NFC7.2.0.0
2026-01-31 09:39:18,921 [WARN] PackLoader:240 - Cannot read IP mode file for STMicroelectronics.X-CUBE-IPS.3.1.0
2026-01-31 09:39:18,928 [WARN] PackLoader:240 - Cannot read IP mode file for STMicroelectronics.X-CUBE-ALS.1.0.2
2026-01-31 09:39:18,937 [WARN] PackLoader:240 - Cannot read IP mode file for STMicroelectronics.X-CUBE-STSE01.1.0.0
2026-01-31 09:39:18,945 [WARN] PackLoader:240 - Cannot read IP mode file for portGmbH.I-Cube-SoM-uGOAL.1.1.0
2026-01-31 09:39:18,985 [WARN] PackLoader:240 - Cannot read IP mode file for STMicroelectronics.X-CUBE-TOF1.3.4.3
2026-01-31 09:39:19,005 [INFO] ThirdParty:978 - Integrity check success = true
2026-01-31 09:39:19,005 [INFO] IntegrityCheckThread:100 - exiting critical section [integrity check]
2026-01-31 09:39:19,005 [INFO] IntegrityCheckThread:103 - End integrity checks thread
2026-01-31 11:17:27,568 [ERROR] LogOutputStream:75 - [STDERR_REDIRECT] Jan 31, 2026 11:17:27 AM org.eclipse.lsp4j.jsonrpc.services.GenericEndpoint notify
2026-01-31 11:17:27,570 [ERROR] LogOutputStream:75 - [STDERR_REDIRECT] WARNING: Unsupported notification method: statusNotification
2026-01-31 11:17:27,570 [ERROR] LogOutputStream:75 - [STDERR_REDIRECT] 
2026-01-31 11:17:27,572 [ERROR] LogOutputStream:75 - [STDERR_REDIRECT] Jan 31, 2026 11:17:27 AM org.eclipse.lsp4j.jsonrpc.services.GenericEndpoint notify
2026-01-31 11:17:27,574 [ERROR] LogOutputStream:75 - [STDERR_REDIRECT] WARNING: Unsupported notification method: didChangeStatus
2026-01-31 11:17:27,574 [ERROR] LogOutputStream:75 - [STDERR_REDIRECT] 
2026-01-31 11:17:27,585 [ERROR] LogOutputStream:75 - [STDERR_REDIRECT] Jan 31, 2026 11:17:27 AM org.eclipse.lsp4j.jsonrpc.services.GenericEndpoint notify
2026-01-31 11:17:27,586 [ERROR] LogOutputStream:75 - [STDERR_REDIRECT] WARNING: Unsupported notification method: conversation/preconditionsNotification
2026-01-31 11:17:27,587 [ERROR] LogOutputStream:75 - [STDERR_REDIRECT] 
2026-01-31 11:17:28,507 [ERROR] LogOutputStream:75 - [STDERR_REDIRECT] Jan 31, 2026 11:17:28 AM org.eclipse.lsp4j.jsonrpc.services.GenericEndpoint notify
2026-01-31 11:17:28,508 [ERROR] LogOutputStream:75 - [STDERR_REDIRECT] WARNING: Unsupported notification method: statusNotification
2026-01-31 11:17:28,509 [ERROR] LogOutputStream:75 - [STDERR_REDIRECT] 
2026-01-31 11:17:28,510 [ERROR] LogOutputStream:75 - [STDERR_REDIRECT] Jan 31, 2026 11:17:28 AM org.eclipse.lsp4j.jsonrpc.services.GenericEndpoint notify
2026-01-31 11:17:28,511 [ERROR] LogOutputStream:75 - [STDERR_REDIRECT] WARNING: Unsupported notification method: didChangeStatus
2026-01-31 11:17:28,511 [ERROR] LogOutputStream:75 - [STDERR_REDIRECT] 
2026-01-31 11:17:30,287 [ERROR] LogOutputStream:75 - [STDERR_REDIRECT] Jan 31, 2026 11:17:30 AM org.eclipse.lsp4j.jsonrpc.services.GenericEndpoint notify
2026-01-31 11:17:30,287 [ERROR] LogOutputStream:75 - [STDERR_REDIRECT] WARNING: Unsupported notification method: statusNotification
2026-01-31 11:17:30,288 [ERROR] LogOutputStream:75 - [STDERR_REDIRECT] 
2026-01-31 11:17:30,289 [ERROR] LogOutputStream:75 - [STDERR_REDIRECT] Jan 31, 2026 11:17:30 AM org.eclipse.lsp4j.jsonrpc.services.GenericEndpoint notify
2026-01-31 11:17:30,289 [ERROR] LogOutputStream:75 - [STDERR_REDIRECT] WARNING: Unsupported notification method: didChangeStatus
2026-01-31 11:17:30,290 [ERROR] LogOutputStream:75 - [STDERR_REDIRECT] 
2026-01-31 11:17:30,341 [ERROR] LogOutputStream:75 - [STDERR_REDIRECT] Jan 31, 2026 11:17:30 AM org.eclipse.lsp4j.jsonrpc.services.GenericEndpoint notify
2026-01-31 11:17:30,342 [ERROR] LogOutputStream:75 - [STDERR_REDIRECT] WARNING: Unsupported notification method: statusNotification
2026-01-31 11:17:30,342 [ERROR] LogOutputStream:75 - [STDERR_REDIRECT] 
2026-01-31 11:17:30,344 [ERROR] LogOutputStream:75 - [STDERR_REDIRECT] Jan 31, 2026 11:17:30 AM org.eclipse.lsp4j.jsonrpc.services.GenericEndpoint notify
2026-01-31 11:17:30,344 [ERROR] LogOutputStream:75 - [STDERR_REDIRECT] WARNING: Unsupported notification method: didChangeStatus
2026-01-31 11:17:30,345 [ERROR] LogOutputStream:75 - [STDERR_REDIRECT] 
2026-01-31 11:17:30,853 [ERROR] LogOutputStream:75 - [STDERR_REDIRECT] Jan 31, 2026 11:17:30 AM org.eclipse.lsp4j.jsonrpc.services.GenericEndpoint notify
2026-01-31 11:17:30,853 [ERROR] LogOutputStream:75 - [STDERR_REDIRECT] WARNING: Unsupported notification method: statusNotification
2026-01-31 11:17:30,854 [ERROR] LogOutputStream:75 - [STDERR_REDIRECT] 
2026-01-31 11:17:30,855 [ERROR] LogOutputStream:75 - [STDERR_REDIRECT] Jan 31, 2026 11:17:30 AM org.eclipse.lsp4j.jsonrpc.services.GenericEndpoint notify
2026-01-31 11:17:30,855 [ERROR] LogOutputStream:75 - [STDERR_REDIRECT] WARNING: Unsupported notification method: didChangeStatus
2026-01-31 11:17:30,855 [ERROR] LogOutputStream:75 - [STDERR_REDIRECT] 
2026-01-31 11:17:30,920 [ERROR] LogOutputStream:75 - [STDERR_REDIRECT] Jan 31, 2026 11:17:30 AM org.eclipse.lsp4j.jsonrpc.services.GenericEndpoint notify
2026-01-31 11:17:30,922 [ERROR] LogOutputStream:75 - [STDERR_REDIRECT] WARNING: Unsupported notification method: statusNotification
2026-01-31 11:17:30,923 [ERROR] LogOutputStream:75 - [STDERR_REDIRECT] 
2026-01-31 11:17:30,924 [ERROR] LogOutputStream:75 - [STDERR_REDIRECT] Jan 31, 2026 11:17:30 AM org.eclipse.lsp4j.jsonrpc.services.GenericEndpoint notify
2026-01-31 11:17:30,924 [ERROR] LogOutputStream:75 - [STDERR_REDIRECT] WARNING: Unsupported notification method: didChangeStatus
2026-01-31 11:17:30,925 [ERROR] LogOutputStream:75 - [STDERR_REDIRECT] 
2026-01-31 11:17:31,394 [ERROR] LogOutputStream:75 - [STDERR_REDIRECT] Jan 31, 2026 11:17:31 AM org.eclipse.lsp4j.jsonrpc.services.GenericEndpoint notify
2026-01-31 11:17:31,395 [ERROR] LogOutputStream:75 - [STDERR_REDIRECT] WARNING: Unsupported notification method: statusNotification
2026-01-31 11:17:31,396 [ERROR] LogOutputStream:75 - [STDERR_REDIRECT] 
2026-01-31 11:17:31,397 [ERROR] LogOutputStream:75 - [STDERR_REDIRECT] Jan 31, 2026 11:17:31 AM org.eclipse.lsp4j.jsonrpc.services.GenericEndpoint notify
2026-01-31 11:17:31,397 [ERROR] LogOutputStream:75 - [STDERR_REDIRECT] WARNING: Unsupported notification method: didChangeStatus
2026-01-31 11:17:31,398 [ERROR] LogOutputStream:75 - [STDERR_REDIRECT] 
2026-01-31 11:20:36,365 [ERROR] LogOutputStream:75 - [STDERR_REDIRECT] Jan 31, 2026 11:20:36 AM org.eclipse.lsp4j.jsonrpc.services.GenericEndpoint notify
2026-01-31 11:20:36,365 [ERROR] LogOutputStream:75 - [STDERR_REDIRECT] WARNING: Unsupported notification method: statusNotification
2026-01-31 11:20:36,365 [ERROR] LogOutputStream:75 - [STDERR_REDIRECT] 
2026-01-31 11:20:36,366 [ERROR] LogOutputStream:75 - [STDERR_REDIRECT] Jan 31, 2026 11:20:36 AM org.eclipse.lsp4j.jsonrpc.services.GenericEndpoint notify
2026-01-31 11:20:36,366 [ERROR] LogOutputStream:75 - [STDERR_REDIRECT] WARNING: Unsupported notification method: didChangeStatus
2026-01-31 11:20:36,366 [ERROR] LogOutputStream:75 - [STDERR_REDIRECT] 
2026-01-31 11:20:36,550 [ERROR] LogOutputStream:75 - [STDERR_REDIRECT] Jan 31, 2026 11:20:36 AM org.eclipse.lsp4j.jsonrpc.services.GenericEndpoint notify
2026-01-31 11:20:36,550 [ERROR] LogOutputStream:75 - [STDERR_REDIRECT] WARNING: Unsupported notification method: statusNotification
2026-01-31 11:20:36,550 [ERROR] LogOutputStream:75 - [STDERR_REDIRECT] 
2026-01-31 11:20:36,551 [ERROR] LogOutputStream:75 - [STDERR_REDIRECT] Jan 31, 2026 11:20:36 AM org.eclipse.lsp4j.jsonrpc.services.GenericEndpoint notify
2026-01-31 11:20:36,551 [ERROR] LogOutputStream:75 - [STDERR_REDIRECT] WARNING: Unsupported notification method: didChangeStatus
2026-01-31 11:20:36,551 [ERROR] LogOutputStream:75 - [STDERR_REDIRECT] 
2026-01-31 11:20:36,569 [ERROR] LogOutputStream:75 - [STDERR_REDIRECT] Jan 31, 2026 11:20:36 AM org.eclipse.lsp4j.jsonrpc.services.GenericEndpoint notify
2026-01-31 11:20:36,570 [ERROR] LogOutputStream:75 - [STDERR_REDIRECT] WARNING: Unsupported notification method: statusNotification
2026-01-31 11:20:36,570 [ERROR] LogOutputStream:75 - [STDERR_REDIRECT] 
2026-01-31 11:20:36,571 [ERROR] LogOutputStream:75 - [STDERR_REDIRECT] Jan 31, 2026 11:20:36 AM org.eclipse.lsp4j.jsonrpc.services.GenericEndpoint notify
2026-01-31 11:20:36,572 [ERROR] LogOutputStream:75 - [STDERR_REDIRECT] WARNING: Unsupported notification method: didChangeStatus
2026-01-31 11:20:36,572 [ERROR] LogOutputStream:75 - [STDERR_REDIRECT] 
2026-01-31 11:20:37,797 [ERROR] LogOutputStream:75 - [STDERR_REDIRECT] Jan 31, 2026 11:20:37 AM org.eclipse.lsp4j.jsonrpc.services.GenericEndpoint notify
2026-01-31 11:20:37,797 [ERROR] LogOutputStream:75 - [STDERR_REDIRECT] WARNING: Unsupported notification method: statusNotification
2026-01-31 11:20:37,798 [ERROR] LogOutputStream:75 - [STDERR_REDIRECT] 
2026-01-31 11:20:37,799 [ERROR] LogOutputStream:75 - [STDERR_REDIRECT] Jan 31, 2026 11:20:37 AM org.eclipse.lsp4j.jsonrpc.services.GenericEndpoint notify
2026-01-31 11:20:37,800 [ERROR] LogOutputStream:75 - [STDERR_REDIRECT] WARNING: Unsupported notification method: didChangeStatus
2026-01-31 11:20:37,800 [ERROR] LogOutputStream:75 - [STDERR_REDIRECT] 
2026-01-31 11:20:37,838 [ERROR] LogOutputStream:75 - [STDERR_REDIRECT] Jan 31, 2026 11:20:37 AM org.eclipse.lsp4j.jsonrpc.services.GenericEndpoint notify
2026-01-31 11:20:37,838 [ERROR] LogOutputStream:75 - [STDERR_REDIRECT] WARNING: Unsupported notification method: statusNotification
2026-01-31 11:20:37,838 [ERROR] LogOutputStream:75 - [STDERR_REDIRECT] 
2026-01-31 11:20:37,839 [ERROR] LogOutputStream:75 - [STDERR_REDIRECT] Jan 31, 2026 11:20:37 AM org.eclipse.lsp4j.jsonrpc.services.GenericEndpoint notify
2026-01-31 11:20:37,839 [ERROR] LogOutputStream:75 - [STDERR_REDIRECT] WARNING: Unsupported notification method: didChangeStatus
2026-01-31 11:20:37,839 [ERROR] LogOutputStream:75 - [STDERR_REDIRECT] 
2026-01-31 11:20:38,332 [ERROR] LogOutputStream:75 - [STDERR_REDIRECT] Jan 31, 2026 11:20:38 AM org.eclipse.lsp4j.jsonrpc.services.GenericEndpoint notify
2026-01-31 11:20:38,332 [ERROR] LogOutputStream:75 - [STDERR_REDIRECT] WARNING: Unsupported notification method: statusNotification
2026-01-31 11:20:38,332 [ERROR] LogOutputStream:75 - [STDERR_REDIRECT] 
2026-01-31 11:20:38,333 [ERROR] LogOutputStream:75 - [STDERR_REDIRECT] Jan 31, 2026 11:20:38 AM org.eclipse.lsp4j.jsonrpc.services.GenericEndpoint notify
2026-01-31 11:20:38,333 [ERROR] LogOutputStream:75 - [STDERR_REDIRECT] WARNING: Unsupported notification method: didChangeStatus
2026-01-31 11:20:38,333 [ERROR] LogOutputStream:75 - [STDERR_REDIRECT] 
2026-01-31 11:22:10,174 [ERROR] LogOutputStream:75 - [STDERR_REDIRECT] Jan 31, 2026 11:22:10 AM org.eclipse.lsp4j.jsonrpc.services.GenericEndpoint notify
2026-01-31 11:22:10,175 [ERROR] LogOutputStream:75 - [STDERR_REDIRECT] WARNING: Unsupported notification method: statusNotification
2026-01-31 11:22:10,175 [ERROR] LogOutputStream:75 - [STDERR_REDIRECT] 
2026-01-31 11:22:10,179 [ERROR] LogOutputStream:75 - [STDERR_REDIRECT] Jan 31, 2026 11:22:10 AM org.eclipse.lsp4j.jsonrpc.services.GenericEndpoint notify
2026-01-31 11:22:10,180 [ERROR] LogOutputStream:75 - [STDERR_REDIRECT] WARNING: Unsupported notification method: didChangeStatus
2026-01-31 11:22:10,181 [ERROR] LogOutputStream:75 - [STDERR_REDIRECT] 
2026-01-31 11:22:10,974 [ERROR] LogOutputStream:75 - [STDERR_REDIRECT] Jan 31, 2026 11:22:10 AM org.eclipse.lsp4j.jsonrpc.services.GenericEndpoint notify
2026-01-31 11:22:10,975 [ERROR] LogOutputStream:75 - [STDERR_REDIRECT] WARNING: Unsupported notification method: statusNotification
2026-01-31 11:22:10,975 [ERROR] LogOutputStream:75 - [STDERR_REDIRECT] 
2026-01-31 11:22:10,977 [ERROR] LogOutputStream:75 - [STDERR_REDIRECT] Jan 31, 2026 11:22:10 AM org.eclipse.lsp4j.jsonrpc.services.GenericEndpoint notify
2026-01-31 11:22:10,977 [ERROR] LogOutputStream:75 - [STDERR_REDIRECT] WARNING: Unsupported notification method: didChangeStatus
2026-01-31 11:22:10,978 [ERROR] LogOutputStream:75 - [STDERR_REDIRECT] 
2026-01-31 11:23:15,709 [ERROR] LogOutputStream:75 - [STDERR_REDIRECT] Jan 31, 2026 11:23:15 AM org.eclipse.lsp4j.jsonrpc.services.GenericEndpoint notify
2026-01-31 11:23:15,709 [ERROR] LogOutputStream:75 - [STDERR_REDIRECT] WARNING: Unsupported notification method: statusNotification
2026-01-31 11:23:15,710 [ERROR] LogOutputStream:75 - [STDERR_REDIRECT] 
2026-01-31 11:23:15,711 [ERROR] LogOutputStream:75 - [STDERR_REDIRECT] Jan 31, 2026 11:23:15 AM org.eclipse.lsp4j.jsonrpc.services.GenericEndpoint notify
2026-01-31 11:23:15,711 [ERROR] LogOutputStream:75 - [STDERR_REDIRECT] WARNING: Unsupported notification method: didChangeStatus
2026-01-31 11:23:15,711 [ERROR] LogOutputStream:75 - [STDERR_REDIRECT] 
2026-01-31 11:23:16,860 [ERROR] LogOutputStream:75 - [STDERR_REDIRECT] Jan 31, 2026 11:23:16 AM org.eclipse.lsp4j.jsonrpc.services.GenericEndpoint notify
2026-01-31 11:23:16,860 [ERROR] LogOutputStream:75 - [STDERR_REDIRECT] WARNING: Unsupported notification method: statusNotification
2026-01-31 11:23:16,860 [ERROR] LogOutputStream:75 - [STDERR_REDIRECT] 
2026-01-31 11:23:16,861 [ERROR] LogOutputStream:75 - [STDERR_REDIRECT] Jan 31, 2026 11:23:16 AM org.eclipse.lsp4j.jsonrpc.services.GenericEndpoint notify
2026-01-31 11:23:16,862 [ERROR] LogOutputStream:75 - [STDERR_REDIRECT] WARNING: Unsupported notification method: didChangeStatus
2026-01-31 11:23:16,862 [ERROR] LogOutputStream:75 - [STDERR_REDIRECT] 
2026-01-31 11:23:16,895 [ERROR] LogOutputStream:75 - [STDERR_REDIRECT] Jan 31, 2026 11:23:16 AM org.eclipse.lsp4j.jsonrpc.services.GenericEndpoint notify
2026-01-31 11:23:16,896 [ERROR] LogOutputStream:75 - [STDERR_REDIRECT] WARNING: Unsupported notification method: statusNotification
2026-01-31 11:23:16,896 [ERROR] LogOutputStream:75 - [STDERR_REDIRECT] 
2026-01-31 11:23:16,897 [ERROR] LogOutputStream:75 - [STDERR_REDIRECT] Jan 31, 2026 11:23:16 AM org.eclipse.lsp4j.jsonrpc.services.GenericEndpoint notify
2026-01-31 11:23:16,897 [ERROR] LogOutputStream:75 - [STDERR_REDIRECT] WARNING: Unsupported notification method: didChangeStatus
2026-01-31 11:23:16,897 [ERROR] LogOutputStream:75 - [STDERR_REDIRECT] 
2026-01-31 11:23:17,459 [ERROR] LogOutputStream:75 - [STDERR_REDIRECT] Jan 31, 2026 11:23:17 AM org.eclipse.lsp4j.jsonrpc.services.GenericEndpoint notify
2026-01-31 11:23:17,460 [ERROR] LogOutputStream:75 - [STDERR_REDIRECT] WARNING: Unsupported notification method: statusNotification
2026-01-31 11:23:17,460 [ERROR] LogOutputStream:75 - [STDERR_REDIRECT] 
2026-01-31 11:23:17,461 [ERROR] LogOutputStream:75 - [STDERR_REDIRECT] Jan 31, 2026 11:23:17 AM org.eclipse.lsp4j.jsonrpc.services.GenericEndpoint notify
2026-01-31 11:23:17,461 [ERROR] LogOutputStream:75 - [STDERR_REDIRECT] WARNING: Unsupported notification method: didChangeStatus
2026-01-31 11:23:17,461 [ERROR] LogOutputStream:75 - [STDERR_REDIRECT] 
2026-01-31 11:23:24,093 [ERROR] LogOutputStream:75 - [STDERR_REDIRECT] Jan 31, 2026 11:23:24 AM org.eclipse.lsp4j.jsonrpc.services.GenericEndpoint notify
2026-01-31 11:23:24,093 [ERROR] LogOutputStream:75 - [STDERR_REDIRECT] WARNING: Unsupported notification method: statusNotification
2026-01-31 11:23:24,094 [ERROR] LogOutputStream:75 - [STDERR_REDIRECT] 
2026-01-31 11:23:24,095 [ERROR] LogOutputStream:75 - [STDERR_REDIRECT] Jan 31, 2026 11:23:24 AM org.eclipse.lsp4j.jsonrpc.services.GenericEndpoint notify
2026-01-31 11:23:24,095 [ERROR] LogOutputStream:75 - [STDERR_REDIRECT] WARNING: Unsupported notification method: didChangeStatus
2026-01-31 11:23:24,095 [ERROR] LogOutputStream:75 - [STDERR_REDIRECT] 
2026-01-31 11:23:25,517 [ERROR] LogOutputStream:75 - [STDERR_REDIRECT] Jan 31, 2026 11:23:25 AM org.eclipse.lsp4j.jsonrpc.services.GenericEndpoint notify
2026-01-31 11:23:25,517 [ERROR] LogOutputStream:75 - [STDERR_REDIRECT] WARNING: Unsupported notification method: statusNotification
2026-01-31 11:23:25,517 [ERROR] LogOutputStream:75 - [STDERR_REDIRECT] 
2026-01-31 11:23:25,518 [ERROR] LogOutputStream:75 - [STDERR_REDIRECT] Jan 31, 2026 11:23:25 AM org.eclipse.lsp4j.jsonrpc.services.GenericEndpoint notify
2026-01-31 11:23:25,518 [ERROR] LogOutputStream:75 - [STDERR_REDIRECT] WARNING: Unsupported notification method: didChangeStatus
2026-01-31 11:23:25,518 [ERROR] LogOutputStream:75 - [STDERR_REDIRECT] 
2026-01-31 11:23:25,540 [ERROR] LogOutputStream:75 - [STDERR_REDIRECT] Jan 31, 2026 11:23:25 AM org.eclipse.lsp4j.jsonrpc.services.GenericEndpoint notify
2026-01-31 11:23:25,541 [ERROR] LogOutputStream:75 - [STDERR_REDIRECT] WARNING: Unsupported notification method: statusNotification
2026-01-31 11:23:25,542 [ERROR] LogOutputStream:75 - [STDERR_REDIRECT] 
2026-01-31 11:23:25,542 [ERROR] LogOutputStream:75 - [STDERR_REDIRECT] Jan 31, 2026 11:23:25 AM org.eclipse.lsp4j.jsonrpc.services.GenericEndpoint notify
2026-01-31 11:23:25,543 [ERROR] LogOutputStream:75 - [STDERR_REDIRECT] WARNING: Unsupported notification method: didChangeStatus
2026-01-31 11:23:25,543 [ERROR] LogOutputStream:75 - [STDERR_REDIRECT] 
2026-01-31 11:23:25,977 [ERROR] LogOutputStream:75 - [STDERR_REDIRECT] Jan 31, 2026 11:23:25 AM org.eclipse.lsp4j.jsonrpc.services.GenericEndpoint notify
2026-01-31 11:23:25,978 [ERROR] LogOutputStream:75 - [STDERR_REDIRECT] WARNING: Unsupported notification method: statusNotification
2026-01-31 11:23:25,978 [ERROR] LogOutputStream:75 - [STDERR_REDIRECT] 
2026-01-31 11:23:25,979 [ERROR] LogOutputStream:75 - [STDERR_REDIRECT] Jan 31, 2026 11:23:25 AM org.eclipse.lsp4j.jsonrpc.services.GenericEndpoint notify
2026-01-31 11:23:25,979 [ERROR] LogOutputStream:75 - [STDERR_REDIRECT] WARNING: Unsupported notification method: didChangeStatus
2026-01-31 11:23:25,979 [ERROR] LogOutputStream:75 - [STDERR_REDIRECT] 
2026-01-31 11:27:41,337 [ERROR] LogOutputStream:75 - [STDERR_REDIRECT] Jan 31, 2026 11:27:41 AM org.eclipse.lsp4j.jsonrpc.services.GenericEndpoint notify
2026-01-31 11:27:41,339 [ERROR] LogOutputStream:75 - [STDERR_REDIRECT] WARNING: Unsupported notification method: statusNotification
2026-01-31 11:27:41,339 [ERROR] LogOutputStream:75 - [STDERR_REDIRECT] 
2026-01-31 11:27:41,341 [ERROR] LogOutputStream:75 - [STDERR_REDIRECT] Jan 31, 2026 11:27:41 AM org.eclipse.lsp4j.jsonrpc.services.GenericEndpoint notify
2026-01-31 11:27:41,342 [ERROR] LogOutputStream:75 - [STDERR_REDIRECT] WARNING: Unsupported notification method: didChangeStatus
2026-01-31 11:27:41,342 [ERROR] LogOutputStream:75 - [STDERR_REDIRECT] 
2026-01-31 11:27:42,782 [ERROR] LogOutputStream:75 - [STDERR_REDIRECT] Jan 31, 2026 11:27:42 AM org.eclipse.lsp4j.jsonrpc.services.GenericEndpoint notify
2026-01-31 11:27:42,783 [ERROR] LogOutputStream:75 - [STDERR_REDIRECT] WARNING: Unsupported notification method: statusNotification
2026-01-31 11:27:42,783 [ERROR] LogOutputStream:75 - [STDERR_REDIRECT] 
2026-01-31 11:27:42,785 [ERROR] LogOutputStream:75 - [STDERR_REDIRECT] Jan 31, 2026 11:27:42 AM org.eclipse.lsp4j.jsonrpc.services.GenericEndpoint notify
2026-01-31 11:27:42,786 [ERROR] LogOutputStream:75 - [STDERR_REDIRECT] WARNING: Unsupported notification method: didChangeStatus
2026-01-31 11:27:42,786 [ERROR] LogOutputStream:75 - [STDERR_REDIRECT] 
2026-01-31 11:27:42,866 [ERROR] LogOutputStream:75 - [STDERR_REDIRECT] Jan 31, 2026 11:27:42 AM org.eclipse.lsp4j.jsonrpc.services.GenericEndpoint notify
2026-01-31 11:27:42,866 [ERROR] LogOutputStream:75 - [STDERR_REDIRECT] WARNING: Unsupported notification method: statusNotification
2026-01-31 11:27:42,867 [ERROR] LogOutputStream:75 - [STDERR_REDIRECT] 
2026-01-31 11:27:42,868 [ERROR] LogOutputStream:75 - [STDERR_REDIRECT] Jan 31, 2026 11:27:42 AM org.eclipse.lsp4j.jsonrpc.services.GenericEndpoint notify
2026-01-31 11:27:42,868 [ERROR] LogOutputStream:75 - [STDERR_REDIRECT] WARNING: Unsupported notification method: didChangeStatus
2026-01-31 11:27:42,868 [ERROR] LogOutputStream:75 - [STDERR_REDIRECT] 
2026-01-31 11:27:43,344 [ERROR] LogOutputStream:75 - [STDERR_REDIRECT] Jan 31, 2026 11:27:43 AM org.eclipse.lsp4j.jsonrpc.services.GenericEndpoint notify
2026-01-31 11:27:43,345 [ERROR] LogOutputStream:75 - [STDERR_REDIRECT] WARNING: Unsupported notification method: statusNotification
2026-01-31 11:27:43,345 [ERROR] LogOutputStream:75 - [STDERR_REDIRECT] 
2026-01-31 11:27:43,347 [ERROR] LogOutputStream:75 - [STDERR_REDIRECT] Jan 31, 2026 11:27:43 AM org.eclipse.lsp4j.jsonrpc.services.GenericEndpoint notify
2026-01-31 11:27:43,348 [ERROR] LogOutputStream:75 - [STDERR_REDIRECT] WARNING: Unsupported notification method: didChangeStatus
2026-01-31 11:27:43,348 [ERROR] LogOutputStream:75 - [STDERR_REDIRECT] 
2026-01-31 11:27:43,421 [ERROR] LogOutputStream:75 - [STDERR_REDIRECT] Jan 31, 2026 11:27:43 AM org.eclipse.lsp4j.jsonrpc.services.GenericEndpoint notify
2026-01-31 11:27:43,422 [ERROR] LogOutputStream:75 - [STDERR_REDIRECT] WARNING: Unsupported notification method: statusNotification
2026-01-31 11:27:43,423 [ERROR] LogOutputStream:75 - [STDERR_REDIRECT] 
2026-01-31 11:27:43,424 [ERROR] LogOutputStream:75 - [STDERR_REDIRECT] Jan 31, 2026 11:27:43 AM org.eclipse.lsp4j.jsonrpc.services.GenericEndpoint notify
2026-01-31 11:27:43,424 [ERROR] LogOutputStream:75 - [STDERR_REDIRECT] WARNING: Unsupported notification method: didChangeStatus
2026-01-31 11:27:43,425 [ERROR] LogOutputStream:75 - [STDERR_REDIRECT] 
2026-01-31 11:27:43,901 [ERROR] LogOutputStream:75 - [STDERR_REDIRECT] Jan 31, 2026 11:27:43 AM org.eclipse.lsp4j.jsonrpc.services.GenericEndpoint notify
2026-01-31 11:27:43,902 [ERROR] LogOutputStream:75 - [STDERR_REDIRECT] WARNING: Unsupported notification method: statusNotification
2026-01-31 11:27:43,902 [ERROR] LogOutputStream:75 - [STDERR_REDIRECT] 
2026-01-31 11:27:43,903 [ERROR] LogOutputStream:75 - [STDERR_REDIRECT] Jan 31, 2026 11:27:43 AM org.eclipse.lsp4j.jsonrpc.services.GenericEndpoint notify
2026-01-31 11:27:43,905 [ERROR] LogOutputStream:75 - [STDERR_REDIRECT] WARNING: Unsupported notification method: didChangeStatus
2026-01-31 11:27:43,905 [ERROR] LogOutputStream:75 - [STDERR_REDIRECT] 
2026-01-31 11:29:13,854 [ERROR] LogOutputStream:75 - [STDERR_REDIRECT] Jan 31, 2026 11:29:13 AM org.eclipse.lsp4j.jsonrpc.services.GenericEndpoint notify
2026-01-31 11:29:13,856 [ERROR] LogOutputStream:75 - [STDERR_REDIRECT] WARNING: Unsupported notification method: statusNotification
2026-01-31 11:29:13,856 [ERROR] LogOutputStream:75 - [STDERR_REDIRECT] 
2026-01-31 11:29:13,857 [ERROR] LogOutputStream:75 - [STDERR_REDIRECT] Jan 31, 2026 11:29:13 AM org.eclipse.lsp4j.jsonrpc.services.GenericEndpoint notify
2026-01-31 11:29:13,858 [ERROR] LogOutputStream:75 - [STDERR_REDIRECT] WARNING: Unsupported notification method: didChangeStatus
2026-01-31 11:29:13,858 [ERROR] LogOutputStream:75 - [STDERR_REDIRECT] 
2026-01-31 11:29:14,606 [ERROR] LogOutputStream:75 - [STDERR_REDIRECT] Jan 31, 2026 11:29:14 AM org.eclipse.lsp4j.jsonrpc.services.GenericEndpoint notify
2026-01-31 11:29:14,607 [ERROR] LogOutputStream:75 - [STDERR_REDIRECT] WARNING: Unsupported notification method: statusNotification
2026-01-31 11:29:14,607 [ERROR] LogOutputStream:75 - [STDERR_REDIRECT] 
2026-01-31 11:29:14,607 [ERROR] LogOutputStream:75 - [STDERR_REDIRECT] Jan 31, 2026 11:29:14 AM org.eclipse.lsp4j.jsonrpc.services.GenericEndpoint notify
2026-01-31 11:29:14,608 [ERROR] LogOutputStream:75 - [STDERR_REDIRECT] WARNING: Unsupported notification method: didChangeStatus
2026-01-31 11:29:14,608 [ERROR] LogOutputStream:75 - [STDERR_REDIRECT] 
2026-01-31 11:29:15,144 [ERROR] LogOutputStream:75 - [STDERR_REDIRECT] Jan 31, 2026 11:29:15 AM org.eclipse.lsp4j.jsonrpc.services.GenericEndpoint notify
2026-01-31 11:29:15,144 [ERROR] LogOutputStream:75 - [STDERR_REDIRECT] WARNING: Unsupported notification method: statusNotification
2026-01-31 11:29:15,144 [ERROR] LogOutputStream:75 - [STDERR_REDIRECT] 
2026-01-31 11:29:15,144 [ERROR] LogOutputStream:75 - [STDERR_REDIRECT] Jan 31, 2026 11:29:15 AM org.eclipse.lsp4j.jsonrpc.services.GenericEndpoint notify
2026-01-31 11:29:15,144 [ERROR] LogOutputStream:75 - [STDERR_REDIRECT] WARNING: Unsupported notification method: didChangeStatus
2026-01-31 11:29:15,145 [ERROR] LogOutputStream:75 - [STDERR_REDIRECT] 
2026-01-31 11:29:15,877 [ERROR] LogOutputStream:75 - [STDERR_REDIRECT] Jan 31, 2026 11:29:15 AM org.eclipse.lsp4j.jsonrpc.services.GenericEndpoint notify
2026-01-31 11:29:15,877 [ERROR] LogOutputStream:75 - [STDERR_REDIRECT] WARNING: Unsupported notification method: statusNotification
2026-01-31 11:29:15,878 [ERROR] LogOutputStream:75 - [STDERR_REDIRECT] 
2026-01-31 11:29:15,878 [ERROR] LogOutputStream:75 - [STDERR_REDIRECT] Jan 31, 2026 11:29:15 AM org.eclipse.lsp4j.jsonrpc.services.GenericEndpoint notify
2026-01-31 11:29:15,878 [ERROR] LogOutputStream:75 - [STDERR_REDIRECT] WARNING: Unsupported notification method: didChangeStatus
2026-01-31 11:29:15,878 [ERROR] LogOutputStream:75 - [STDERR_REDIRECT] 
2026-01-31 11:29:15,892 [ERROR] LogOutputStream:75 - [STDERR_REDIRECT] Jan 31, 2026 11:29:15 AM org.eclipse.lsp4j.jsonrpc.services.GenericEndpoint notify
2026-01-31 11:29:15,892 [ERROR] LogOutputStream:75 - [STDERR_REDIRECT] WARNING: Unsupported notification method: statusNotification
2026-01-31 11:29:15,892 [ERROR] LogOutputStream:75 - [STDERR_REDIRECT] 
2026-01-31 11:29:15,893 [ERROR] LogOutputStream:75 - [STDERR_REDIRECT] Jan 31, 2026 11:29:15 AM org.eclipse.lsp4j.jsonrpc.services.GenericEndpoint notify
2026-01-31 11:29:15,893 [ERROR] LogOutputStream:75 - [STDERR_REDIRECT] WARNING: Unsupported notification method: didChangeStatus
2026-01-31 11:29:15,893 [ERROR] LogOutputStream:75 - [STDERR_REDIRECT] 
2026-01-31 11:29:16,256 [ERROR] LogOutputStream:75 - [STDERR_REDIRECT] Jan 31, 2026 11:29:16 AM org.eclipse.lsp4j.jsonrpc.services.GenericEndpoint notify
2026-01-31 11:29:16,257 [ERROR] LogOutputStream:75 - [STDERR_REDIRECT] WARNING: Unsupported notification method: statusNotification
2026-01-31 11:29:16,257 [ERROR] LogOutputStream:75 - [STDERR_REDIRECT] 
2026-01-31 11:29:16,257 [ERROR] LogOutputStream:75 - [STDERR_REDIRECT] Jan 31, 2026 11:29:16 AM org.eclipse.lsp4j.jsonrpc.services.GenericEndpoint notify
2026-01-31 11:29:16,257 [ERROR] LogOutputStream:75 - [STDERR_REDIRECT] WARNING: Unsupported notification method: didChangeStatus
2026-01-31 11:29:16,257 [ERROR] LogOutputStream:75 - [STDERR_REDIRECT] 
2026-01-31 11:29:18,559 [ERROR] LogOutputStream:75 - [STDERR_REDIRECT] Jan 31, 2026 11:29:18 AM org.eclipse.lsp4j.jsonrpc.services.GenericEndpoint notify
2026-01-31 11:29:18,559 [ERROR] LogOutputStream:75 - [STDERR_REDIRECT] WARNING: Unsupported notification method: statusNotification
2026-01-31 11:29:18,559 [ERROR] LogOutputStream:75 - [STDERR_REDIRECT] 
2026-01-31 11:29:18,560 [ERROR] LogOutputStream:75 - [STDERR_REDIRECT] Jan 31, 2026 11:29:18 AM org.eclipse.lsp4j.jsonrpc.services.GenericEndpoint notify
2026-01-31 11:29:18,560 [ERROR] LogOutputStream:75 - [STDERR_REDIRECT] WARNING: Unsupported notification method: didChangeStatus
2026-01-31 11:29:18,560 [ERROR] LogOutputStream:75 - [STDERR_REDIRECT] 
2026-01-31 11:29:19,330 [ERROR] LogOutputStream:75 - [STDERR_REDIRECT] Jan 31, 2026 11:29:19 AM org.eclipse.lsp4j.jsonrpc.services.GenericEndpoint notify
2026-01-31 11:29:19,330 [ERROR] LogOutputStream:75 - [STDERR_REDIRECT] WARNING: Unsupported notification method: statusNotification
2026-01-31 11:29:19,330 [ERROR] LogOutputStream:75 - [STDERR_REDIRECT] 
2026-01-31 11:29:19,331 [ERROR] LogOutputStream:75 - [STDERR_REDIRECT] Jan 31, 2026 11:29:19 AM org.eclipse.lsp4j.jsonrpc.services.GenericEndpoint notify
2026-01-31 11:29:19,331 [ERROR] LogOutputStream:75 - [STDERR_REDIRECT] WARNING: Unsupported notification method: didChangeStatus
2026-01-31 11:29:19,331 [ERROR] LogOutputStream:75 - [STDERR_REDIRECT] 
2026-01-31 11:29:19,347 [ERROR] LogOutputStream:75 - [STDERR_REDIRECT] Jan 31, 2026 11:29:19 AM org.eclipse.lsp4j.jsonrpc.services.GenericEndpoint notify
2026-01-31 11:29:19,348 [ERROR] LogOutputStream:75 - [STDERR_REDIRECT] WARNING: Unsupported notification method: statusNotification
2026-01-31 11:29:19,348 [ERROR] LogOutputStream:75 - [STDERR_REDIRECT] 
2026-01-31 11:29:19,349 [ERROR] LogOutputStream:75 - [STDERR_REDIRECT] Jan 31, 2026 11:29:19 AM org.eclipse.lsp4j.jsonrpc.services.GenericEndpoint notify
2026-01-31 11:29:19,350 [ERROR] LogOutputStream:75 - [STDERR_REDIRECT] WARNING: Unsupported notification method: didChangeStatus
2026-01-31 11:29:19,350 [ERROR] LogOutputStream:75 - [STDERR_REDIRECT] 
2026-01-31 11:29:19,913 [ERROR] LogOutputStream:75 - [STDERR_REDIRECT] Jan 31, 2026 11:29:19 AM org.eclipse.lsp4j.jsonrpc.services.GenericEndpoint notify
2026-01-31 11:29:19,913 [ERROR] LogOutputStream:75 - [STDERR_REDIRECT] WARNING: Unsupported notification method: statusNotification
2026-01-31 11:29:19,913 [ERROR] LogOutputStream:75 - [STDERR_REDIRECT] 
2026-01-31 11:29:19,914 [ERROR] LogOutputStream:75 - [STDERR_REDIRECT] Jan 31, 2026 11:29:19 AM org.eclipse.lsp4j.jsonrpc.services.GenericEndpoint notify
2026-01-31 11:29:19,914 [ERROR] LogOutputStream:75 - [STDERR_REDIRECT] WARNING: Unsupported notification method: didChangeStatus
2026-01-31 11:29:19,915 [ERROR] LogOutputStream:75 - [STDERR_REDIRECT] 
2026-01-31 11:30:51,461 [ERROR] LogOutputStream:75 - [STDERR_REDIRECT] Jan 31, 2026 11:30:51 AM org.eclipse.lsp4j.jsonrpc.services.GenericEndpoint notify
2026-01-31 11:30:51,462 [ERROR] LogOutputStream:75 - [STDERR_REDIRECT] WARNING: Unsupported notification method: statusNotification
2026-01-31 11:30:51,462 [ERROR] LogOutputStream:75 - [STDERR_REDIRECT] 
2026-01-31 11:30:51,462 [ERROR] LogOutputStream:75 - [STDERR_REDIRECT] Jan 31, 2026 11:30:51 AM org.eclipse.lsp4j.jsonrpc.services.GenericEndpoint notify
2026-01-31 11:30:51,463 [ERROR] LogOutputStream:75 - [STDERR_REDIRECT] WARNING: Unsupported notification method: didChangeStatus
2026-01-31 11:30:51,463 [ERROR] LogOutputStream:75 - [STDERR_REDIRECT] 
2026-01-31 11:30:52,203 [ERROR] LogOutputStream:75 - [STDERR_REDIRECT] Jan 31, 2026 11:30:52 AM org.eclipse.lsp4j.jsonrpc.services.GenericEndpoint notify
2026-01-31 11:30:52,203 [ERROR] LogOutputStream:75 - [STDERR_REDIRECT] WARNING: Unsupported notification method: statusNotification
2026-01-31 11:30:52,203 [ERROR] LogOutputStream:75 - [STDERR_REDIRECT] 
2026-01-31 11:30:52,204 [ERROR] LogOutputStream:75 - [STDERR_REDIRECT] Jan 31, 2026 11:30:52 AM org.eclipse.lsp4j.jsonrpc.services.GenericEndpoint notify
2026-01-31 11:30:52,204 [ERROR] LogOutputStream:75 - [STDERR_REDIRECT] WARNING: Unsupported notification method: didChangeStatus
2026-01-31 11:30:52,204 [ERROR] LogOutputStream:75 - [STDERR_REDIRECT] 
2026-01-31 11:30:52,220 [ERROR] LogOutputStream:75 - [STDERR_REDIRECT] Jan 31, 2026 11:30:52 AM org.eclipse.lsp4j.jsonrpc.services.GenericEndpoint notify
2026-01-31 11:30:52,220 [ERROR] LogOutputStream:75 - [STDERR_REDIRECT] WARNING: Unsupported notification method: statusNotification
2026-01-31 11:30:52,221 [ERROR] LogOutputStream:75 - [STDERR_REDIRECT] 
2026-01-31 11:30:52,221 [ERROR] LogOutputStream:75 - [STDERR_REDIRECT] Jan 31, 2026 11:30:52 AM org.eclipse.lsp4j.jsonrpc.services.GenericEndpoint notify
2026-01-31 11:30:52,221 [ERROR] LogOutputStream:75 - [STDERR_REDIRECT] WARNING: Unsupported notification method: didChangeStatus
2026-01-31 11:30:52,221 [ERROR] LogOutputStream:75 - [STDERR_REDIRECT] 
2026-01-31 11:30:52,673 [ERROR] LogOutputStream:75 - [STDERR_REDIRECT] Jan 31, 2026 11:30:52 AM org.eclipse.lsp4j.jsonrpc.services.GenericEndpoint notify
2026-01-31 11:30:52,674 [ERROR] LogOutputStream:75 - [STDERR_REDIRECT] WARNING: Unsupported notification method: statusNotification
2026-01-31 11:30:52,674 [ERROR] LogOutputStream:75 - [STDERR_REDIRECT] 
2026-01-31 11:30:52,675 [ERROR] LogOutputStream:75 - [STDERR_REDIRECT] Jan 31, 2026 11:30:52 AM org.eclipse.lsp4j.jsonrpc.services.GenericEndpoint notify
2026-01-31 11:30:52,676 [ERROR] LogOutputStream:75 - [STDERR_REDIRECT] WARNING: Unsupported notification method: didChangeStatus
2026-01-31 11:30:52,676 [ERROR] LogOutputStream:75 - [STDERR_REDIRECT] 
2026-01-31 11:30:52,726 [ERROR] LogOutputStream:75 - [STDERR_REDIRECT] Jan 31, 2026 11:30:52 AM org.eclipse.lsp4j.jsonrpc.services.GenericEndpoint notify
2026-01-31 11:30:52,726 [ERROR] LogOutputStream:75 - [STDERR_REDIRECT] WARNING: Unsupported notification method: statusNotification
2026-01-31 11:30:52,727 [ERROR] LogOutputStream:75 - [STDERR_REDIRECT] 
2026-01-31 11:30:52,728 [ERROR] LogOutputStream:75 - [STDERR_REDIRECT] Jan 31, 2026 11:30:52 AM org.eclipse.lsp4j.jsonrpc.services.GenericEndpoint notify
2026-01-31 11:30:52,728 [ERROR] LogOutputStream:75 - [STDERR_REDIRECT] WARNING: Unsupported notification method: didChangeStatus
2026-01-31 11:30:52,729 [ERROR] LogOutputStream:75 - [STDERR_REDIRECT] 
2026-01-31 11:30:53,124 [ERROR] LogOutputStream:75 - [STDERR_REDIRECT] Jan 31, 2026 11:30:53 AM org.eclipse.lsp4j.jsonrpc.services.GenericEndpoint notify
2026-01-31 11:30:53,124 [ERROR] LogOutputStream:75 - [STDERR_REDIRECT] WARNING: Unsupported notification method: statusNotification
2026-01-31 11:30:53,125 [ERROR] LogOutputStream:75 - [STDERR_REDIRECT] 
2026-01-31 11:30:53,125 [ERROR] LogOutputStream:75 - [STDERR_REDIRECT] Jan 31, 2026 11:30:53 AM org.eclipse.lsp4j.jsonrpc.services.GenericEndpoint notify
2026-01-31 11:30:53,126 [ERROR] LogOutputStream:75 - [STDERR_REDIRECT] WARNING: Unsupported notification method: didChangeStatus
2026-01-31 11:30:53,126 [ERROR] LogOutputStream:75 - [STDERR_REDIRECT] 
2026-01-31 11:30:54,045 [ERROR] LogOutputStream:75 - [STDERR_REDIRECT] Jan 31, 2026 11:30:54 AM org.eclipse.lsp4j.jsonrpc.services.GenericEndpoint notify
2026-01-31 11:30:54,046 [ERROR] LogOutputStream:75 - [STDERR_REDIRECT] WARNING: Unsupported notification method: statusNotification
2026-01-31 11:30:54,046 [ERROR] LogOutputStream:75 - [STDERR_REDIRECT] 
2026-01-31 11:30:54,047 [ERROR] LogOutputStream:75 - [STDERR_REDIRECT] Jan 31, 2026 11:30:54 AM org.eclipse.lsp4j.jsonrpc.services.GenericEndpoint notify
2026-01-31 11:30:54,047 [ERROR] LogOutputStream:75 - [STDERR_REDIRECT] WARNING: Unsupported notification method: didChangeStatus
2026-01-31 11:30:54,047 [ERROR] LogOutputStream:75 - [STDERR_REDIRECT] 
2026-01-31 11:30:54,047 [ERROR] LogOutputStream:75 - [STDERR_REDIRECT] Jan 31, 2026 11:30:54 AM org.eclipse.lsp4j.jsonrpc.services.GenericEndpoint notify
2026-01-31 11:30:54,048 [ERROR] LogOutputStream:75 - [STDERR_REDIRECT] WARNING: Unsupported notification method: statusNotification
2026-01-31 11:30:54,048 [ERROR] LogOutputStream:75 - [STDERR_REDIRECT] 
2026-01-31 11:30:54,049 [ERROR] LogOutputStream:75 - [STDERR_REDIRECT] Jan 31, 2026 11:30:54 AM org.eclipse.lsp4j.jsonrpc.services.GenericEndpoint notify
2026-01-31 11:30:54,049 [ERROR] LogOutputStream:75 - [STDERR_REDIRECT] WARNING: Unsupported notification method: didChangeStatus
2026-01-31 11:30:54,049 [ERROR] LogOutputStream:75 - [STDERR_REDIRECT] 
2026-01-31 11:30:54,670 [ERROR] LogOutputStream:75 - [STDERR_REDIRECT] Jan 31, 2026 11:30:54 AM org.eclipse.lsp4j.jsonrpc.services.GenericEndpoint notify
2026-01-31 11:30:54,670 [ERROR] LogOutputStream:75 - [STDERR_REDIRECT] WARNING: Unsupported notification method: statusNotification
2026-01-31 11:30:54,670 [ERROR] LogOutputStream:75 - [STDERR_REDIRECT] 
2026-01-31 11:30:54,671 [ERROR] LogOutputStream:75 - [STDERR_REDIRECT] Jan 31, 2026 11:30:54 AM org.eclipse.lsp4j.jsonrpc.services.GenericEndpoint notify
2026-01-31 11:30:54,671 [ERROR] LogOutputStream:75 - [STDERR_REDIRECT] WARNING: Unsupported notification method: didChangeStatus
2026-01-31 11:30:54,671 [ERROR] LogOutputStream:75 - [STDERR_REDIRECT] 
2026-01-31 11:30:54,672 [ERROR] LogOutputStream:75 - [STDERR_REDIRECT] Jan 31, 2026 11:30:54 AM org.eclipse.lsp4j.jsonrpc.services.GenericEndpoint notify
2026-01-31 11:30:54,672 [ERROR] LogOutputStream:75 - [STDERR_REDIRECT] WARNING: Unsupported notification method: statusNotification
2026-01-31 11:30:54,672 [ERROR] LogOutputStream:75 - [STDERR_REDIRECT] 
2026-01-31 11:30:54,672 [ERROR] LogOutputStream:75 - [STDERR_REDIRECT] Jan 31, 2026 11:30:54 AM org.eclipse.lsp4j.jsonrpc.services.GenericEndpoint notify
2026-01-31 11:30:54,672 [ERROR] LogOutputStream:75 - [STDERR_REDIRECT] WARNING: Unsupported notification method: didChangeStatus
2026-01-31 11:30:54,673 [ERROR] LogOutputStream:75 - [STDERR_REDIRECT] 
2026-01-31 11:31:39,310 [ERROR] LogOutputStream:75 - [STDERR_REDIRECT] Jan 31, 2026 11:31:39 AM org.eclipse.lsp4j.jsonrpc.services.GenericEndpoint notify
2026-01-31 11:31:39,311 [ERROR] LogOutputStream:75 - [STDERR_REDIRECT] WARNING: Unsupported notification method: statusNotification
2026-01-31 11:31:39,311 [ERROR] LogOutputStream:75 - [STDERR_REDIRECT] 
2026-01-31 11:31:39,312 [ERROR] LogOutputStream:75 - [STDERR_REDIRECT] Jan 31, 2026 11:31:39 AM org.eclipse.lsp4j.jsonrpc.services.GenericEndpoint notify
2026-01-31 11:31:39,312 [ERROR] LogOutputStream:75 - [STDERR_REDIRECT] WARNING: Unsupported notification method: didChangeStatus
2026-01-31 11:31:39,312 [ERROR] LogOutputStream:75 - [STDERR_REDIRECT] 
2026-01-31 11:31:40,074 [ERROR] LogOutputStream:75 - [STDERR_REDIRECT] Jan 31, 2026 11:31:40 AM org.eclipse.lsp4j.jsonrpc.services.GenericEndpoint notify
2026-01-31 11:31:40,075 [ERROR] LogOutputStream:75 - [STDERR_REDIRECT] WARNING: Unsupported notification method: statusNotification
2026-01-31 11:31:40,075 [ERROR] LogOutputStream:75 - [STDERR_REDIRECT] 
2026-01-31 11:31:40,076 [ERROR] LogOutputStream:75 - [STDERR_REDIRECT] Jan 31, 2026 11:31:40 AM org.eclipse.lsp4j.jsonrpc.services.GenericEndpoint notify
2026-01-31 11:31:40,076 [ERROR] LogOutputStream:75 - [STDERR_REDIRECT] WARNING: Unsupported notification method: didChangeStatus
2026-01-31 11:31:40,076 [ERROR] LogOutputStream:75 - [STDERR_REDIRECT] 
2026-01-31 11:31:40,111 [ERROR] LogOutputStream:75 - [STDERR_REDIRECT] Jan 31, 2026 11:31:40 AM org.eclipse.lsp4j.jsonrpc.services.GenericEndpoint notify
2026-01-31 11:31:40,112 [ERROR] LogOutputStream:75 - [STDERR_REDIRECT] WARNING: Unsupported notification method: statusNotification
2026-01-31 11:31:40,113 [ERROR] LogOutputStream:75 - [STDERR_REDIRECT] 
2026-01-31 11:31:40,114 [ERROR] LogOutputStream:75 - [STDERR_REDIRECT] Jan 31, 2026 11:31:40 AM org.eclipse.lsp4j.jsonrpc.services.GenericEndpoint notify
2026-01-31 11:31:40,115 [ERROR] LogOutputStream:75 - [STDERR_REDIRECT] WARNING: Unsupported notification method: didChangeStatus
2026-01-31 11:31:40,115 [ERROR] LogOutputStream:75 - [STDERR_REDIRECT] 
2026-01-31 11:31:40,844 [ERROR] LogOutputStream:75 - [STDERR_REDIRECT] Jan 31, 2026 11:31:40 AM org.eclipse.lsp4j.jsonrpc.services.GenericEndpoint notify
2026-01-31 11:31:40,845 [ERROR] LogOutputStream:75 - [STDERR_REDIRECT] WARNING: Unsupported notification method: statusNotification
2026-01-31 11:31:40,845 [ERROR] LogOutputStream:75 - [STDERR_REDIRECT] 
2026-01-31 11:31:40,846 [ERROR] LogOutputStream:75 - [STDERR_REDIRECT] Jan 31, 2026 11:31:40 AM org.eclipse.lsp4j.jsonrpc.services.GenericEndpoint notify
2026-01-31 11:31:40,846 [ERROR] LogOutputStream:75 - [STDERR_REDIRECT] WARNING: Unsupported notification method: didChangeStatus
2026-01-31 11:31:40,846 [ERROR] LogOutputStream:75 - [STDERR_REDIRECT] 
2026-01-31 11:33:05,341 [ERROR] LogOutputStream:75 - [STDERR_REDIRECT] Jan 31, 2026 11:33:05 AM org.eclipse.lsp4j.jsonrpc.services.GenericEndpoint notify
2026-01-31 11:33:05,341 [ERROR] LogOutputStream:75 - [STDERR_REDIRECT] WARNING: Unsupported notification method: statusNotification
2026-01-31 11:33:05,342 [ERROR] LogOutputStream:75 - [STDERR_REDIRECT] 
2026-01-31 11:33:05,343 [ERROR] LogOutputStream:75 - [STDERR_REDIRECT] Jan 31, 2026 11:33:05 AM org.eclipse.lsp4j.jsonrpc.services.GenericEndpoint notify
2026-01-31 11:33:05,343 [ERROR] LogOutputStream:75 - [STDERR_REDIRECT] WARNING: Unsupported notification method: didChangeStatus
2026-01-31 11:33:05,343 [ERROR] LogOutputStream:75 - [STDERR_REDIRECT] 
2026-01-31 11:33:06,203 [ERROR] LogOutputStream:75 - [STDERR_REDIRECT] Jan 31, 2026 11:33:06 AM org.eclipse.lsp4j.jsonrpc.services.GenericEndpoint notify
2026-01-31 11:33:06,203 [ERROR] LogOutputStream:75 - [STDERR_REDIRECT] WARNING: Unsupported notification method: statusNotification
2026-01-31 11:33:06,204 [ERROR] LogOutputStream:75 - [STDERR_REDIRECT] 
2026-01-31 11:33:06,204 [ERROR] LogOutputStream:75 - [STDERR_REDIRECT] Jan 31, 2026 11:33:06 AM org.eclipse.lsp4j.jsonrpc.services.GenericEndpoint notify
2026-01-31 11:33:06,205 [ERROR] LogOutputStream:75 - [STDERR_REDIRECT] WARNING: Unsupported notification method: didChangeStatus
2026-01-31 11:33:06,205 [ERROR] LogOutputStream:75 - [STDERR_REDIRECT] 
2026-01-31 11:33:06,226 [ERROR] LogOutputStream:75 - [STDERR_REDIRECT] Jan 31, 2026 11:33:06 AM org.eclipse.lsp4j.jsonrpc.services.GenericEndpoint notify
2026-01-31 11:33:06,226 [ERROR] LogOutputStream:75 - [STDERR_REDIRECT] WARNING: Unsupported notification method: statusNotification
2026-01-31 11:33:06,227 [ERROR] LogOutputStream:75 - [STDERR_REDIRECT] 
2026-01-31 11:33:06,227 [ERROR] LogOutputStream:75 - [STDERR_REDIRECT] Jan 31, 2026 11:33:06 AM org.eclipse.lsp4j.jsonrpc.services.GenericEndpoint notify
2026-01-31 11:33:06,227 [ERROR] LogOutputStream:75 - [STDERR_REDIRECT] WARNING: Unsupported notification method: didChangeStatus
2026-01-31 11:33:06,227 [ERROR] LogOutputStream:75 - [STDERR_REDIRECT] 
2026-01-31 11:33:06,626 [ERROR] LogOutputStream:75 - [STDERR_REDIRECT] Jan 31, 2026 11:33:06 AM org.eclipse.lsp4j.jsonrpc.services.GenericEndpoint notify
2026-01-31 11:33:06,626 [ERROR] LogOutputStream:75 - [STDERR_REDIRECT] WARNING: Unsupported notification method: statusNotification
2026-01-31 11:33:06,626 [ERROR] LogOutputStream:75 - [STDERR_REDIRECT] 
2026-01-31 11:33:06,627 [ERROR] LogOutputStream:75 - [STDERR_REDIRECT] Jan 31, 2026 11:33:06 AM org.eclipse.lsp4j.jsonrpc.services.GenericEndpoint notify
2026-01-31 11:33:06,627 [ERROR] LogOutputStream:75 - [STDERR_REDIRECT] WARNING: Unsupported notification method: didChangeStatus
2026-01-31 11:33:06,627 [ERROR] LogOutputStream:75 - [STDERR_REDIRECT] 
2026-01-31 11:34:10,722 [ERROR] LogOutputStream:75 - [STDERR_REDIRECT] Jan 31, 2026 11:34:10 AM org.eclipse.lsp4j.jsonrpc.services.GenericEndpoint notify
2026-01-31 11:34:10,722 [ERROR] LogOutputStream:75 - [STDERR_REDIRECT] WARNING: Unsupported notification method: statusNotification
2026-01-31 11:34:10,722 [ERROR] LogOutputStream:75 - [STDERR_REDIRECT] 
2026-01-31 11:34:10,722 [ERROR] LogOutputStream:75 - [STDERR_REDIRECT] Jan 31, 2026 11:34:10 AM org.eclipse.lsp4j.jsonrpc.services.GenericEndpoint notify
2026-01-31 11:34:10,723 [ERROR] LogOutputStream:75 - [STDERR_REDIRECT] WARNING: Unsupported notification method: didChangeStatus
2026-01-31 11:34:10,723 [ERROR] LogOutputStream:75 - [STDERR_REDIRECT] 
2026-01-31 11:34:10,723 [ERROR] LogOutputStream:75 - [STDERR_REDIRECT] Jan 31, 2026 11:34:10 AM org.eclipse.lsp4j.jsonrpc.services.GenericEndpoint notify
2026-01-31 11:34:10,723 [ERROR] LogOutputStream:75 - [STDERR_REDIRECT] WARNING: Unsupported notification method: statusNotification
2026-01-31 11:34:10,723 [ERROR] LogOutputStream:75 - [STDERR_REDIRECT] 
2026-01-31 11:34:10,723 [ERROR] LogOutputStream:75 - [STDERR_REDIRECT] Jan 31, 2026 11:34:10 AM org.eclipse.lsp4j.jsonrpc.services.GenericEndpoint notify
2026-01-31 11:34:10,723 [ERROR] LogOutputStream:75 - [STDERR_REDIRECT] WARNING: Unsupported notification method: didChangeStatus
2026-01-31 11:34:10,724 [ERROR] LogOutputStream:75 - [STDERR_REDIRECT] 
2026-01-31 11:34:10,835 [ERROR] LogOutputStream:75 - [STDERR_REDIRECT] Jan 31, 2026 11:34:10 AM org.eclipse.lsp4j.jsonrpc.services.GenericEndpoint notify
2026-01-31 11:34:10,835 [ERROR] LogOutputStream:75 - [STDERR_REDIRECT] WARNING: Unsupported notification method: statusNotification
2026-01-31 11:34:10,835 [ERROR] LogOutputStream:75 - [STDERR_REDIRECT] 
2026-01-31 11:34:10,836 [ERROR] LogOutputStream:75 - [STDERR_REDIRECT] Jan 31, 2026 11:34:10 AM org.eclipse.lsp4j.jsonrpc.services.GenericEndpoint notify
2026-01-31 11:34:10,836 [ERROR] LogOutputStream:75 - [STDERR_REDIRECT] WARNING: Unsupported notification method: didChangeStatus
2026-01-31 11:34:10,836 [ERROR] LogOutputStream:75 - [STDERR_REDIRECT] 
2026-01-31 11:34:10,836 [ERROR] LogOutputStream:75 - [STDERR_REDIRECT] Jan 31, 2026 11:34:10 AM org.eclipse.lsp4j.jsonrpc.services.GenericEndpoint notify
2026-01-31 11:34:10,836 [ERROR] LogOutputStream:75 - [STDERR_REDIRECT] WARNING: Unsupported notification method: statusNotification
2026-01-31 11:34:10,836 [ERROR] LogOutputStream:75 - [STDERR_REDIRECT] 
2026-01-31 11:34:10,837 [ERROR] LogOutputStream:75 - [STDERR_REDIRECT] Jan 31, 2026 11:34:10 AM org.eclipse.lsp4j.jsonrpc.services.GenericEndpoint notify
2026-01-31 11:34:10,837 [ERROR] LogOutputStream:75 - [STDERR_REDIRECT] WARNING: Unsupported notification method: didChangeStatus
2026-01-31 11:34:10,837 [ERROR] LogOutputStream:75 - [STDERR_REDIRECT] 
2026-01-31 11:34:11,526 [ERROR] LogOutputStream:75 - [STDERR_REDIRECT] Jan 31, 2026 11:34:11 AM org.eclipse.lsp4j.jsonrpc.services.GenericEndpoint notify
2026-01-31 11:34:11,528 [ERROR] LogOutputStream:75 - [STDERR_REDIRECT] WARNING: Unsupported notification method: statusNotification
2026-01-31 11:34:11,528 [ERROR] LogOutputStream:75 - [STDERR_REDIRECT] 
2026-01-31 11:34:11,528 [ERROR] LogOutputStream:75 - [STDERR_REDIRECT] Jan 31, 2026 11:34:11 AM org.eclipse.lsp4j.jsonrpc.services.GenericEndpoint notify
2026-01-31 11:34:11,528 [ERROR] LogOutputStream:75 - [STDERR_REDIRECT] WARNING: Unsupported notification method: didChangeStatus
2026-01-31 11:34:11,528 [ERROR] LogOutputStream:75 - [STDERR_REDIRECT] 
2026-01-31 11:34:12,505 [ERROR] LogOutputStream:75 - [STDERR_REDIRECT] Jan 31, 2026 11:34:12 AM org.eclipse.lsp4j.jsonrpc.services.GenericEndpoint notify
2026-01-31 11:34:12,506 [ERROR] LogOutputStream:75 - [STDERR_REDIRECT] WARNING: Unsupported notification method: statusNotification
2026-01-31 11:34:12,506 [ERROR] LogOutputStream:75 - [STDERR_REDIRECT] 
2026-01-31 11:34:12,506 [ERROR] LogOutputStream:75 - [STDERR_REDIRECT] Jan 31, 2026 11:34:12 AM org.eclipse.lsp4j.jsonrpc.services.GenericEndpoint notify
2026-01-31 11:34:12,507 [ERROR] LogOutputStream:75 - [STDERR_REDIRECT] WARNING: Unsupported notification method: didChangeStatus
2026-01-31 11:34:12,507 [ERROR] LogOutputStream:75 - [STDERR_REDIRECT] 
2026-01-31 11:34:12,533 [ERROR] LogOutputStream:75 - [STDERR_REDIRECT] Jan 31, 2026 11:34:12 AM org.eclipse.lsp4j.jsonrpc.services.GenericEndpoint notify
2026-01-31 11:34:12,533 [ERROR] LogOutputStream:75 - [STDERR_REDIRECT] WARNING: Unsupported notification method: statusNotification
2026-01-31 11:34:12,533 [ERROR] LogOutputStream:75 - [STDERR_REDIRECT] 
2026-01-31 11:34:12,533 [ERROR] LogOutputStream:75 - [STDERR_REDIRECT] Jan 31, 2026 11:34:12 AM org.eclipse.lsp4j.jsonrpc.services.GenericEndpoint notify
2026-01-31 11:34:12,533 [ERROR] LogOutputStream:75 - [STDERR_REDIRECT] WARNING: Unsupported notification method: didChangeStatus
2026-01-31 11:34:12,534 [ERROR] LogOutputStream:75 - [STDERR_REDIRECT] 
2026-01-31 11:34:12,979 [ERROR] LogOutputStream:75 - [STDERR_REDIRECT] Jan 31, 2026 11:34:12 AM org.eclipse.lsp4j.jsonrpc.services.GenericEndpoint notify
2026-01-31 11:34:12,979 [ERROR] LogOutputStream:75 - [STDERR_REDIRECT] WARNING: Unsupported notification method: statusNotification
2026-01-31 11:34:12,979 [ERROR] LogOutputStream:75 - [STDERR_REDIRECT] 
2026-01-31 11:34:12,980 [ERROR] LogOutputStream:75 - [STDERR_REDIRECT] Jan 31, 2026 11:34:12 AM org.eclipse.lsp4j.jsonrpc.services.GenericEndpoint notify
2026-01-31 11:34:12,980 [ERROR] LogOutputStream:75 - [STDERR_REDIRECT] WARNING: Unsupported notification method: didChangeStatus
2026-01-31 11:34:12,980 [ERROR] LogOutputStream:75 - [STDERR_REDIRECT] 
2026-01-31 11:34:22,928 [ERROR] LogOutputStream:75 - [STDERR_REDIRECT] Jan 31, 2026 11:34:22 AM org.eclipse.lsp4j.jsonrpc.services.GenericEndpoint notify
2026-01-31 11:34:22,928 [ERROR] LogOutputStream:75 - [STDERR_REDIRECT] WARNING: Unsupported notification method: statusNotification
2026-01-31 11:34:22,928 [ERROR] LogOutputStream:75 - [STDERR_REDIRECT] 
2026-01-31 11:34:22,929 [ERROR] LogOutputStream:75 - [STDERR_REDIRECT] Jan 31, 2026 11:34:22 AM org.eclipse.lsp4j.jsonrpc.services.GenericEndpoint notify
2026-01-31 11:34:22,929 [ERROR] LogOutputStream:75 - [STDERR_REDIRECT] WARNING: Unsupported notification method: didChangeStatus
2026-01-31 11:34:22,929 [ERROR] LogOutputStream:75 - [STDERR_REDIRECT] 
2026-01-31 11:34:23,856 [ERROR] LogOutputStream:75 - [STDERR_REDIRECT] Jan 31, 2026 11:34:23 AM org.eclipse.lsp4j.jsonrpc.services.GenericEndpoint notify
2026-01-31 11:34:23,856 [ERROR] LogOutputStream:75 - [STDERR_REDIRECT] WARNING: Unsupported notification method: statusNotification
2026-01-31 11:34:23,856 [ERROR] LogOutputStream:75 - [STDERR_REDIRECT] 
2026-01-31 11:34:23,857 [ERROR] LogOutputStream:75 - [STDERR_REDIRECT] Jan 31, 2026 11:34:23 AM org.eclipse.lsp4j.jsonrpc.services.GenericEndpoint notify
2026-01-31 11:34:23,857 [ERROR] LogOutputStream:75 - [STDERR_REDIRECT] WARNING: Unsupported notification method: didChangeStatus
2026-01-31 11:34:23,857 [ERROR] LogOutputStream:75 - [STDERR_REDIRECT] 
2026-01-31 11:34:23,886 [ERROR] LogOutputStream:75 - [STDERR_REDIRECT] Jan 31, 2026 11:34:23 AM org.eclipse.lsp4j.jsonrpc.services.GenericEndpoint notify
2026-01-31 11:34:23,887 [ERROR] LogOutputStream:75 - [STDERR_REDIRECT] WARNING: Unsupported notification method: statusNotification
2026-01-31 11:34:23,887 [ERROR] LogOutputStream:75 - [STDERR_REDIRECT] 
2026-01-31 11:34:23,887 [ERROR] LogOutputStream:75 - [STDERR_REDIRECT] Jan 31, 2026 11:34:23 AM org.eclipse.lsp4j.jsonrpc.services.GenericEndpoint notify
2026-01-31 11:34:23,888 [ERROR] LogOutputStream:75 - [STDERR_REDIRECT] WARNING: Unsupported notification method: didChangeStatus
2026-01-31 11:34:23,888 [ERROR] LogOutputStream:75 - [STDERR_REDIRECT] 
2026-01-31 11:34:24,295 [ERROR] LogOutputStream:75 - [STDERR_REDIRECT] Jan 31, 2026 11:34:24 AM org.eclipse.lsp4j.jsonrpc.services.GenericEndpoint notify
2026-01-31 11:34:24,296 [ERROR] LogOutputStream:75 - [STDERR_REDIRECT] WARNING: Unsupported notification method: statusNotification
2026-01-31 11:34:24,296 [ERROR] LogOutputStream:75 - [STDERR_REDIRECT] 
2026-01-31 11:34:24,296 [ERROR] LogOutputStream:75 - [STDERR_REDIRECT] Jan 31, 2026 11:34:24 AM org.eclipse.lsp4j.jsonrpc.services.GenericEndpoint notify
2026-01-31 11:34:24,296 [ERROR] LogOutputStream:75 - [STDERR_REDIRECT] WARNING: Unsupported notification method: didChangeStatus
2026-01-31 11:34:24,296 [ERROR] LogOutputStream:75 - [STDERR_REDIRECT] 
2026-01-31 11:34:24,314 [ERROR] LogOutputStream:75 - [STDERR_REDIRECT] Jan 31, 2026 11:34:24 AM org.eclipse.lsp4j.jsonrpc.services.GenericEndpoint notify
2026-01-31 11:34:24,314 [ERROR] LogOutputStream:75 - [STDERR_REDIRECT] WARNING: Unsupported notification method: statusNotification
2026-01-31 11:34:24,314 [ERROR] LogOutputStream:75 - [STDERR_REDIRECT] 
2026-01-31 11:34:24,314 [ERROR] LogOutputStream:75 - [STDERR_REDIRECT] Jan 31, 2026 11:34:24 AM org.eclipse.lsp4j.jsonrpc.services.GenericEndpoint notify
2026-01-31 11:34:24,315 [ERROR] LogOutputStream:75 - [STDERR_REDIRECT] WARNING: Unsupported notification method: didChangeStatus
2026-01-31 11:34:24,315 [ERROR] LogOutputStream:75 - [STDERR_REDIRECT] 
2026-01-31 11:34:24,716 [ERROR] LogOutputStream:75 - [STDERR_REDIRECT] Jan 31, 2026 11:34:24 AM org.eclipse.lsp4j.jsonrpc.services.GenericEndpoint notify
2026-01-31 11:34:24,716 [ERROR] LogOutputStream:75 - [STDERR_REDIRECT] WARNING: Unsupported notification method: statusNotification
2026-01-31 11:34:24,716 [ERROR] LogOutputStream:75 - [STDERR_REDIRECT] 
2026-01-31 11:34:24,717 [ERROR] LogOutputStream:75 - [STDERR_REDIRECT] Jan 31, 2026 11:34:24 AM org.eclipse.lsp4j.jsonrpc.services.GenericEndpoint notify
2026-01-31 11:34:24,717 [ERROR] LogOutputStream:75 - [STDERR_REDIRECT] WARNING: Unsupported notification method: didChangeStatus
2026-01-31 11:34:24,717 [ERROR] LogOutputStream:75 - [STDERR_REDIRECT] 
2026-01-31 11:36:26,268 [ERROR] LogOutputStream:75 - [STDERR_REDIRECT] Jan 31, 2026 11:36:26 AM org.eclipse.lsp4j.jsonrpc.services.GenericEndpoint notify
2026-01-31 11:36:26,269 [ERROR] LogOutputStream:75 - [STDERR_REDIRECT] WARNING: Unsupported notification method: statusNotification
2026-01-31 11:36:26,269 [ERROR] LogOutputStream:75 - [STDERR_REDIRECT] 
2026-01-31 11:36:26,269 [ERROR] LogOutputStream:75 - [STDERR_REDIRECT] Jan 31, 2026 11:36:26 AM org.eclipse.lsp4j.jsonrpc.services.GenericEndpoint notify
2026-01-31 11:36:26,269 [ERROR] LogOutputStream:75 - [STDERR_REDIRECT] WARNING: Unsupported notification method: didChangeStatus
2026-01-31 11:36:26,269 [ERROR] LogOutputStream:75 - [STDERR_REDIRECT] 
2026-01-31 11:36:26,436 [ERROR] LogOutputStream:75 - [STDERR_REDIRECT] Jan 31, 2026 11:36:26 AM org.eclipse.lsp4j.jsonrpc.services.GenericEndpoint notify
2026-01-31 11:36:26,436 [ERROR] LogOutputStream:75 - [STDERR_REDIRECT] WARNING: Unsupported notification method: statusNotification
2026-01-31 11:36:26,436 [ERROR] LogOutputStream:75 - [STDERR_REDIRECT] 
2026-01-31 11:36:26,437 [ERROR] LogOutputStream:75 - [STDERR_REDIRECT] Jan 31, 2026 11:36:26 AM org.eclipse.lsp4j.jsonrpc.services.GenericEndpoint notify
2026-01-31 11:36:26,437 [ERROR] LogOutputStream:75 - [STDERR_REDIRECT] WARNING: Unsupported notification method: didChangeStatus
2026-01-31 11:36:26,437 [ERROR] LogOutputStream:75 - [STDERR_REDIRECT] 
2026-01-31 11:36:26,450 [ERROR] LogOutputStream:75 - [STDERR_REDIRECT] Jan 31, 2026 11:36:26 AM org.eclipse.lsp4j.jsonrpc.services.GenericEndpoint notify
2026-01-31 11:36:26,450 [ERROR] LogOutputStream:75 - [STDERR_REDIRECT] WARNING: Unsupported notification method: statusNotification
2026-01-31 11:36:26,451 [ERROR] LogOutputStream:75 - [STDERR_REDIRECT] 
2026-01-31 11:36:26,452 [ERROR] LogOutputStream:75 - [STDERR_REDIRECT] Jan 31, 2026 11:36:26 AM org.eclipse.lsp4j.jsonrpc.services.GenericEndpoint notify
2026-01-31 11:36:26,452 [ERROR] LogOutputStream:75 - [STDERR_REDIRECT] WARNING: Unsupported notification method: didChangeStatus
2026-01-31 11:36:26,452 [ERROR] LogOutputStream:75 - [STDERR_REDIRECT] 
2026-01-31 11:36:26,453 [ERROR] LogOutputStream:75 - [STDERR_REDIRECT] Jan 31, 2026 11:36:26 AM org.eclipse.lsp4j.jsonrpc.services.GenericEndpoint notify
2026-01-31 11:36:26,453 [ERROR] LogOutputStream:75 - [STDERR_REDIRECT] WARNING: Unsupported notification method: statusNotification
2026-01-31 11:36:26,453 [ERROR] LogOutputStream:75 - [STDERR_REDIRECT] 
2026-01-31 11:36:26,453 [ERROR] LogOutputStream:75 - [STDERR_REDIRECT] Jan 31, 2026 11:36:26 AM org.eclipse.lsp4j.jsonrpc.services.GenericEndpoint notify
2026-01-31 11:36:26,454 [ERROR] LogOutputStream:75 - [STDERR_REDIRECT] WARNING: Unsupported notification method: didChangeStatus
2026-01-31 11:36:26,454 [ERROR] LogOutputStream:75 - [STDERR_REDIRECT] 
2026-01-31 11:36:26,475 [ERROR] LogOutputStream:75 - [STDERR_REDIRECT] Jan 31, 2026 11:36:26 AM org.eclipse.lsp4j.jsonrpc.services.GenericEndpoint notify
2026-01-31 11:36:26,475 [ERROR] LogOutputStream:75 - [STDERR_REDIRECT] WARNING: Unsupported notification method: statusNotification
2026-01-31 11:36:26,475 [ERROR] LogOutputStream:75 - [STDERR_REDIRECT] 
2026-01-31 11:36:26,475 [ERROR] LogOutputStream:75 - [STDERR_REDIRECT] Jan 31, 2026 11:36:26 AM org.eclipse.lsp4j.jsonrpc.services.GenericEndpoint notify
2026-01-31 11:36:26,475 [ERROR] LogOutputStream:75 - [STDERR_REDIRECT] WARNING: Unsupported notification method: didChangeStatus
2026-01-31 11:36:26,475 [ERROR] LogOutputStream:75 - [STDERR_REDIRECT] 
2026-01-31 11:36:28,179 [ERROR] LogOutputStream:75 - [STDERR_REDIRECT] Jan 31, 2026 11:36:28 AM org.eclipse.lsp4j.jsonrpc.services.GenericEndpoint notify
2026-01-31 11:36:28,179 [ERROR] LogOutputStream:75 - [STDERR_REDIRECT] WARNING: Unsupported notification method: statusNotification
2026-01-31 11:36:28,179 [ERROR] LogOutputStream:75 - [STDERR_REDIRECT] 
2026-01-31 11:36:28,180 [ERROR] LogOutputStream:75 - [STDERR_REDIRECT] Jan 31, 2026 11:36:28 AM org.eclipse.lsp4j.jsonrpc.services.GenericEndpoint notify
2026-01-31 11:36:28,180 [ERROR] LogOutputStream:75 - [STDERR_REDIRECT] WARNING: Unsupported notification method: didChangeStatus
2026-01-31 11:36:28,180 [ERROR] LogOutputStream:75 - [STDERR_REDIRECT] 
2026-01-31 11:39:30,126 [ERROR] LogOutputStream:75 - [STDERR_REDIRECT] Jan 31, 2026 11:39:30 AM org.eclipse.lsp4j.jsonrpc.services.GenericEndpoint notify
2026-01-31 11:39:30,127 [ERROR] LogOutputStream:75 - [STDERR_REDIRECT] WARNING: Unsupported notification method: statusNotification
2026-01-31 11:39:30,127 [ERROR] LogOutputStream:75 - [STDERR_REDIRECT] 
2026-01-31 11:39:30,128 [ERROR] LogOutputStream:75 - [STDERR_REDIRECT] Jan 31, 2026 11:39:30 AM org.eclipse.lsp4j.jsonrpc.services.GenericEndpoint notify
2026-01-31 11:39:30,128 [ERROR] LogOutputStream:75 - [STDERR_REDIRECT] WARNING: Unsupported notification method: didChangeStatus
2026-01-31 11:39:30,128 [ERROR] LogOutputStream:75 - [STDERR_REDIRECT] 
2026-01-31 11:39:31,886 [ERROR] LogOutputStream:75 - [STDERR_REDIRECT] Jan 31, 2026 11:39:31 AM org.eclipse.lsp4j.jsonrpc.services.GenericEndpoint notify
2026-01-31 11:39:31,886 [ERROR] LogOutputStream:75 - [STDERR_REDIRECT] WARNING: Unsupported notification method: statusNotification
2026-01-31 11:39:31,887 [ERROR] LogOutputStream:75 - [STDERR_REDIRECT] 
2026-01-31 11:39:31,887 [ERROR] LogOutputStream:75 - [STDERR_REDIRECT] Jan 31, 2026 11:39:31 AM org.eclipse.lsp4j.jsonrpc.services.GenericEndpoint notify
2026-01-31 11:39:31,887 [ERROR] LogOutputStream:75 - [STDERR_REDIRECT] WARNING: Unsupported notification method: didChangeStatus
2026-01-31 11:39:31,888 [ERROR] LogOutputStream:75 - [STDERR_REDIRECT] 
2026-01-31 11:39:31,947 [ERROR] LogOutputStream:75 - [STDERR_REDIRECT] Jan 31, 2026 11:39:31 AM org.eclipse.lsp4j.jsonrpc.services.GenericEndpoint notify
2026-01-31 11:39:31,947 [ERROR] LogOutputStream:75 - [STDERR_REDIRECT] WARNING: Unsupported notification method: statusNotification
2026-01-31 11:39:31,947 [ERROR] LogOutputStream:75 - [STDERR_REDIRECT] 
2026-01-31 11:39:31,948 [ERROR] LogOutputStream:75 - [STDERR_REDIRECT] Jan 31, 2026 11:39:31 AM org.eclipse.lsp4j.jsonrpc.services.GenericEndpoint notify
2026-01-31 11:39:31,948 [ERROR] LogOutputStream:75 - [STDERR_REDIRECT] WARNING: Unsupported notification method: didChangeStatus
2026-01-31 11:39:31,948 [ERROR] LogOutputStream:75 - [STDERR_REDIRECT] 
2026-01-31 11:39:32,500 [ERROR] LogOutputStream:75 - [STDERR_REDIRECT] Jan 31, 2026 11:39:32 AM org.eclipse.lsp4j.jsonrpc.services.GenericEndpoint notify
2026-01-31 11:39:32,501 [ERROR] LogOutputStream:75 - [STDERR_REDIRECT] WARNING: Unsupported notification method: statusNotification
2026-01-31 11:39:32,502 [ERROR] LogOutputStream:75 - [STDERR_REDIRECT] 
2026-01-31 11:39:32,504 [ERROR] LogOutputStream:75 - [STDERR_REDIRECT] Jan 31, 2026 11:39:32 AM org.eclipse.lsp4j.jsonrpc.services.GenericEndpoint notify
2026-01-31 11:39:32,506 [ERROR] LogOutputStream:75 - [STDERR_REDIRECT] WARNING: Unsupported notification method: didChangeStatus
2026-01-31 11:39:32,507 [ERROR] LogOutputStream:75 - [STDERR_REDIRECT] 
2026-01-31 11:41:22,395 [ERROR] LogOutputStream:75 - [STDERR_REDIRECT] Jan 31, 2026 11:41:22 AM org.eclipse.lsp4j.jsonrpc.services.GenericEndpoint notify
2026-01-31 11:41:22,396 [ERROR] LogOutputStream:75 - [STDERR_REDIRECT] WARNING: Unsupported notification method: statusNotification
2026-01-31 11:41:22,396 [ERROR] LogOutputStream:75 - [STDERR_REDIRECT] 
2026-01-31 11:41:22,398 [ERROR] LogOutputStream:75 - [STDERR_REDIRECT] Jan 31, 2026 11:41:22 AM org.eclipse.lsp4j.jsonrpc.services.GenericEndpoint notify
2026-01-31 11:41:22,398 [ERROR] LogOutputStream:75 - [STDERR_REDIRECT] WARNING: Unsupported notification method: didChangeStatus
2026-01-31 11:41:22,398 [ERROR] LogOutputStream:75 - [STDERR_REDIRECT] 
2026-01-31 11:41:23,335 [ERROR] LogOutputStream:75 - [STDERR_REDIRECT] Jan 31, 2026 11:41:23 AM org.eclipse.lsp4j.jsonrpc.services.GenericEndpoint notify
2026-01-31 11:41:23,336 [ERROR] LogOutputStream:75 - [STDERR_REDIRECT] WARNING: Unsupported notification method: statusNotification
2026-01-31 11:41:23,336 [ERROR] LogOutputStream:75 - [STDERR_REDIRECT] 
2026-01-31 11:41:23,336 [ERROR] LogOutputStream:75 - [STDERR_REDIRECT] Jan 31, 2026 11:41:23 AM org.eclipse.lsp4j.jsonrpc.services.GenericEndpoint notify
2026-01-31 11:41:23,336 [ERROR] LogOutputStream:75 - [STDERR_REDIRECT] WARNING: Unsupported notification method: didChangeStatus
2026-01-31 11:41:23,337 [ERROR] LogOutputStream:75 - [STDERR_REDIRECT] 
2026-01-31 11:41:23,368 [ERROR] LogOutputStream:75 - [STDERR_REDIRECT] Jan 31, 2026 11:41:23 AM org.eclipse.lsp4j.jsonrpc.services.GenericEndpoint notify
2026-01-31 11:41:23,369 [ERROR] LogOutputStream:75 - [STDERR_REDIRECT] WARNING: Unsupported notification method: statusNotification
2026-01-31 11:41:23,369 [ERROR] LogOutputStream:75 - [STDERR_REDIRECT] 
2026-01-31 11:41:23,369 [ERROR] LogOutputStream:75 - [STDERR_REDIRECT] Jan 31, 2026 11:41:23 AM org.eclipse.lsp4j.jsonrpc.services.GenericEndpoint notify
2026-01-31 11:41:23,370 [ERROR] LogOutputStream:75 - [STDERR_REDIRECT] WARNING: Unsupported notification method: didChangeStatus
2026-01-31 11:41:23,370 [ERROR] LogOutputStream:75 - [STDERR_REDIRECT] 
2026-01-31 11:41:23,934 [ERROR] LogOutputStream:75 - [STDERR_REDIRECT] Jan 31, 2026 11:41:23 AM org.eclipse.lsp4j.jsonrpc.services.GenericEndpoint notify
2026-01-31 11:41:23,935 [ERROR] LogOutputStream:75 - [STDERR_REDIRECT] WARNING: Unsupported notification method: statusNotification
2026-01-31 11:41:23,935 [ERROR] LogOutputStream:75 - [STDERR_REDIRECT] 
2026-01-31 11:41:23,936 [ERROR] LogOutputStream:75 - [STDERR_REDIRECT] Jan 31, 2026 11:41:23 AM org.eclipse.lsp4j.jsonrpc.services.GenericEndpoint notify
2026-01-31 11:41:23,936 [ERROR] LogOutputStream:75 - [STDERR_REDIRECT] WARNING: Unsupported notification method: didChangeStatus
2026-01-31 11:41:23,936 [ERROR] LogOutputStream:75 - [STDERR_REDIRECT] 
2026-01-31 11:41:24,007 [ERROR] LogOutputStream:75 - [STDERR_REDIRECT] Jan 31, 2026 11:41:24 AM org.eclipse.lsp4j.jsonrpc.services.GenericEndpoint notify
2026-01-31 11:41:24,008 [ERROR] LogOutputStream:75 - [STDERR_REDIRECT] WARNING: Unsupported notification method: statusNotification
2026-01-31 11:41:24,008 [ERROR] LogOutputStream:75 - [STDERR_REDIRECT] 
2026-01-31 11:41:24,009 [ERROR] LogOutputStream:75 - [STDERR_REDIRECT] Jan 31, 2026 11:41:24 AM org.eclipse.lsp4j.jsonrpc.services.GenericEndpoint notify
2026-01-31 11:41:24,009 [ERROR] LogOutputStream:75 - [STDERR_REDIRECT] WARNING: Unsupported notification method: didChangeStatus
2026-01-31 11:41:24,010 [ERROR] LogOutputStream:75 - [STDERR_REDIRECT] 
2026-01-31 11:41:24,479 [ERROR] LogOutputStream:75 - [STDERR_REDIRECT] Jan 31, 2026 11:41:24 AM org.eclipse.lsp4j.jsonrpc.services.GenericEndpoint notify
2026-01-31 11:41:24,480 [ERROR] LogOutputStream:75 - [STDERR_REDIRECT] WARNING: Unsupported notification method: statusNotification
2026-01-31 11:41:24,480 [ERROR] LogOutputStream:75 - [STDERR_REDIRECT] 
2026-01-31 11:41:24,481 [ERROR] LogOutputStream:75 - [STDERR_REDIRECT] Jan 31, 2026 11:41:24 AM org.eclipse.lsp4j.jsonrpc.services.GenericEndpoint notify
2026-01-31 11:41:24,481 [ERROR] LogOutputStream:75 - [STDERR_REDIRECT] WARNING: Unsupported notification method: didChangeStatus
2026-01-31 11:41:24,481 [ERROR] LogOutputStream:75 - [STDERR_REDIRECT] 
2026-01-31 11:41:24,523 [ERROR] LogOutputStream:75 - [STDERR_REDIRECT] Jan 31, 2026 11:41:24 AM org.eclipse.lsp4j.jsonrpc.services.GenericEndpoint notify
2026-01-31 11:41:24,524 [ERROR] LogOutputStream:75 - [STDERR_REDIRECT] WARNING: Unsupported notification method: statusNotification
2026-01-31 11:41:24,524 [ERROR] LogOutputStream:75 - [STDERR_REDIRECT] 
2026-01-31 11:41:24,526 [ERROR] LogOutputStream:75 - [STDERR_REDIRECT] Jan 31, 2026 11:41:24 AM org.eclipse.lsp4j.jsonrpc.services.GenericEndpoint notify
2026-01-31 11:41:24,526 [ERROR] LogOutputStream:75 - [STDERR_REDIRECT] WARNING: Unsupported notification method: didChangeStatus
2026-01-31 11:41:24,526 [ERROR] LogOutputStream:75 - [STDERR_REDIRECT] 
2026-01-31 11:41:25,032 [ERROR] LogOutputStream:75 - [STDERR_REDIRECT] Jan 31, 2026 11:41:25 AM org.eclipse.lsp4j.jsonrpc.services.GenericEndpoint notify
2026-01-31 11:41:25,032 [ERROR] LogOutputStream:75 - [STDERR_REDIRECT] WARNING: Unsupported notification method: statusNotification
2026-01-31 11:41:25,032 [ERROR] LogOutputStream:75 - [STDERR_REDIRECT] 
2026-01-31 11:41:25,033 [ERROR] LogOutputStream:75 - [STDERR_REDIRECT] Jan 31, 2026 11:41:25 AM org.eclipse.lsp4j.jsonrpc.services.GenericEndpoint notify
2026-01-31 11:41:25,033 [ERROR] LogOutputStream:75 - [STDERR_REDIRECT] WARNING: Unsupported notification method: didChangeStatus
2026-01-31 11:41:25,033 [ERROR] LogOutputStream:75 - [STDERR_REDIRECT] 
2026-01-31 11:41:25,681 [ERROR] LogOutputStream:75 - [STDERR_REDIRECT] Jan 31, 2026 11:41:25 AM org.eclipse.lsp4j.jsonrpc.services.GenericEndpoint notify
2026-01-31 11:41:25,681 [ERROR] LogOutputStream:75 - [STDERR_REDIRECT] WARNING: Unsupported notification method: statusNotification
2026-01-31 11:41:25,682 [ERROR] LogOutputStream:75 - [STDERR_REDIRECT] 
2026-01-31 11:41:25,682 [ERROR] LogOutputStream:75 - [STDERR_REDIRECT] Jan 31, 2026 11:41:25 AM org.eclipse.lsp4j.jsonrpc.services.GenericEndpoint notify
2026-01-31 11:41:25,683 [ERROR] LogOutputStream:75 - [STDERR_REDIRECT] WARNING: Unsupported notification method: didChangeStatus
2026-01-31 11:41:25,683 [ERROR] LogOutputStream:75 - [STDERR_REDIRECT] 
2026-01-31 11:41:26,681 [ERROR] LogOutputStream:75 - [STDERR_REDIRECT] Jan 31, 2026 11:41:26 AM org.eclipse.lsp4j.jsonrpc.services.GenericEndpoint notify
2026-01-31 11:41:26,681 [ERROR] LogOutputStream:75 - [STDERR_REDIRECT] WARNING: Unsupported notification method: statusNotification
2026-01-31 11:41:26,681 [ERROR] LogOutputStream:75 - [STDERR_REDIRECT] 
2026-01-31 11:41:26,682 [ERROR] LogOutputStream:75 - [STDERR_REDIRECT] Jan 31, 2026 11:41:26 AM org.eclipse.lsp4j.jsonrpc.services.GenericEndpoint notify
2026-01-31 11:41:26,682 [ERROR] LogOutputStream:75 - [STDERR_REDIRECT] WARNING: Unsupported notification method: didChangeStatus
2026-01-31 11:41:26,683 [ERROR] LogOutputStream:75 - [STDERR_REDIRECT] 
2026-01-31 11:41:26,727 [ERROR] LogOutputStream:75 - [STDERR_REDIRECT] Jan 31, 2026 11:41:26 AM org.eclipse.lsp4j.jsonrpc.services.GenericEndpoint notify
2026-01-31 11:41:26,728 [ERROR] LogOutputStream:75 - [STDERR_REDIRECT] WARNING: Unsupported notification method: statusNotification
2026-01-31 11:41:26,728 [ERROR] LogOutputStream:75 - [STDERR_REDIRECT] 
2026-01-31 11:41:26,729 [ERROR] LogOutputStream:75 - [STDERR_REDIRECT] Jan 31, 2026 11:41:26 AM org.eclipse.lsp4j.jsonrpc.services.GenericEndpoint notify
2026-01-31 11:41:26,730 [ERROR] LogOutputStream:75 - [STDERR_REDIRECT] WARNING: Unsupported notification method: didChangeStatus
2026-01-31 11:41:26,730 [ERROR] LogOutputStream:75 - [STDERR_REDIRECT] 
2026-01-31 11:41:27,832 [ERROR] LogOutputStream:75 - [STDERR_REDIRECT] Jan 31, 2026 11:41:27 AM org.eclipse.lsp4j.jsonrpc.services.GenericEndpoint notify
2026-01-31 11:41:27,833 [ERROR] LogOutputStream:75 - [STDERR_REDIRECT] WARNING: Unsupported notification method: statusNotification
2026-01-31 11:41:27,833 [ERROR] LogOutputStream:75 - [STDERR_REDIRECT] 
2026-01-31 11:41:27,834 [ERROR] LogOutputStream:75 - [STDERR_REDIRECT] Jan 31, 2026 11:41:27 AM org.eclipse.lsp4j.jsonrpc.services.GenericEndpoint notify
2026-01-31 11:41:27,834 [ERROR] LogOutputStream:75 - [STDERR_REDIRECT] WARNING: Unsupported notification method: didChangeStatus
2026-01-31 11:41:27,834 [ERROR] LogOutputStream:75 - [STDERR_REDIRECT] 
2026-01-31 11:41:27,875 [ERROR] LogOutputStream:75 - [STDERR_REDIRECT] Jan 31, 2026 11:41:27 AM org.eclipse.lsp4j.jsonrpc.services.GenericEndpoint notify
2026-01-31 11:41:27,876 [ERROR] LogOutputStream:75 - [STDERR_REDIRECT] WARNING: Unsupported notification method: statusNotification
2026-01-31 11:41:27,876 [ERROR] LogOutputStream:75 - [STDERR_REDIRECT] 
2026-01-31 11:41:27,877 [ERROR] LogOutputStream:75 - [STDERR_REDIRECT] Jan 31, 2026 11:41:27 AM org.eclipse.lsp4j.jsonrpc.services.GenericEndpoint notify
2026-01-31 11:41:27,877 [ERROR] LogOutputStream:75 - [STDERR_REDIRECT] WARNING: Unsupported notification method: didChangeStatus
2026-01-31 11:41:27,878 [ERROR] LogOutputStream:75 - [STDERR_REDIRECT] 
2026-01-31 11:41:28,957 [ERROR] LogOutputStream:75 - [STDERR_REDIRECT] Jan 31, 2026 11:41:28 AM org.eclipse.lsp4j.jsonrpc.services.GenericEndpoint notify
2026-01-31 11:41:28,957 [ERROR] LogOutputStream:75 - [STDERR_REDIRECT] WARNING: Unsupported notification method: statusNotification
2026-01-31 11:41:28,958 [ERROR] LogOutputStream:75 - [STDERR_REDIRECT] 
2026-01-31 11:41:28,958 [ERROR] LogOutputStream:75 - [STDERR_REDIRECT] Jan 31, 2026 11:41:28 AM org.eclipse.lsp4j.jsonrpc.services.GenericEndpoint notify
2026-01-31 11:41:28,958 [ERROR] LogOutputStream:75 - [STDERR_REDIRECT] WARNING: Unsupported notification method: didChangeStatus
2026-01-31 11:41:28,958 [ERROR] LogOutputStream:75 - [STDERR_REDIRECT] 
2026-01-31 11:41:28,975 [ERROR] LogOutputStream:75 - [STDERR_REDIRECT] Jan 31, 2026 11:41:28 AM org.eclipse.lsp4j.jsonrpc.services.GenericEndpoint notify
2026-01-31 11:41:28,975 [ERROR] LogOutputStream:75 - [STDERR_REDIRECT] WARNING: Unsupported notification method: statusNotification
2026-01-31 11:41:28,976 [ERROR] LogOutputStream:75 - [STDERR_REDIRECT] 
2026-01-31 11:41:28,976 [ERROR] LogOutputStream:75 - [STDERR_REDIRECT] Jan 31, 2026 11:41:28 AM org.eclipse.lsp4j.jsonrpc.services.GenericEndpoint notify
2026-01-31 11:41:28,976 [ERROR] LogOutputStream:75 - [STDERR_REDIRECT] WARNING: Unsupported notification method: didChangeStatus
2026-01-31 11:41:28,976 [ERROR] LogOutputStream:75 - [STDERR_REDIRECT] 
2026-01-31 11:41:29,669 [ERROR] LogOutputStream:75 - [STDERR_REDIRECT] Jan 31, 2026 11:41:29 AM org.eclipse.lsp4j.jsonrpc.services.GenericEndpoint notify
2026-01-31 11:41:29,670 [ERROR] LogOutputStream:75 - [STDERR_REDIRECT] WARNING: Unsupported notification method: statusNotification
2026-01-31 11:41:29,670 [ERROR] LogOutputStream:75 - [STDERR_REDIRECT] 
2026-01-31 11:41:29,670 [ERROR] LogOutputStream:75 - [STDERR_REDIRECT] Jan 31, 2026 11:41:29 AM org.eclipse.lsp4j.jsonrpc.services.GenericEndpoint notify
2026-01-31 11:41:29,670 [ERROR] LogOutputStream:75 - [STDERR_REDIRECT] WARNING: Unsupported notification method: didChangeStatus
2026-01-31 11:41:29,670 [ERROR] LogOutputStream:75 - [STDERR_REDIRECT] 
2026-01-31 11:41:29,710 [ERROR] LogOutputStream:75 - [STDERR_REDIRECT] Jan 31, 2026 11:41:29 AM org.eclipse.lsp4j.jsonrpc.services.GenericEndpoint notify
2026-01-31 11:41:29,710 [ERROR] LogOutputStream:75 - [STDERR_REDIRECT] WARNING: Unsupported notification method: statusNotification
2026-01-31 11:41:29,710 [ERROR] LogOutputStream:75 - [STDERR_REDIRECT] 
2026-01-31 11:41:29,711 [ERROR] LogOutputStream:75 - [STDERR_REDIRECT] Jan 31, 2026 11:41:29 AM org.eclipse.lsp4j.jsonrpc.services.GenericEndpoint notify
2026-01-31 11:41:29,711 [ERROR] LogOutputStream:75 - [STDERR_REDIRECT] WARNING: Unsupported notification method: didChangeStatus
2026-01-31 11:41:29,711 [ERROR] LogOutputStream:75 - [STDERR_REDIRECT] 
2026-01-31 11:41:30,288 [ERROR] LogOutputStream:75 - [STDERR_REDIRECT] Jan 31, 2026 11:41:30 AM org.eclipse.lsp4j.jsonrpc.services.GenericEndpoint notify
2026-01-31 11:41:30,289 [ERROR] LogOutputStream:75 - [STDERR_REDIRECT] WARNING: Unsupported notification method: statusNotification
2026-01-31 11:41:30,289 [ERROR] LogOutputStream:75 - [STDERR_REDIRECT] 
2026-01-31 11:41:30,290 [ERROR] LogOutputStream:75 - [STDERR_REDIRECT] Jan 31, 2026 11:41:30 AM org.eclipse.lsp4j.jsonrpc.services.GenericEndpoint notify
2026-01-31 11:41:30,290 [ERROR] LogOutputStream:75 - [STDERR_REDIRECT] WARNING: Unsupported notification method: didChangeStatus
2026-01-31 11:41:30,290 [ERROR] LogOutputStream:75 - [STDERR_REDIRECT] 
2026-01-31 11:41:35,547 [ERROR] LogOutputStream:75 - [STDERR_REDIRECT] Jan 31, 2026 11:41:35 AM org.eclipse.lsp4j.jsonrpc.services.GenericEndpoint notify
2026-01-31 11:41:35,548 [ERROR] LogOutputStream:75 - [STDERR_REDIRECT] WARNING: Unsupported notification method: statusNotification
2026-01-31 11:41:35,548 [ERROR] LogOutputStream:75 - [STDERR_REDIRECT] 
2026-01-31 11:41:35,549 [ERROR] LogOutputStream:75 - [STDERR_REDIRECT] Jan 31, 2026 11:41:35 AM org.eclipse.lsp4j.jsonrpc.services.GenericEndpoint notify
2026-01-31 11:41:35,550 [ERROR] LogOutputStream:75 - [STDERR_REDIRECT] WARNING: Unsupported notification method: didChangeStatus
2026-01-31 11:41:35,550 [ERROR] LogOutputStream:75 - [STDERR_REDIRECT] 
2026-01-31 11:41:36,324 [ERROR] LogOutputStream:75 - [STDERR_REDIRECT] Jan 31, 2026 11:41:36 AM org.eclipse.lsp4j.jsonrpc.services.GenericEndpoint notify
2026-01-31 11:41:36,324 [ERROR] LogOutputStream:75 - [STDERR_REDIRECT] WARNING: Unsupported notification method: statusNotification
2026-01-31 11:41:36,325 [ERROR] LogOutputStream:75 - [STDERR_REDIRECT] 
2026-01-31 11:41:36,325 [ERROR] LogOutputStream:75 - [STDERR_REDIRECT] Jan 31, 2026 11:41:36 AM org.eclipse.lsp4j.jsonrpc.services.GenericEndpoint notify
2026-01-31 11:41:36,326 [ERROR] LogOutputStream:75 - [STDERR_REDIRECT] WARNING: Unsupported notification method: didChangeStatus
2026-01-31 11:41:36,326 [ERROR] LogOutputStream:75 - [STDERR_REDIRECT] 
2026-01-31 11:43:46,604 [INFO] McuFinderGlobals:63 - Set McuFinder mode to 2 (CubeIDE integrated)
2026-01-31 11:43:47,223 [INFO] MainUpdater:2872 - connection check result : 10
2026-01-31 11:43:47,226 [INFO] MainUpdater:2872 - connection check result : 10
2026-01-31 11:43:47,301 [INFO] MicroXplorer:468 - Change Database Path : 
2026-01-31 11:43:47,302 [INFO] MicroXplorer:498 - Change Database Version : DB.6.0.150
2026-01-31 11:43:47,313 [WARN] ThirdParty:871 - waiting for thirdparty lock release [close project]
2026-01-31 11:43:47,313 [INFO] ThirdParty:873 - entering critical section [close project]
2026-01-31 11:43:47,321 [INFO] ThirdParty:883 - exiting critical section [close project]
2026-01-31 11:43:47,329 [INFO] PinOutPanel:1589 - setPackage(No Configuration,No Configuration)
2026-01-31 11:43:47,338 [INFO] UtilMem:75 - Begin LoadConfig() Used Memory: 437195576 Bytes (564133888)
2026-01-31 11:43:47,344 [INFO] MicroXplorer:468 - Change Database Path : 
2026-01-31 11:43:47,344 [INFO] MicroXplorer:498 - Change Database Version : DB.6.0.150
2026-01-31 11:43:47,345 [INFO] OpenFileManager:355 - Change cursor
2026-01-31 11:43:47,512 [INFO] ThirdPartyDownloadManager:103 - Found SW packSTMicroelectronics.X-CUBE-AZRTOS-F4.1.1.0up-to-date on disk
2026-01-31 11:43:47,617 [INFO] Mcu:2029 - Initializing MCU STM32F446R(C-E)Tx STM32F446RCTx STM32F446RCT6
2026-01-31 11:43:51,006 [INFO] Context:786 - Trying to add GPIOservice into a context  which must be forbidden
2026-01-31 11:43:52,702 [INFO] ApiDbMcu:532 - Load IP Config File for STMicroelectronics.X-CUBE-AZRTOS-F4.1.1.0
2026-01-31 11:43:52,974 [INFO] ImportTextPane:234 - (OptionalMessage_ERROR) Pin34 (VP_RIF_VS_RIF1) cannot be retrieved for this MCU
2026-01-31 11:43:53,213 [INFO] RtosManager:558 - Registered RTOS mode: class=CMSIS, group=RTOS, mode=CMSIS_V1, owner=FREERTOS
2026-01-31 11:43:53,214 [INFO] RtosManager:558 - Registered RTOS mode: class=CMSIS, group=RTOS2, mode=CMSIS_V2, owner=FREERTOS
2026-01-31 11:43:53,214 [INFO] RtosManager:558 - Registered RTOS mode: class=RTOS, group=Core, mode=CMSIS_V1, owner=FREERTOS
2026-01-31 11:43:53,214 [INFO] RtosManager:558 - Registered RTOS mode: class=RTOS, group=Core, mode=CMSIS_V2, owner=FREERTOS
2026-01-31 11:43:53,215 [WARN] ModelIntegratedComponent:184 - Missing modes for component STMicroelectronics:FreeRTOS:0.0.1:STMicroelectronics:RTOS:FreeRTOS:Core:::10.2.0:
2026-01-31 11:43:53,235 [WARN] ModelIntegratedComponent:63 - No mode defined for component null
2026-01-31 11:43:53,235 [WARN] ModelIntegratedComponent:63 - No mode defined for component null
2026-01-31 11:43:53,236 [WARN] ModelIntegratedComponent:63 - No mode defined for component null
2026-01-31 11:43:53,236 [WARN] ModelIntegratedComponent:63 - No mode defined for component null
2026-01-31 11:43:53,236 [WARN] ModelIntegratedComponent:63 - No mode defined for component null
2026-01-31 11:43:53,236 [WARN] ModelIntegratedComponent:63 - No mode defined for component null
2026-01-31 11:43:53,236 [WARN] ModelIntegratedComponent:63 - No mode defined for component null
2026-01-31 11:43:53,236 [WARN] ModelIntegratedComponent:63 - No mode defined for component null
2026-01-31 11:43:53,237 [WARN] ModelIntegratedComponent:63 - No mode defined for component null
2026-01-31 11:43:53,237 [WARN] ModelIntegratedComponent:63 - No mode defined for component null
2026-01-31 11:43:53,237 [WARN] ModelIntegratedComponent:63 - No mode defined for component null
2026-01-31 11:43:53,237 [WARN] ModelIntegratedComponent:63 - No mode defined for component null
2026-01-31 11:43:53,237 [WARN] ModelIntegratedComponent:63 - No mode defined for component null
2026-01-31 11:43:53,237 [WARN] ModelIntegratedComponent:63 - No mode defined for component null
2026-01-31 11:43:53,238 [WARN] ModelIntegratedComponent:63 - No mode defined for component null
2026-01-31 11:43:53,238 [WARN] ModelIntegratedComponent:63 - No mode defined for component null
2026-01-31 11:43:53,238 [WARN] ModelIntegratedComponent:63 - No mode defined for component null
2026-01-31 11:43:53,238 [WARN] ModelIntegratedComponent:63 - No mode defined for component null
2026-01-31 11:43:53,238 [WARN] ModelIntegratedComponent:63 - No mode defined for component null
2026-01-31 11:43:53,238 [WARN] ModelIntegratedComponent:63 - No mode defined for component null
2026-01-31 11:43:53,238 [WARN] ModelIntegratedComponent:63 - No mode defined for component null
2026-01-31 11:43:53,239 [WARN] ModelIntegratedComponent:63 - No mode defined for component null
2026-01-31 11:43:53,239 [WARN] ModelIntegratedComponent:63 - No mode defined for component null
2026-01-31 11:43:53,239 [WARN] ModelIntegratedComponent:63 - No mode defined for component null
2026-01-31 11:43:53,239 [WARN] ModelIntegratedComponent:63 - No mode defined for component null
2026-01-31 11:43:53,239 [WARN] ModelIntegratedComponent:63 - No mode defined for component null
2026-01-31 11:43:53,239 [WARN] ModelIntegratedComponent:63 - No mode defined for component null
2026-01-31 11:43:53,239 [WARN] ModelIntegratedComponent:63 - No mode defined for component null
2026-01-31 11:43:53,240 [WARN] ModelIntegratedComponent:63 - No mode defined for component null
2026-01-31 11:43:53,240 [WARN] ModelIntegratedComponent:63 - No mode defined for component null
2026-01-31 11:43:53,240 [WARN] ModelIntegratedComponent:63 - No mode defined for component null
2026-01-31 11:43:53,240 [WARN] ModelIntegratedComponent:63 - No mode defined for component null
2026-01-31 11:43:53,240 [WARN] ModelIntegratedComponent:63 - No mode defined for component null
2026-01-31 11:43:53,240 [WARN] ModelIntegratedComponent:63 - No mode defined for component null
2026-01-31 11:43:53,240 [WARN] ModelIntegratedComponent:63 - No mode defined for component null
2026-01-31 11:43:53,241 [WARN] ModelPack:524 - Component already loaded: STMicroelectronics:HAL Drivers:0.0.0:STMicroelectronics:Device:STMicro_Driver:XSPI:HAL::0.0.1:HAL_XSPI
2026-01-31 11:43:53,735 [WARN] IP:2250 - TX_NO_TIMER not found: check if there is a RefParameter without a condition.
2026-01-31 11:43:53,735 [WARN] IP:2250 - ALIGN_TYPE_VAL not found: check if there is a RefParameter without a condition.
2026-01-31 11:43:53,741 [WARN] IP:2250 - TX_NO_TIMER not found: check if there is a RefParameter without a condition.
2026-01-31 11:43:53,742 [WARN] IP:2250 - ALIGN_TYPE_VAL not found: check if there is a RefParameter without a condition.
2026-01-31 11:43:53,755 [INFO] RtosManager:558 - Registered RTOS mode: class=RTOS, group=ThreadX, mode=RTOSJjThreadX, owner=STMicroelectronics.X-CUBE-AZRTOS-F4.1.1.0
2026-01-31 11:43:53,760 [WARN] IP:2250 - TX_NO_TIMER not found: check if there is a RefParameter without a condition.
2026-01-31 11:43:53,760 [WARN] IP:2250 - ALIGN_TYPE_VAL not found: check if there is a RefParameter without a condition.
2026-01-31 11:43:53,764 [WARN] IP:2250 - TX_NO_TIMER not found: check if there is a RefParameter without a condition.
2026-01-31 11:43:53,765 [WARN] IP:2250 - ALIGN_TYPE_VAL not found: check if there is a RefParameter without a condition.
2026-01-31 11:43:53,769 [WARN] IP:2250 - TX_NO_TIMER not found: check if there is a RefParameter without a condition.
2026-01-31 11:43:53,769 [WARN] IP:2250 - ALIGN_TYPE_VAL not found: check if there is a RefParameter without a condition.
2026-01-31 11:43:53,774 [WARN] IP:2250 - TX_NO_TIMER not found: check if there is a RefParameter without a condition.
2026-01-31 11:43:53,774 [WARN] IP:2250 - ALIGN_TYPE_VAL not found: check if there is a RefParameter without a condition.
2026-01-31 11:43:55,032 [INFO] ThirdPartyModel:298 - Start build external matchings
2026-01-31 11:43:56,222 [INFO] ThirdPartyModel:316 - End build external matchings
2026-01-31 11:43:56,251 [INFO] RtosManager:1018 - Current active RTOS is STMicroelectronics.X-CUBE-AZRTOS-F4.1.1.0 [Cortex-M4NS]
2026-01-31 11:43:56,263 [INFO] ImportTextPane:234 - (OptionalMessage_ERROR) IP (DMA) : Parameter (Instance) has Id (USART6_RX) currently not set
2026-01-31 11:43:56,263 [INFO] ImportTextPane:234 - (OptionalMessage_ERROR) IP (DMA) : Parameter (Channel) has Id (USART6_RX) currently not set
2026-01-31 11:43:56,263 [INFO] ImportTextPane:234 - (OptionalMessage_ERROR) IP (DMA) : Parameter (Direction) has Id (USART6_RX) currently not set
2026-01-31 11:43:56,263 [INFO] ImportTextPane:234 - (OptionalMessage_ERROR) IP (DMA) : Parameter (PeriphInc) has Id (USART6_RX) currently not set
2026-01-31 11:43:56,263 [INFO] ImportTextPane:234 - (OptionalMessage_ERROR) IP (DMA) : Parameter (MemInc) has Id (USART6_RX) currently not set
2026-01-31 11:43:56,264 [INFO] ImportTextPane:234 - (OptionalMessage_ERROR) IP (DMA) : Parameter (PeriphDataAlignment) has Id (USART6_RX) currently not set
2026-01-31 11:43:56,264 [INFO] ImportTextPane:234 - (OptionalMessage_ERROR) IP (DMA) : Parameter (MemDataAlignment) has Id (USART6_RX) currently not set
2026-01-31 11:43:56,264 [INFO] ImportTextPane:234 - (OptionalMessage_ERROR) IP (DMA) : Parameter (Mode) has Id (USART6_RX) currently not set
2026-01-31 11:43:56,264 [INFO] ImportTextPane:234 - (OptionalMessage_ERROR) IP (DMA) : Parameter (Priority) has Id (USART6_RX) currently not set
2026-01-31 11:43:56,264 [INFO] ImportTextPane:234 - (OptionalMessage_ERROR) IP (DMA) : Parameter (FIFOMode) has Id (USART6_RX) currently not set
2026-01-31 11:43:56,264 [INFO] ImportTextPane:234 - (OptionalMessage_ERROR) IP (DMA) : Parameter (Instance) has Id (USART6_TX) currently not set
2026-01-31 11:43:56,264 [INFO] ImportTextPane:234 - (OptionalMessage_ERROR) IP (DMA) : Parameter (Channel) has Id (USART6_TX) currently not set
2026-01-31 11:43:56,264 [INFO] ImportTextPane:234 - (OptionalMessage_ERROR) IP (DMA) : Parameter (Direction) has Id (USART6_TX) currently not set
2026-01-31 11:43:56,264 [INFO] ImportTextPane:234 - (OptionalMessage_ERROR) IP (DMA) : Parameter (PeriphInc) has Id (USART6_TX) currently not set
2026-01-31 11:43:56,265 [INFO] ImportTextPane:234 - (OptionalMessage_ERROR) IP (DMA) : Parameter (MemInc) has Id (USART6_TX) currently not set
2026-01-31 11:43:56,265 [INFO] ImportTextPane:234 - (OptionalMessage_ERROR) IP (DMA) : Parameter (PeriphDataAlignment) has Id (USART6_TX) currently not set
2026-01-31 11:43:56,265 [INFO] ImportTextPane:234 - (OptionalMessage_ERROR) IP (DMA) : Parameter (MemDataAlignment) has Id (USART6_TX) currently not set
2026-01-31 11:43:56,265 [INFO] ImportTextPane:234 - (OptionalMessage_ERROR) IP (DMA) : Parameter (Mode) has Id (USART6_TX) currently not set
2026-01-31 11:43:56,265 [INFO] ImportTextPane:234 - (OptionalMessage_ERROR) IP (DMA) : Parameter (Priority) has Id (USART6_TX) currently not set
2026-01-31 11:43:56,265 [INFO] ImportTextPane:234 - (OptionalMessage_ERROR) IP (DMA) : Parameter (FIFOMode) has Id (USART6_TX) currently not set
2026-01-31 11:43:56,265 [INFO] ImportTextPane:234 - (OptionalMessage_ERROR) IP (DMA) : Parameter (Instance) has Id (USART3_RX) currently not set
2026-01-31 11:43:56,265 [INFO] ImportTextPane:234 - (OptionalMessage_ERROR) IP (DMA) : Parameter (Channel) has Id (USART3_RX) currently not set
2026-01-31 11:43:56,265 [INFO] ImportTextPane:234 - (OptionalMessage_ERROR) IP (DMA) : Parameter (Direction) has Id (USART3_RX) currently not set
2026-01-31 11:43:56,265 [INFO] ImportTextPane:234 - (OptionalMessage_ERROR) IP (DMA) : Parameter (PeriphInc) has Id (USART3_RX) currently not set
2026-01-31 11:43:56,265 [INFO] ImportTextPane:234 - (OptionalMessage_ERROR) IP (DMA) : Parameter (MemInc) has Id (USART3_RX) currently not set
2026-01-31 11:43:56,265 [INFO] ImportTextPane:234 - (OptionalMessage_ERROR) IP (DMA) : Parameter (PeriphDataAlignment) has Id (USART3_RX) currently not set
2026-01-31 11:43:56,265 [INFO] ImportTextPane:234 - (OptionalMessage_ERROR) IP (DMA) : Parameter (MemDataAlignment) has Id (USART3_RX) currently not set
2026-01-31 11:43:56,265 [INFO] ImportTextPane:234 - (OptionalMessage_ERROR) IP (DMA) : Parameter (Mode) has Id (USART3_RX) currently not set
2026-01-31 11:43:56,265 [INFO] ImportTextPane:234 - (OptionalMessage_ERROR) IP (DMA) : Parameter (Priority) has Id (USART3_RX) currently not set
2026-01-31 11:43:56,265 [INFO] ImportTextPane:234 - (OptionalMessage_ERROR) IP (DMA) : Parameter (FIFOMode) has Id (USART3_RX) currently not set
2026-01-31 11:43:56,266 [INFO] ImportTextPane:234 - (OptionalMessage_ERROR) IP (DMA) : Parameter (Instance) has Id (USART3_TX) currently not set
2026-01-31 11:43:56,266 [INFO] ImportTextPane:234 - (OptionalMessage_ERROR) IP (DMA) : Parameter (Channel) has Id (USART3_TX) currently not set
2026-01-31 11:43:56,266 [INFO] ImportTextPane:234 - (OptionalMessage_ERROR) IP (DMA) : Parameter (Direction) has Id (USART3_TX) currently not set
2026-01-31 11:43:56,266 [INFO] ImportTextPane:234 - (OptionalMessage_ERROR) IP (DMA) : Parameter (PeriphInc) has Id (USART3_TX) currently not set
2026-01-31 11:43:56,266 [INFO] ImportTextPane:234 - (OptionalMessage_ERROR) IP (DMA) : Parameter (MemInc) has Id (USART3_TX) currently not set
2026-01-31 11:43:56,266 [INFO] ImportTextPane:234 - (OptionalMessage_ERROR) IP (DMA) : Parameter (PeriphDataAlignment) has Id (USART3_TX) currently not set
2026-01-31 11:43:56,266 [INFO] ImportTextPane:234 - (OptionalMessage_ERROR) IP (DMA) : Parameter (MemDataAlignment) has Id (USART3_TX) currently not set
2026-01-31 11:43:56,266 [INFO] ImportTextPane:234 - (OptionalMessage_ERROR) IP (DMA) : Parameter (Mode) has Id (USART3_TX) currently not set
2026-01-31 11:43:56,266 [INFO] ImportTextPane:234 - (OptionalMessage_ERROR) IP (DMA) : Parameter (Priority) has Id (USART3_TX) currently not set
2026-01-31 11:43:56,266 [INFO] ImportTextPane:234 - (OptionalMessage_ERROR) IP (DMA) : Parameter (FIFOMode) has Id (USART3_TX) currently not set
2026-01-31 11:43:56,268 [INFO] ImportTextPane:234 - (OptionalMessage_ERROR) IP (RCC) : Invalid parameter (FamilyName)
2026-01-31 11:43:56,269 [INFO] ImportTextPane:234 - (OptionalMessage_ERROR) IP (RCC) : Parameter (MCO2PinFreq_Value) has invalid value (180000000)
2026-01-31 11:43:56,271 [WARN] IP:2250 - TX_NO_TIMER not found: check if there is a RefParameter without a condition.
2026-01-31 11:43:56,271 [WARN] IP:2250 - ALIGN_TYPE_VAL not found: check if there is a RefParameter without a condition.
2026-01-31 11:43:56,701 [INFO] ApiDb:581 - Connected to CubeFinder SQLite database (/home/tecna-smart-lab/.stmcufinder/plugins/mcufinder/mcu/cube-finder-db.db)
2026-01-31 11:43:56,752 [INFO] ApiDb:668 - CubeFinder database Data Model version=2.1
2026-01-31 11:43:56,752 [INFO] ApiDb:669 - CubeFinder database Configuration version=3.0.39
2026-01-31 11:43:56,753 [INFO] ApiDb:670 - CubeFinder database generation date=2025-12-22 (1766407740)
2026-01-31 11:43:56,753 [INFO] ApiDb:671 - CubeFinder database FW Pack versions=[FP-ATR-ASTRA1_V2.0.0, FP-SNS-FLIGHT1_V5.1.0, FP-SNS-MOTENV1_V5.1.0, FP-SNS-MOTENVWB1_V1.4.0, FP-SNS-SMARTAG2_V1.2.0, FP-SNS-STBOX1_V2.1.0, STM32Cube_FW_C0_V1.4.0, STM32Cube_FW_F4_V1.28.3, STM32Cube_FW_F7_V1.17.4, STM32Cube_FW_G0_V1.6.2, STM32Cube_FW_G4_V1.6.1, STM32Cube_FW_H5_V1.5.1, STM32Cube_FW_H7RS_V1.3.0, STM32Cube_FW_H7_V1.12.1, STM32Cube_FW_L0_V1.12.2, STM32Cube_FW_L4_V1.18.1, STM32Cube_FW_L5_V1.6.0, STM32Cube_FW_N6_V1.3.0, STM32Cube_FW_U0_V1.3.0, STM32Cube_FW_U3_V1.2.1, STM32Cube_FW_U5_V1.8.0, STM32Cube_FW_WB0_V1.4.0, STM32Cube_FW_WBA_V1.8.0, STM32Cube_FW_WB_V1.24.0, STM32Cube_FW_WL3_V1.3.0, STM32Cube_FW_WL_V1.4.0, X-CUBE-ALGOBUILD_V1.4.0, X-CUBE-ALS_V1.0.2, X-CUBE-AZRTOS-F4_V1.1.0, X-CUBE-AZRTOS-F7_V1.1.0, X-CUBE-AZRTOS-G0_V1.1.0, X-CUBE-AZRTOS-G4_V2.0.0, X-CUBE-AZRTOS-H7RS_V1.1.0, X-CUBE-AZRTOS-H7_V3.4.0, X-CUBE-AZRTOS-L4_V2.0.0, X-CUBE-AZRTOS-L5_V2.0.0, X-CUBE-AZRTOS-WB_V2.0.0, X-CUBE-AZRTOS-WL_V2.0.0, X-CUBE-BLE1_V7.1.0, X-CUBE-BLE2_V3.3.0, X-CUBE-BLEMGR_V4.1.0, X-CUBE-EEPRMA1_V5.2.0, X-CUBE-FREERTOS_V1.3.1, X-CUBE-GNSS1_V6.0.0, X-CUBE-MEMS1_V12.0.0, X-CUBE-NFC4_V3.0.0, X-CUBE-NFC7_V2.0.0, X-CUBE-SFXS2LP1_V4.0.0, X-CUBE-ST67W61_V1.1.0, X-CUBE-SUBG2_V5.0.0, X-CUBE-TOF1_V3.4.3]
2026-01-31 11:43:56,840 [INFO] DbBoardsSqlite:226 - include board P-NUCLEO-WB55-NUCLEO as a kit item of type 'Nucleo-64'
2026-01-31 11:43:56,840 [INFO] DbBoardsSqlite:226 - include board P-NUCLEO-WB55-USBDONGLE as a kit item of type 'Nucleo USB Dongle'
2026-01-31 11:43:56,841 [INFO] DbBoardsSqlite:226 - include board STEVAL-IDP005V1 as a kit item of type 'Evaluation Board'
2026-01-31 11:43:56,842 [INFO] DbBoardsSqlite:226 - include board STEVAL-IDP005V2 as a kit item of type 'Evaluation Board'
2026-01-31 11:43:56,947 [INFO] ApiDb:240 - Found 880 in-development CPN: [B-G473E-ZEST1S, B-WB1M-WPAN1, B-WBA5M-WPAN, B-WL5M-SUBG1, NUCLEO-C031C6, NUCLEO-C051C8, NUCLEO-C071RB, NUCLEO-C092RC, NUCLEO-H503RB, NUCLEO-H533RE, NUCLEO-H563ZI, NUCLEO-H7S3L8, NUCLEO-N657X0-Q, NUCLEO-U031R8, NUCLEO-U083RC, NUCLEO-U385RG-Q, NUCLEO-U545RE-Q, NUCLEO-U5A5ZJ-Q, NUCLEO-WB05KZ, NUCLEO-WB07CC, NUCLEO-WB09KE, NUCLEO-WBA52CG, NUCLEO-WBA55CG, NUCLEO-WL33CC1, NUCLEO-WL33CC2, STEVAL-PROTEUS1, STEVAL-SMARTAG2, STEVAL-STWINBX1, STM320518-EVAL, STM32C0116-DK, STM32C011D6Y3TR, STM32C011D6Y6TR, STM32C011F4P3, STM32C011F4P6, STM32C011F4U3, STM32C011F4U6TR, STM32C011F6P3, STM32C011F6P6, STM32C011F6U3, STM32C011F6U6TR, STM32C011J4M3, STM32C011J4M6, STM32C011J6M3, STM32C011J6M6, STM32C0316-DK, STM32C031C4T3, STM32C031C4T6, STM32C031C4U3, STM32C031C4U6, STM32C031C6T3, STM32C031C6T6, STM32C031C6U3, STM32C031C6U6, STM32C031F4P3, STM32C031F4P6, STM32C031F6P3, STM32C031F6P6, STM32C031G4U3, STM32C031G4U6, STM32C031G6U3, STM32C031G6U6, STM32C031K4T3, STM32C031K4T6, STM32C031K4U3, STM32C031K4U6, STM32C031K6T3, STM32C031K6T6, STM32C031K6U3, STM32C031K6U6, STM32C051C6T6, STM32C051C6U6, STM32C051C8T6, STM32C051C8U6, STM32C051D8Y6TR, STM32C051F6P6, STM32C051F8P6, STM32C051G6U6, STM32C051G8U6, STM32C051K6T6, STM32C051K6U6, STM32C051K8T6, STM32C071C8T6, STM32C071C8T6N, STM32C071C8U6, STM32C071C8U6N, STM32C071CBT6, STM32C071CBT6N, STM32C071CBU6, STM32C071CBU6N, STM32C071F8P6, STM32C071F8P6N, STM32C071FBP6, STM32C071FBP6N, STM32C071FBY6TR, STM32C071G8U6, STM32C071G8U6N, STM32C071GBU6, STM32C071GBU6N, STM32C071K8T6, STM32C071K8T6N, STM32C071K8U6, STM32C071K8U6N, STM32C071KBT6, STM32C071KBT6N, STM32C071KBU6, STM32C071KBU6N, STM32C071R8T6, STM32C071R8T6N, STM32C071RBI6N, STM32C071RBT6, STM32C071RBT6N, STM32C091CBT6, STM32C091CBU6, STM32C091CCT6, STM32C091CCU6, STM32C091ECY6TR, STM32C091FBP6, STM32C091FCP6, STM32C091GBU6, STM32C091GCU6, STM32C091KBT6, STM32C091KBU6, STM32C091KCT6, STM32C091KCU6, STM32C091RBT6, STM32C091RCI6, STM32C091RCT6, STM32C092CBT6, STM32C092CBU6, STM32C092CCT6, STM32C092CCU6, STM32C092ECY6TR, STM32C092FBP6, STM32C092FCP6, STM32C092GBU6, STM32C092GCU6, STM32C092KBT6, STM32C092KBU6, STM32C092KCT6, STM32C092KCU6, STM32C092RBT6, STM32C092RCI6, STM32C092RCT6, STM32G071K8TXN, STM32G071K8UXN, STM32G081GBU6N, STM32G081KBT6N, STM32G081KBUXN, STM32G0B1CCT6N, STM32G0B1KCT6, STM32G0B1NEY6TR, STM32G0B1RCT6N, STM32G0C1CCT6, STM32G0C1CCT6N, STM32G0C1CCU6N, STM32G0C1CET6N, STM32G0C1CEU6N, STM32G0C1KCT6, STM32G0C1NEY6TR, STM32G0C1RCI6N, STM32G0C1RCT6N, STM32G0C1REI6N, STM32G0C1RET6N, STM32G0C1VCI6, STM32G0C1VEI6, STM32G411C6T3, STM32G411C6T6, STM32G411C6U3, STM32G411C6U6, STM32G411C8T3, STM32G411C8T6, STM32G411C8U3, STM32G411C8U6, STM32G411CBT3, STM32G411CBT6, STM32G411CBU3, STM32G411CBU6, STM32G411K6T3, STM32G411K6T6, STM32G411K6U3, STM32G411K6U6, STM32G411K8T3, STM32G411K8T6, STM32G411K8U3, STM32G411K8U6, STM32G411KBT3, STM32G411KBT6, STM32G411KBU3, STM32G411KBU6, STM32G411M6T3, STM32G411M6T6, STM32G411M8T3, STM32G411M8T6, STM32G411MBT3, STM32G411MBT6, STM32G411R6T3, STM32G411R6T6, STM32G411R8T3, STM32G411R8T6, STM32G411RBT3, STM32G411RBT6, STM32G414CBT3, STM32G414CBT6, STM32G414CBU3, STM32G414CBU6, STM32G414CCT3, STM32G414CCT6, STM32G414CCU3, STM32G414CCU6, STM32G414MBT3, STM32G414MBT6, STM32G414MCT3, STM32G414MCT6, STM32G414RBT3, STM32G414RBT6, STM32G414RCT3, STM32G414RCT6, STM32G414VBT3, STM32G414VBT6, STM32G414VCT3, STM32G414VCT6, STM32G431CBT3Z, STM32G431RBT3Z, STM32G471CCT6, STM32G471CCU6, STM32G471CET3, STM32G471CET6, STM32G471CEU3, STM32G471CEU6, STM32G471MCT6, STM32G471MET3, STM32G471MET6, STM32G471MEY6TR, STM32G471QCT6, STM32G471QET3, STM32G471RCT6, STM32G471RET3, STM32G471RET6, STM32G471VCH6, STM32G471VCI6, STM32G471VCT6, STM32G471VEH3, STM32G471VEH6, STM32G471VEI3, STM32G471VEI6, STM32G471VET3, STM32G471VET6, STM32G473QET3Z, STM32G473RET3Z, STM32G474CCT6, STM32G491RET3Z, STM32H503CBT6, STM32H503CBU6, STM32H503EBY6TR, STM32H503KBU6, STM32H503RBT6, STM32H523CCT6, STM32H523CCU6, STM32H523CET6, STM32H523CEU6, STM32H523HEY6TR, STM32H523RCT6, STM32H523RET6, STM32H523VCI6, STM32H523VCT6, STM32H523VEI6, STM32H523VET6, STM32H523ZCJ6, STM32H523ZCT6, STM32H523ZEJ6, STM32H523ZET6, STM32H533CET6, STM32H533CEU6, STM32H533HEY6TR, STM32H533RET6, STM32H533VEI6, STM32H533VET6, STM32H533ZEJ6, STM32H533ZET6, STM32H562AGI6, STM32H562AII6, STM32H562IGK6, STM32H562IGT6, STM32H562IIK6, STM32H562IIT6, STM32H562RGT6, STM32H562RGV6, STM32H562RIT6, STM32H562RIV6, STM32H562VGT6, STM32H562VIT6, STM32H562ZGT6, STM32H562ZIT6, STM32H563AGI6, STM32H563AII3Q, STM32H563AII6, STM32H563IGK6, STM32H563IGT6, STM32H563IIK3Q, STM32H563IIK6, STM32H563IIT3Q, STM32H563IIT6, STM32H563MIY3QTR, STM32H563RGT6, STM32H563RGV6, STM32H563RIT6, STM32H563RIV6, STM32H563VGT6, STM32H563VIT3Q, STM32H563VIT6, STM32H563ZGT6, STM32H563ZIT3Q, STM32H563ZIT6, STM32H573AII3Q, STM32H573AII6, STM32H573I-DK, STM32H573IIK3Q, STM32H573IIK6, STM32H573IIT3Q, STM32H573IIT6, STM32H573MIY3QTR, STM32H573RIT6, STM32H573RIV6, STM32H573VIT3Q, STM32H573VIT6, STM32H573ZIT3Q, STM32H573ZIT6, STM32H7R3A8I6, STM32H7R3I8K6, STM32H7R3I8T6, STM32H7R3L8H6, STM32H7R3L8H6H, STM32H7R3R8V6, STM32H7R3V8H6, STM32H7R3V8T6, STM32H7R3V8Y6TR, STM32H7R3Z8J6, STM32H7R3Z8T6, STM32H7R7A8I6, STM32H7R7I8K6, STM32H7R7I8T6, STM32H7R7L8H6, STM32H7R7L8H6H, STM32H7R7Z8J6, STM32H7S3A8I6, STM32H7S3I8K6, STM32H7S3I8T6, STM32H7S3L8H6, STM32H7S3L8H6H, STM32H7S3R8V6, STM32H7S3V8H6, STM32H7S3V8T6, STM32H7S3V8Y6TR, STM32H7S3Z8J6, STM32H7S3Z8T6, STM32H7S78-DK, STM32H7S7A8I6, STM32H7S7I8K6, STM32H7S7I8T6, STM32H7S7L8H6, STM32H7S7L8H6H, STM32H7S7Z8J6, STM32L4R5QGI6STR, STM32MP131AAE3, STM32MP131AAF3, STM32MP131AAG3, STM32MP131CAE3, STM32MP131CAF3, STM32MP131CAG3, STM32MP131DAE7, STM32MP131DAF7, STM32MP131DAG7, STM32MP131FAE7, STM32MP131FAF7, STM32MP131FAG7, STM32MP133AAE3, STM32MP133AAF3, STM32MP133AAG3, STM32MP133CAE3, STM32MP133CAF3, STM32MP133CAG3, STM32MP133DAE7, STM32MP133DAF7, STM32MP133DAG7, STM32MP133FAE7, STM32MP133FAF7, STM32MP133FAG7, STM32MP135AAE3, STM32MP135AAF3, STM32MP135AAG3, STM32MP135CAE3, STM32MP135CAF3, STM32MP135CAG3, STM32MP135DAE7, STM32MP135DAF7, STM32MP135DAG7, STM32MP135F-DK, STM32MP135FAE7, STM32MP135FAF7, STM32MP135FAF7T, STM32MP135FAF7U, STM32MP135FAG7, STM32MP211AAL3, STM32MP211AAM3, STM32MP211AAN3, STM32MP211AAO3, STM32MP211CAL3, STM32MP211CAM3, STM32MP211CAN3, STM32MP211CAO3, STM32MP211DAL3, STM32MP211DAM3, STM32MP211DAN3, STM32MP211DAO3, STM32MP211FAL3, STM32MP211FAM3, STM32MP211FAN3, STM32MP211FAO3, STM32MP213AAL3, STM32MP213AAM3, STM32MP213AAN3, STM32MP213AAO3, STM32MP213CAL3, STM32MP213CAM3, STM32MP213CAN3, STM32MP213CAO3, STM32MP213DAL3, STM32MP213DAM3, STM32MP213DAN3, STM32MP213DAO3, STM32MP213FAL3, STM32MP213FAM3, STM32MP213FAN3, STM32MP213FAO3, STM32MP215AAL3, STM32MP215AAM3, STM32MP215AAN3, STM32MP215AAO3, STM32MP215CAL3, STM32MP215CAM3, STM32MP215CAN3, STM32MP215CAO3, STM32MP215DAL3, STM32MP215DAM3, STM32MP215DAN3, STM32MP215DAO3, STM32MP215F-DK, STM32MP215FAL3, STM32MP215FAM3, STM32MP215FAN3, STM32MP215FAO3, STM32MP231AAJ3, STM32MP231AAK3, STM32MP231AAL3, STM32MP231CAJ3, STM32MP231CAK3, STM32MP231CAL3, STM32MP231DAJ3, STM32MP231DAK3, STM32MP231DAL3, STM32MP231FAJ3, STM32MP231FAK3, STM32MP231FAL3, STM32MP233AAJ3, STM32MP233AAK3, STM32MP233AAL3, STM32MP233CAJ3, STM32MP233CAK3, STM32MP233CAL3, STM32MP233DAJ3, STM32MP233DAK3, STM32MP233DAL3, STM32MP233FAJ3, STM32MP233FAK3, STM32MP233FAL3, STM32MP235AAJ3, STM32MP235AAK3, STM32MP235AAL3, STM32MP235CAJ3, STM32MP235CAK3, STM32MP235CAL3, STM32MP235DAJ3, STM32MP235DAK3, STM32MP235DAL3, STM32MP235FAJ3, STM32MP235FAK3, STM32MP235FAL3, STM32MP251AAI3, STM32MP251AAK3, STM32MP251AAL3, STM32MP251CAI3, STM32MP251CAK3, STM32MP251CAL3, STM32MP251DAI3, STM32MP251DAK3, STM32MP251DAL3, STM32MP251FAI3, STM32MP251FAK3, STM32MP251FAL3, STM32MP253AAI3, STM32MP253AAK3, STM32MP253AAL3, STM32MP253CAI3, STM32MP253CAK3, STM32MP253CAL3, STM32MP253DAI3, STM32MP253DAK3, STM32MP253DAL3, STM32MP253FAI3, STM32MP253FAK3, STM32MP253FAL3, STM32MP255AAI3, STM32MP255AAK3, STM32MP255AAL3, STM32MP255CAI3, STM32MP255CAK3, STM32MP255CAL3, STM32MP255DAI3, STM32MP255DAK3, STM32MP255DAL3, STM32MP255FAI3, STM32MP255FAK3, STM32MP255FAL3, STM32MP257AAI3, STM32MP257AAK3, STM32MP257AAL3, STM32MP257CAI3, STM32MP257CAK3, STM32MP257CAL3, STM32MP257DAI3, STM32MP257DAK3, STM32MP257DAL3, STM32MP257F-DK, STM32MP257F-EV1, STM32MP257FAI3, STM32MP257FAK3, STM32MP257FAL3, STM32N645A0H3Q, STM32N645B0H3Q, STM32N645I0H3Q, STM32N645L0H3Q, STM32N645X0H3Q, STM32N645Z0H3Q, STM32N647A0H3Q, STM32N647B0H3Q, STM32N647I0H3Q, STM32N647L0H3Q, STM32N647X0H3Q, STM32N647Z0H3Q, STM32N655A0H3Q, STM32N655B0H3Q, STM32N655I0H3Q, STM32N655L0H3Q, STM32N655X0H3Q, STM32N655Z0H3Q, STM32N6570-DK, STM32N657A0H3Q, STM32N657B0H3Q, STM32N657I0H3Q, STM32N657L0H3Q, STM32N657X0H3Q, STM32N657Z0H3Q, STM32U031C6T6, STM32U031C6U6, STM32U031C8T6, STM32U031C8U6, STM32U031F4P6, STM32U031F6P6, STM32U031F8P6, STM32U031G6Y6TR, STM32U031G8Y6TR, STM32U031K4U6, STM32U031K6U6, STM32U031K8U6, STM32U031R6I6, STM32U031R6T6, STM32U031R8I6, STM32U031R8T6, STM32U073C8T6, STM32U073C8U6, STM32U073CBT6, STM32U073CBU6, STM32U073CCT6, STM32U073CCU6, STM32U073H8Y6TR, STM32U073HBY6TR, STM32U073HCY6TR, STM32U073K8U6, STM32U073KBU6, STM32U073KCU6, STM32U073M8I6, STM32U073M8T6, STM32U073MBI6, STM32U073MBT6, STM32U073MCI6, STM32U073MCT6, STM32U073R8I6, STM32U073R8T6, STM32U073RBI6, STM32U073RBT6, STM32U073RCI6, STM32U073RCT6, STM32U083C-DK, STM32U083CCT6, STM32U083CCU6, STM32U083HCY6TR, STM32U083KCU6, STM32U083MCI6, STM32U083MCT6, STM32U083RCI6, STM32U083RCT6, STM32U375CET6, STM32U375CET6Q, STM32U375CEU6, STM32U375CEU6Q, STM32U375CEY6QTR, STM32U375CGT6, STM32U375CGT6Q, STM32U375CGU6, STM32U375CGU6Q, STM32U375CGY6QTR, STM32U375KEU6, STM32U375KGU6, STM32U375REI6, STM32U375REI6Q, STM32U375RET6, STM32U375RET6Q, STM32U375REY6GTR, STM32U375REY6QTR, STM32U375RGI6, STM32U375RGI6Q, STM32U375RGT6, STM32U375RGT6Q, STM32U375RGY6GTR, STM32U375RGY6QTR, STM32U375VEI6, STM32U375VEI6Q, STM32U375VET6, STM32U375VET6Q, STM32U375VGI6, STM32U375VGI6Q, STM32U375VGT6, STM32U375VGT6Q, STM32U385CGT6, STM32U385CGT6Q, STM32U385CGU6, STM32U385CGU6Q, STM32U385CGY6QTR, STM32U385KGU6, STM32U385RGI6, STM32U385RGI6Q, STM32U385RGT6, STM32U385RGT6Q, STM32U385RGY6GTR, STM32U385RGY6QTR, STM32U385VGI6, STM32U385VGI6Q, STM32U385VGT6, STM32U385VGT6Q, STM32U535CBT6, STM32U535CBT6Q, STM32U535CBU6, STM32U535CBU6Q, STM32U535CCT6, STM32U535CCT6Q, STM32U535CCU6, STM32U535CCU6Q, STM32U535CET6, STM32U535CET6Q, STM32U535CEU6, STM32U535CEU6Q, STM32U535JEY6QTR, STM32U535NCY6QTR, STM32U535NEY6QTR, STM32U535RBI6, STM32U535RBI6Q, STM32U535RBT6, STM32U535RBT6Q, STM32U535RCI6, STM32U535RCI6Q, STM32U535RCT6, STM32U535RCT6Q, STM32U535REI6, STM32U535REI6Q, STM32U535RET6, STM32U535RET6Q, STM32U535VCI6, STM32U535VCI6Q, STM32U535VCT6, STM32U535VCT6Q, STM32U535VEI6, STM32U535VEI6Q, STM32U535VET6, STM32U535VET6Q, STM32U545CET6, STM32U545CET6Q, STM32U545CEU6, STM32U545CEU6Q, STM32U545JEY6QTR, STM32U545NEY6QTR, STM32U545REI6, STM32U545REI6Q, STM32U545RET6, STM32U545RET6Q, STM32U545VEI6, STM32U545VEI6Q, STM32U545VET6, STM32U545VET6Q, STM32U595AIH6, STM32U595AIH6Q, STM32U595AJH6, STM32U595AJH6Q, STM32U595QII6, STM32U595QII6Q, STM32U595QJI6, STM32U595QJI6Q, STM32U595RIT6, STM32U595RIT6Q, STM32U595RJT6, STM32U595RJT6Q, STM32U595VIT6, STM32U595VIT6Q, STM32U595VJT6, STM32U595VJT6Q, STM32U595ZIT6, STM32U595ZIT6Q, STM32U595ZIY6QTR, STM32U595ZJT6, STM32U595ZJT6Q, STM32U595ZJY6QTR, STM32U599BJY6QTR, STM32U599NIH6Q, STM32U599NJH6Q, STM32U599VIT6Q, STM32U599VJT6, STM32U599VJT6Q, STM32U599ZIT6Q, STM32U599ZIY6QTR, STM32U599ZJT6Q, STM32U599ZJY6QTR, STM32U5A5AJH6, STM32U5A5AJH6Q, STM32U5A5QII3Q , STM32U5A5QJI6, STM32U5A5QJI6Q, STM32U5A5RJT6, STM32U5A5RJT6Q, STM32U5A5VJT6, STM32U5A5VJT6Q, STM32U5A5ZJT6, STM32U5A5ZJT6Q, STM32U5A5ZJY6QTR, STM32U5A9BJY6QTR, STM32U5A9J-DK, STM32U5A9NJH6Q, STM32U5A9VJT6Q, STM32U5A9ZJT6Q, STM32U5A9ZJY6QTR, STM32U5F7VIT6, STM32U5F7VIT6Q, STM32U5F7VJT6, STM32U5F7VJT6Q, STM32U5F9BJY6QTR, STM32U5F9NJH6Q, STM32U5F9VIT6Q, STM32U5F9VJT6Q, STM32U5F9ZIJ6QTR, STM32U5F9ZIT6Q, STM32U5F9ZJJ6QTR, STM32U5F9ZJT6Q, STM32U5G7VJT6, STM32U5G7VJT6Q, STM32U5G9BJY6QTR, STM32U5G9J-DK1, STM32U5G9J-DK2, STM32U5G9NJH6Q, STM32U5G9VJT6Q, STM32U5G9ZJJ6QTR, STM32U5G9ZJT6Q, STM32WB05KZV6TR, STM32WB05KZV7TR, STM32WB05TZF6TR, STM32WB05TZF7TR, STM32WB06CCF6TR, STM32WB06CCF7TR, STM32WB06CCV6TR, STM32WB06CCV7TR, STM32WB06KCV6TR, STM32WB06KCV7TR, STM32WB07CCF6TR, STM32WB07CCF7TR, STM32WB07CCV6TR, STM32WB07CCV7TR, STM32WB07KCV6TR, STM32WB07KCV7TR, STM32WB09KEV6TR, STM32WB09KEV7TR, STM32WB09TEF6TR, STM32WB09TEF7TR, STM32WB1MMCH6, STM32WBA50KGU6, STM32WBA50KGU6TR, STM32WBA52CEU6, STM32WBA52CEU6TR, STM32WBA52CEU7, STM32WBA52CEU7TR, STM32WBA52CGU6, STM32WBA52CGU6TR, STM32WBA52CGU6U, STM32WBA52CGU7, STM32WBA52CGU7TR, STM32WBA52KEU6, STM32WBA52KEU6TR, STM32WBA52KGU6, STM32WBA52KGU6TR, STM32WBA54CEU6, STM32WBA54CEU6TR, STM32WBA54CEU7, STM32WBA54CEU7TR, STM32WBA54CGU6, STM32WBA54CGU6TR, STM32WBA54CGU7, STM32WBA54CGU7TR, STM32WBA54KEU6, STM32WBA54KEU6TR, STM32WBA54KEU7, STM32WBA54KEU7TR, STM32WBA54KGU6, STM32WBA54KGU6TR, STM32WBA54KGU7, STM32WBA54KGU7TR, STM32WBA55CEU6, STM32WBA55CEU6TR, STM32WBA55CEU7, STM32WBA55CEU7TR, STM32WBA55CGU6, STM32WBA55CGU6TR, STM32WBA55CGU6U, STM32WBA55CGU7, STM32WBA55CGU7TR, STM32WBA55G-DK1, STM32WBA55HEF6, STM32WBA55HEF7, STM32WBA55HGF6, STM32WBA55HGF7, STM32WBA55UEI6, STM32WBA55UEI6TR, STM32WBA55UEI7, STM32WBA55UEI7TR, STM32WBA55UGI6, STM32WBA55UGI6TR, STM32WBA55UGI7, STM32WBA55UGI7TR, STM32WBA5MMGH6TR, STM32WBA62MGF6, STM32WBA62MIF6, STM32WBA65MGF7, STM32WBA65MIF6, STM32WBA65MIF7, STM32WL30K8V6, STM32WL30KBV6, STM32WL31C8V6, STM32WL31CBV6, STM32WL31K8V6, STM32WL31KBV6, STM32WL33C8V6, STM32WL33C8V6X, STM32WL33CBV6, STM32WL33CBV6X, STM32WL33CCV6, STM32WL33CCV6A, STM32WL33CCV6X, STM32WL33K8V7, STM32WL33K8V7X, STM32WL33KBV7 , STM32WL33KBV7X, STM32WL33KCV7, STM32WL33KCV7X, STM32WL5MOCH6, STM32WL5MOCH6TR]
2026-01-31 11:43:56,950 [INFO] ApiDb:668 - CubeFinder database Data Model version=2.1
2026-01-31 11:43:56,950 [INFO] ApiDb:669 - CubeFinder database Configuration version=3.0.39
2026-01-31 11:43:56,950 [INFO] ApiDb:670 - CubeFinder database generation date=2025-12-22 (1766407740)
2026-01-31 11:43:56,950 [INFO] ApiDb:671 - CubeFinder database FW Pack versions=[FP-ATR-ASTRA1_V2.0.0, FP-SNS-FLIGHT1_V5.1.0, FP-SNS-MOTENV1_V5.1.0, FP-SNS-MOTENVWB1_V1.4.0, FP-SNS-SMARTAG2_V1.2.0, FP-SNS-STBOX1_V2.1.0, STM32Cube_FW_C0_V1.4.0, STM32Cube_FW_F4_V1.28.3, STM32Cube_FW_F7_V1.17.4, STM32Cube_FW_G0_V1.6.2, STM32Cube_FW_G4_V1.6.1, STM32Cube_FW_H5_V1.5.1, STM32Cube_FW_H7RS_V1.3.0, STM32Cube_FW_H7_V1.12.1, STM32Cube_FW_L0_V1.12.2, STM32Cube_FW_L4_V1.18.1, STM32Cube_FW_L5_V1.6.0, STM32Cube_FW_N6_V1.3.0, STM32Cube_FW_U0_V1.3.0, STM32Cube_FW_U3_V1.2.1, STM32Cube_FW_U5_V1.8.0, STM32Cube_FW_WB0_V1.4.0, STM32Cube_FW_WBA_V1.8.0, STM32Cube_FW_WB_V1.24.0, STM32Cube_FW_WL3_V1.3.0, STM32Cube_FW_WL_V1.4.0, X-CUBE-ALGOBUILD_V1.4.0, X-CUBE-ALS_V1.0.2, X-CUBE-AZRTOS-F4_V1.1.0, X-CUBE-AZRTOS-F7_V1.1.0, X-CUBE-AZRTOS-G0_V1.1.0, X-CUBE-AZRTOS-G4_V2.0.0, X-CUBE-AZRTOS-H7RS_V1.1.0, X-CUBE-AZRTOS-H7_V3.4.0, X-CUBE-AZRTOS-L4_V2.0.0, X-CUBE-AZRTOS-L5_V2.0.0, X-CUBE-AZRTOS-WB_V2.0.0, X-CUBE-AZRTOS-WL_V2.0.0, X-CUBE-BLE1_V7.1.0, X-CUBE-BLE2_V3.3.0, X-CUBE-BLEMGR_V4.1.0, X-CUBE-EEPRMA1_V5.2.0, X-CUBE-FREERTOS_V1.3.1, X-CUBE-GNSS1_V6.0.0, X-CUBE-MEMS1_V12.0.0, X-CUBE-NFC4_V3.0.0, X-CUBE-NFC7_V2.0.0, X-CUBE-SFXS2LP1_V4.0.0, X-CUBE-ST67W61_V1.1.0, X-CUBE-SUBG2_V5.0.0, X-CUBE-TOF1_V3.4.3]
2026-01-31 11:43:59,845 [INFO] ApiDb:240 - Found 880 in-development CPN: [B-G473E-ZEST1S, B-WB1M-WPAN1, B-WBA5M-WPAN, B-WL5M-SUBG1, NUCLEO-C031C6, NUCLEO-C051C8, NUCLEO-C071RB, NUCLEO-C092RC, NUCLEO-H503RB, NUCLEO-H533RE, NUCLEO-H563ZI, NUCLEO-H7S3L8, NUCLEO-N657X0-Q, NUCLEO-U031R8, NUCLEO-U083RC, NUCLEO-U385RG-Q, NUCLEO-U545RE-Q, NUCLEO-U5A5ZJ-Q, NUCLEO-WB05KZ, NUCLEO-WB07CC, NUCLEO-WB09KE, NUCLEO-WBA52CG, NUCLEO-WBA55CG, NUCLEO-WL33CC1, NUCLEO-WL33CC2, STEVAL-PROTEUS1, STEVAL-SMARTAG2, STEVAL-STWINBX1, STM320518-EVAL, STM32C0116-DK, STM32C011D6Y3TR, STM32C011D6Y6TR, STM32C011F4P3, STM32C011F4P6, STM32C011F4U3, STM32C011F4U6TR, STM32C011F6P3, STM32C011F6P6, STM32C011F6U3, STM32C011F6U6TR, STM32C011J4M3, STM32C011J4M6, STM32C011J6M3, STM32C011J6M6, STM32C0316-DK, STM32C031C4T3, STM32C031C4T6, STM32C031C4U3, STM32C031C4U6, STM32C031C6T3, STM32C031C6T6, STM32C031C6U3, STM32C031C6U6, STM32C031F4P3, STM32C031F4P6, STM32C031F6P3, STM32C031F6P6, STM32C031G4U3, STM32C031G4U6, STM32C031G6U3, STM32C031G6U6, STM32C031K4T3, STM32C031K4T6, STM32C031K4U3, STM32C031K4U6, STM32C031K6T3, STM32C031K6T6, STM32C031K6U3, STM32C031K6U6, STM32C051C6T6, STM32C051C6U6, STM32C051C8T6, STM32C051C8U6, STM32C051D8Y6TR, STM32C051F6P6, STM32C051F8P6, STM32C051G6U6, STM32C051G8U6, STM32C051K6T6, STM32C051K6U6, STM32C051K8T6, STM32C071C8T6, STM32C071C8T6N, STM32C071C8U6, STM32C071C8U6N, STM32C071CBT6, STM32C071CBT6N, STM32C071CBU6, STM32C071CBU6N, STM32C071F8P6, STM32C071F8P6N, STM32C071FBP6, STM32C071FBP6N, STM32C071FBY6TR, STM32C071G8U6, STM32C071G8U6N, STM32C071GBU6, STM32C071GBU6N, STM32C071K8T6, STM32C071K8T6N, STM32C071K8U6, STM32C071K8U6N, STM32C071KBT6, STM32C071KBT6N, STM32C071KBU6, STM32C071KBU6N, STM32C071R8T6, STM32C071R8T6N, STM32C071RBI6N, STM32C071RBT6, STM32C071RBT6N, STM32C091CBT6, STM32C091CBU6, STM32C091CCT6, STM32C091CCU6, STM32C091ECY6TR, STM32C091FBP6, STM32C091FCP6, STM32C091GBU6, STM32C091GCU6, STM32C091KBT6, STM32C091KBU6, STM32C091KCT6, STM32C091KCU6, STM32C091RBT6, STM32C091RCI6, STM32C091RCT6, STM32C092CBT6, STM32C092CBU6, STM32C092CCT6, STM32C092CCU6, STM32C092ECY6TR, STM32C092FBP6, STM32C092FCP6, STM32C092GBU6, STM32C092GCU6, STM32C092KBT6, STM32C092KBU6, STM32C092KCT6, STM32C092KCU6, STM32C092RBT6, STM32C092RCI6, STM32C092RCT6, STM32G071K8TXN, STM32G071K8UXN, STM32G081GBU6N, STM32G081KBT6N, STM32G081KBUXN, STM32G0B1CCT6N, STM32G0B1KCT6, STM32G0B1NEY6TR, STM32G0B1RCT6N, STM32G0C1CCT6, STM32G0C1CCT6N, STM32G0C1CCU6N, STM32G0C1CET6N, STM32G0C1CEU6N, STM32G0C1KCT6, STM32G0C1NEY6TR, STM32G0C1RCI6N, STM32G0C1RCT6N, STM32G0C1REI6N, STM32G0C1RET6N, STM32G0C1VCI6, STM32G0C1VEI6, STM32G411C6T3, STM32G411C6T6, STM32G411C6U3, STM32G411C6U6, STM32G411C8T3, STM32G411C8T6, STM32G411C8U3, STM32G411C8U6, STM32G411CBT3, STM32G411CBT6, STM32G411CBU3, STM32G411CBU6, STM32G411K6T3, STM32G411K6T6, STM32G411K6U3, STM32G411K6U6, STM32G411K8T3, STM32G411K8T6, STM32G411K8U3, STM32G411K8U6, STM32G411KBT3, STM32G411KBT6, STM32G411KBU3, STM32G411KBU6, STM32G411M6T3, STM32G411M6T6, STM32G411M8T3, STM32G411M8T6, STM32G411MBT3, STM32G411MBT6, STM32G411R6T3, STM32G411R6T6, STM32G411R8T3, STM32G411R8T6, STM32G411RBT3, STM32G411RBT6, STM32G414CBT3, STM32G414CBT6, STM32G414CBU3, STM32G414CBU6, STM32G414CCT3, STM32G414CCT6, STM32G414CCU3, STM32G414CCU6, STM32G414MBT3, STM32G414MBT6, STM32G414MCT3, STM32G414MCT6, STM32G414RBT3, STM32G414RBT6, STM32G414RCT3, STM32G414RCT6, STM32G414VBT3, STM32G414VBT6, STM32G414VCT3, STM32G414VCT6, STM32G431CBT3Z, STM32G431RBT3Z, STM32G471CCT6, STM32G471CCU6, STM32G471CET3, STM32G471CET6, STM32G471CEU3, STM32G471CEU6, STM32G471MCT6, STM32G471MET3, STM32G471MET6, STM32G471MEY6TR, STM32G471QCT6, STM32G471QET3, STM32G471RCT6, STM32G471RET3, STM32G471RET6, STM32G471VCH6, STM32G471VCI6, STM32G471VCT6, STM32G471VEH3, STM32G471VEH6, STM32G471VEI3, STM32G471VEI6, STM32G471VET3, STM32G471VET6, STM32G473QET3Z, STM32G473RET3Z, STM32G474CCT6, STM32G491RET3Z, STM32H503CBT6, STM32H503CBU6, STM32H503EBY6TR, STM32H503KBU6, STM32H503RBT6, STM32H523CCT6, STM32H523CCU6, STM32H523CET6, STM32H523CEU6, STM32H523HEY6TR, STM32H523RCT6, STM32H523RET6, STM32H523VCI6, STM32H523VCT6, STM32H523VEI6, STM32H523VET6, STM32H523ZCJ6, STM32H523ZCT6, STM32H523ZEJ6, STM32H523ZET6, STM32H533CET6, STM32H533CEU6, STM32H533HEY6TR, STM32H533RET6, STM32H533VEI6, STM32H533VET6, STM32H533ZEJ6, STM32H533ZET6, STM32H562AGI6, STM32H562AII6, STM32H562IGK6, STM32H562IGT6, STM32H562IIK6, STM32H562IIT6, STM32H562RGT6, STM32H562RGV6, STM32H562RIT6, STM32H562RIV6, STM32H562VGT6, STM32H562VIT6, STM32H562ZGT6, STM32H562ZIT6, STM32H563AGI6, STM32H563AII3Q, STM32H563AII6, STM32H563IGK6, STM32H563IGT6, STM32H563IIK3Q, STM32H563IIK6, STM32H563IIT3Q, STM32H563IIT6, STM32H563MIY3QTR, STM32H563RGT6, STM32H563RGV6, STM32H563RIT6, STM32H563RIV6, STM32H563VGT6, STM32H563VIT3Q, STM32H563VIT6, STM32H563ZGT6, STM32H563ZIT3Q, STM32H563ZIT6, STM32H573AII3Q, STM32H573AII6, STM32H573I-DK, STM32H573IIK3Q, STM32H573IIK6, STM32H573IIT3Q, STM32H573IIT6, STM32H573MIY3QTR, STM32H573RIT6, STM32H573RIV6, STM32H573VIT3Q, STM32H573VIT6, STM32H573ZIT3Q, STM32H573ZIT6, STM32H7R3A8I6, STM32H7R3I8K6, STM32H7R3I8T6, STM32H7R3L8H6, STM32H7R3L8H6H, STM32H7R3R8V6, STM32H7R3V8H6, STM32H7R3V8T6, STM32H7R3V8Y6TR, STM32H7R3Z8J6, STM32H7R3Z8T6, STM32H7R7A8I6, STM32H7R7I8K6, STM32H7R7I8T6, STM32H7R7L8H6, STM32H7R7L8H6H, STM32H7R7Z8J6, STM32H7S3A8I6, STM32H7S3I8K6, STM32H7S3I8T6, STM32H7S3L8H6, STM32H7S3L8H6H, STM32H7S3R8V6, STM32H7S3V8H6, STM32H7S3V8T6, STM32H7S3V8Y6TR, STM32H7S3Z8J6, STM32H7S3Z8T6, STM32H7S78-DK, STM32H7S7A8I6, STM32H7S7I8K6, STM32H7S7I8T6, STM32H7S7L8H6, STM32H7S7L8H6H, STM32H7S7Z8J6, STM32L4R5QGI6STR, STM32MP131AAE3, STM32MP131AAF3, STM32MP131AAG3, STM32MP131CAE3, STM32MP131CAF3, STM32MP131CAG3, STM32MP131DAE7, STM32MP131DAF7, STM32MP131DAG7, STM32MP131FAE7, STM32MP131FAF7, STM32MP131FAG7, STM32MP133AAE3, STM32MP133AAF3, STM32MP133AAG3, STM32MP133CAE3, STM32MP133CAF3, STM32MP133CAG3, STM32MP133DAE7, STM32MP133DAF7, STM32MP133DAG7, STM32MP133FAE7, STM32MP133FAF7, STM32MP133FAG7, STM32MP135AAE3, STM32MP135AAF3, STM32MP135AAG3, STM32MP135CAE3, STM32MP135CAF3, STM32MP135CAG3, STM32MP135DAE7, STM32MP135DAF7, STM32MP135DAG7, STM32MP135F-DK, STM32MP135FAE7, STM32MP135FAF7, STM32MP135FAF7T, STM32MP135FAF7U, STM32MP135FAG7, STM32MP211AAL3, STM32MP211AAM3, STM32MP211AAN3, STM32MP211AAO3, STM32MP211CAL3, STM32MP211CAM3, STM32MP211CAN3, STM32MP211CAO3, STM32MP211DAL3, STM32MP211DAM3, STM32MP211DAN3, STM32MP211DAO3, STM32MP211FAL3, STM32MP211FAM3, STM32MP211FAN3, STM32MP211FAO3, STM32MP213AAL3, STM32MP213AAM3, STM32MP213AAN3, STM32MP213AAO3, STM32MP213CAL3, STM32MP213CAM3, STM32MP213CAN3, STM32MP213CAO3, STM32MP213DAL3, STM32MP213DAM3, STM32MP213DAN3, STM32MP213DAO3, STM32MP213FAL3, STM32MP213FAM3, STM32MP213FAN3, STM32MP213FAO3, STM32MP215AAL3, STM32MP215AAM3, STM32MP215AAN3, STM32MP215AAO3, STM32MP215CAL3, STM32MP215CAM3, STM32MP215CAN3, STM32MP215CAO3, STM32MP215DAL3, STM32MP215DAM3, STM32MP215DAN3, STM32MP215DAO3, STM32MP215F-DK, STM32MP215FAL3, STM32MP215FAM3, STM32MP215FAN3, STM32MP215FAO3, STM32MP231AAJ3, STM32MP231AAK3, STM32MP231AAL3, STM32MP231CAJ3, STM32MP231CAK3, STM32MP231CAL3, STM32MP231DAJ3, STM32MP231DAK3, STM32MP231DAL3, STM32MP231FAJ3, STM32MP231FAK3, STM32MP231FAL3, STM32MP233AAJ3, STM32MP233AAK3, STM32MP233AAL3, STM32MP233CAJ3, STM32MP233CAK3, STM32MP233CAL3, STM32MP233DAJ3, STM32MP233DAK3, STM32MP233DAL3, STM32MP233FAJ3, STM32MP233FAK3, STM32MP233FAL3, STM32MP235AAJ3, STM32MP235AAK3, STM32MP235AAL3, STM32MP235CAJ3, STM32MP235CAK3, STM32MP235CAL3, STM32MP235DAJ3, STM32MP235DAK3, STM32MP235DAL3, STM32MP235FAJ3, STM32MP235FAK3, STM32MP235FAL3, STM32MP251AAI3, STM32MP251AAK3, STM32MP251AAL3, STM32MP251CAI3, STM32MP251CAK3, STM32MP251CAL3, STM32MP251DAI3, STM32MP251DAK3, STM32MP251DAL3, STM32MP251FAI3, STM32MP251FAK3, STM32MP251FAL3, STM32MP253AAI3, STM32MP253AAK3, STM32MP253AAL3, STM32MP253CAI3, STM32MP253CAK3, STM32MP253CAL3, STM32MP253DAI3, STM32MP253DAK3, STM32MP253DAL3, STM32MP253FAI3, STM32MP253FAK3, STM32MP253FAL3, STM32MP255AAI3, STM32MP255AAK3, STM32MP255AAL3, STM32MP255CAI3, STM32MP255CAK3, STM32MP255CAL3, STM32MP255DAI3, STM32MP255DAK3, STM32MP255DAL3, STM32MP255FAI3, STM32MP255FAK3, STM32MP255FAL3, STM32MP257AAI3, STM32MP257AAK3, STM32MP257AAL3, STM32MP257CAI3, STM32MP257CAK3, STM32MP257CAL3, STM32MP257DAI3, STM32MP257DAK3, STM32MP257DAL3, STM32MP257F-DK, STM32MP257F-EV1, STM32MP257FAI3, STM32MP257FAK3, STM32MP257FAL3, STM32N645A0H3Q, STM32N645B0H3Q, STM32N645I0H3Q, STM32N645L0H3Q, STM32N645X0H3Q, STM32N645Z0H3Q, STM32N647A0H3Q, STM32N647B0H3Q, STM32N647I0H3Q, STM32N647L0H3Q, STM32N647X0H3Q, STM32N647Z0H3Q, STM32N655A0H3Q, STM32N655B0H3Q, STM32N655I0H3Q, STM32N655L0H3Q, STM32N655X0H3Q, STM32N655Z0H3Q, STM32N6570-DK, STM32N657A0H3Q, STM32N657B0H3Q, STM32N657I0H3Q, STM32N657L0H3Q, STM32N657X0H3Q, STM32N657Z0H3Q, STM32U031C6T6, STM32U031C6U6, STM32U031C8T6, STM32U031C8U6, STM32U031F4P6, STM32U031F6P6, STM32U031F8P6, STM32U031G6Y6TR, STM32U031G8Y6TR, STM32U031K4U6, STM32U031K6U6, STM32U031K8U6, STM32U031R6I6, STM32U031R6T6, STM32U031R8I6, STM32U031R8T6, STM32U073C8T6, STM32U073C8U6, STM32U073CBT6, STM32U073CBU6, STM32U073CCT6, STM32U073CCU6, STM32U073H8Y6TR, STM32U073HBY6TR, STM32U073HCY6TR, STM32U073K8U6, STM32U073KBU6, STM32U073KCU6, STM32U073M8I6, STM32U073M8T6, STM32U073MBI6, STM32U073MBT6, STM32U073MCI6, STM32U073MCT6, STM32U073R8I6, STM32U073R8T6, STM32U073RBI6, STM32U073RBT6, STM32U073RCI6, STM32U073RCT6, STM32U083C-DK, STM32U083CCT6, STM32U083CCU6, STM32U083HCY6TR, STM32U083KCU6, STM32U083MCI6, STM32U083MCT6, STM32U083RCI6, STM32U083RCT6, STM32U375CET6, STM32U375CET6Q, STM32U375CEU6, STM32U375CEU6Q, STM32U375CEY6QTR, STM32U375CGT6, STM32U375CGT6Q, STM32U375CGU6, STM32U375CGU6Q, STM32U375CGY6QTR, STM32U375KEU6, STM32U375KGU6, STM32U375REI6, STM32U375REI6Q, STM32U375RET6, STM32U375RET6Q, STM32U375REY6GTR, STM32U375REY6QTR, STM32U375RGI6, STM32U375RGI6Q, STM32U375RGT6, STM32U375RGT6Q, STM32U375RGY6GTR, STM32U375RGY6QTR, STM32U375VEI6, STM32U375VEI6Q, STM32U375VET6, STM32U375VET6Q, STM32U375VGI6, STM32U375VGI6Q, STM32U375VGT6, STM32U375VGT6Q, STM32U385CGT6, STM32U385CGT6Q, STM32U385CGU6, STM32U385CGU6Q, STM32U385CGY6QTR, STM32U385KGU6, STM32U385RGI6, STM32U385RGI6Q, STM32U385RGT6, STM32U385RGT6Q, STM32U385RGY6GTR, STM32U385RGY6QTR, STM32U385VGI6, STM32U385VGI6Q, STM32U385VGT6, STM32U385VGT6Q, STM32U535CBT6, STM32U535CBT6Q, STM32U535CBU6, STM32U535CBU6Q, STM32U535CCT6, STM32U535CCT6Q, STM32U535CCU6, STM32U535CCU6Q, STM32U535CET6, STM32U535CET6Q, STM32U535CEU6, STM32U535CEU6Q, STM32U535JEY6QTR, STM32U535NCY6QTR, STM32U535NEY6QTR, STM32U535RBI6, STM32U535RBI6Q, STM32U535RBT6, STM32U535RBT6Q, STM32U535RCI6, STM32U535RCI6Q, STM32U535RCT6, STM32U535RCT6Q, STM32U535REI6, STM32U535REI6Q, STM32U535RET6, STM32U535RET6Q, STM32U535VCI6, STM32U535VCI6Q, STM32U535VCT6, STM32U535VCT6Q, STM32U535VEI6, STM32U535VEI6Q, STM32U535VET6, STM32U535VET6Q, STM32U545CET6, STM32U545CET6Q, STM32U545CEU6, STM32U545CEU6Q, STM32U545JEY6QTR, STM32U545NEY6QTR, STM32U545REI6, STM32U545REI6Q, STM32U545RET6, STM32U545RET6Q, STM32U545VEI6, STM32U545VEI6Q, STM32U545VET6, STM32U545VET6Q, STM32U595AIH6, STM32U595AIH6Q, STM32U595AJH6, STM32U595AJH6Q, STM32U595QII6, STM32U595QII6Q, STM32U595QJI6, STM32U595QJI6Q, STM32U595RIT6, STM32U595RIT6Q, STM32U595RJT6, STM32U595RJT6Q, STM32U595VIT6, STM32U595VIT6Q, STM32U595VJT6, STM32U595VJT6Q, STM32U595ZIT6, STM32U595ZIT6Q, STM32U595ZIY6QTR, STM32U595ZJT6, STM32U595ZJT6Q, STM32U595ZJY6QTR, STM32U599BJY6QTR, STM32U599NIH6Q, STM32U599NJH6Q, STM32U599VIT6Q, STM32U599VJT6, STM32U599VJT6Q, STM32U599ZIT6Q, STM32U599ZIY6QTR, STM32U599ZJT6Q, STM32U599ZJY6QTR, STM32U5A5AJH6, STM32U5A5AJH6Q, STM32U5A5QII3Q , STM32U5A5QJI6, STM32U5A5QJI6Q, STM32U5A5RJT6, STM32U5A5RJT6Q, STM32U5A5VJT6, STM32U5A5VJT6Q, STM32U5A5ZJT6, STM32U5A5ZJT6Q, STM32U5A5ZJY6QTR, STM32U5A9BJY6QTR, STM32U5A9J-DK, STM32U5A9NJH6Q, STM32U5A9VJT6Q, STM32U5A9ZJT6Q, STM32U5A9ZJY6QTR, STM32U5F7VIT6, STM32U5F7VIT6Q, STM32U5F7VJT6, STM32U5F7VJT6Q, STM32U5F9BJY6QTR, STM32U5F9NJH6Q, STM32U5F9VIT6Q, STM32U5F9VJT6Q, STM32U5F9ZIJ6QTR, STM32U5F9ZIT6Q, STM32U5F9ZJJ6QTR, STM32U5F9ZJT6Q, STM32U5G7VJT6, STM32U5G7VJT6Q, STM32U5G9BJY6QTR, STM32U5G9J-DK1, STM32U5G9J-DK2, STM32U5G9NJH6Q, STM32U5G9VJT6Q, STM32U5G9ZJJ6QTR, STM32U5G9ZJT6Q, STM32WB05KZV6TR, STM32WB05KZV7TR, STM32WB05TZF6TR, STM32WB05TZF7TR, STM32WB06CCF6TR, STM32WB06CCF7TR, STM32WB06CCV6TR, STM32WB06CCV7TR, STM32WB06KCV6TR, STM32WB06KCV7TR, STM32WB07CCF6TR, STM32WB07CCF7TR, STM32WB07CCV6TR, STM32WB07CCV7TR, STM32WB07KCV6TR, STM32WB07KCV7TR, STM32WB09KEV6TR, STM32WB09KEV7TR, STM32WB09TEF6TR, STM32WB09TEF7TR, STM32WB1MMCH6, STM32WBA50KGU6, STM32WBA50KGU6TR, STM32WBA52CEU6, STM32WBA52CEU6TR, STM32WBA52CEU7, STM32WBA52CEU7TR, STM32WBA52CGU6, STM32WBA52CGU6TR, STM32WBA52CGU6U, STM32WBA52CGU7, STM32WBA52CGU7TR, STM32WBA52KEU6, STM32WBA52KEU6TR, STM32WBA52KGU6, STM32WBA52KGU6TR, STM32WBA54CEU6, STM32WBA54CEU6TR, STM32WBA54CEU7, STM32WBA54CEU7TR, STM32WBA54CGU6, STM32WBA54CGU6TR, STM32WBA54CGU7, STM32WBA54CGU7TR, STM32WBA54KEU6, STM32WBA54KEU6TR, STM32WBA54KEU7, STM32WBA54KEU7TR, STM32WBA54KGU6, STM32WBA54KGU6TR, STM32WBA54KGU7, STM32WBA54KGU7TR, STM32WBA55CEU6, STM32WBA55CEU6TR, STM32WBA55CEU7, STM32WBA55CEU7TR, STM32WBA55CGU6, STM32WBA55CGU6TR, STM32WBA55CGU6U, STM32WBA55CGU7, STM32WBA55CGU7TR, STM32WBA55G-DK1, STM32WBA55HEF6, STM32WBA55HEF7, STM32WBA55HGF6, STM32WBA55HGF7, STM32WBA55UEI6, STM32WBA55UEI6TR, STM32WBA55UEI7, STM32WBA55UEI7TR, STM32WBA55UGI6, STM32WBA55UGI6TR, STM32WBA55UGI7, STM32WBA55UGI7TR, STM32WBA5MMGH6TR, STM32WBA62MGF6, STM32WBA62MIF6, STM32WBA65MGF7, STM32WBA65MIF6, STM32WBA65MIF7, STM32WL30K8V6, STM32WL30KBV6, STM32WL31C8V6, STM32WL31CBV6, STM32WL31K8V6, STM32WL31KBV6, STM32WL33C8V6, STM32WL33C8V6X, STM32WL33CBV6, STM32WL33CBV6X, STM32WL33CCV6, STM32WL33CCV6A, STM32WL33CCV6X, STM32WL33K8V7, STM32WL33K8V7X, STM32WL33KBV7 , STM32WL33KBV7X, STM32WL33KCV7, STM32WL33KCV7X, STM32WL5MOCH6, STM32WL5MOCH6TR]
2026-01-31 11:43:59,851 [INFO] DbMcus:218 - Found 4876 MCUs, 4876 are supported
2026-01-31 11:43:59,853 [INFO] ApiDb:423 - Load user favorites file /home/tecna-smart-lab/.stm32cubeide/favorites.mcus.txt: 0 item(s)
2026-01-31 11:43:59,853 [INFO] ApiDb:427 - User favorites MCUs=[]
2026-01-31 11:43:59,854 [INFO] DbMcus:224 - Set 0 / 0 favorites MCUs
2026-01-31 11:44:00,957 [INFO] BoardInfo:889 - No configuration file found for board P-NUCLEO-WB55
2026-01-31 11:44:00,957 [INFO] DbBoards:161 - Kit is not supported: P-NUCLEO-WB55
2026-01-31 11:44:00,961 [INFO] BoardInfo:889 - No configuration file found for board STEVAL-BFA001V1B
2026-01-31 11:44:00,961 [INFO] DbBoards:161 - Kit is not supported: STEVAL-BFA001V1B
2026-01-31 11:44:00,962 [INFO] BoardInfo:889 - No configuration file found for board STEVAL-BFA001V2B
2026-01-31 11:44:00,962 [INFO] DbBoards:161 - Kit is not supported: STEVAL-BFA001V2B
2026-01-31 11:44:01,062 [INFO] DbBoards:168 - Found 212 boards, 209 are supported
2026-01-31 11:44:01,062 [INFO] DbBoards:169 - Found 212 boards, 43 of them is supported for  Bsp
2026-01-31 11:44:01,067 [INFO] ApiDb:423 - Load user favorites file /home/tecna-smart-lab/.stm32cubeide/favorites.boards.txt: 0 item(s)
2026-01-31 11:44:01,067 [INFO] ApiDb:427 - User favorites Boards=[]
2026-01-31 11:44:01,067 [INFO] DbBoards:198 - Set 0 / 0 favorites Boards
2026-01-31 11:44:01,125 [INFO] UtilMem:75 - End LoadConfig() Used Memory: 486115376 Bytes (564133888)
2026-01-31 11:44:01,359 [WARN] ThirdParty:833 - waiting for thirdparty lock release [change project]
2026-01-31 11:44:01,359 [INFO] ThirdParty:835 - entering critical section [change project]
2026-01-31 11:44:01,360 [INFO] ThirdParty:1030 - CMSIS Pack Vendor :STMicroelectronics X-CUBE-PM33A1 1.0.0
2026-01-31 11:44:01,360 [INFO] ThirdParty:1030 - CMSIS Pack Vendor :STMicroelectronics USBPD 4.1
2026-01-31 11:44:01,360 [INFO] ThirdParty:1030 - CMSIS Pack Vendor :STMicroelectronics USB_HOST 2.0.0
2026-01-31 11:44:01,360 [INFO] ThirdParty:1030 - CMSIS Pack Vendor :STMicroelectronics FP-SNS-MOTENVWB1 1.4.0
2026-01-31 11:44:01,360 [INFO] ThirdParty:1030 - CMSIS Pack Vendor :STMicroelectronics X-CUBE-AZRTOS-F4 1.1.0
2026-01-31 11:44:01,360 [INFO] ThirdParty:1030 - CMSIS Pack Vendor :STMicroelectronics LIBJPEG 8.0.0
2026-01-31 11:44:01,360 [INFO] ThirdParty:1030 - CMSIS Pack Vendor :STMicroelectronics FP-ATR-ASTRA1 2.0.2
2026-01-31 11:44:01,360 [INFO] ThirdParty:1030 - CMSIS Pack Vendor :Avnet-IotConnect X-CUBE-IoTC-DA16k-PMOD 1.0.0
2026-01-31 11:44:01,361 [INFO] ThirdParty:1030 - CMSIS Pack Vendor :STMicroelectronics X-CUBE-SMBUS 2.1.0
2026-01-31 11:44:01,361 [INFO] ThirdParty:1030 - CMSIS Pack Vendor :STMicroelectronics X-CUBE-ISPU 2.1.0
2026-01-31 11:44:01,361 [INFO] ThirdParty:1030 - CMSIS Pack Vendor :STMicroelectronics X-CUBE-IPS 3.2.0
2026-01-31 11:44:01,361 [INFO] ThirdParty:1030 - CMSIS Pack Vendor :STMicroelectronics X-CUBE-ST60 1.0.0
2026-01-31 11:44:01,361 [INFO] ThirdParty:1030 - CMSIS Pack Vendor :STMicroelectronics X-CUBE-NFC12 1.0.0
2026-01-31 11:44:01,361 [INFO] ThirdParty:1030 - CMSIS Pack Vendor :STMicroelectronics X-CUBE-AZRTOS-F7 1.1.0
2026-01-31 11:44:01,361 [INFO] ThirdParty:1030 - CMSIS Pack Vendor :STMicroelectronics X-CUBE-AZRTOS-L5 2.0.0
2026-01-31 11:44:01,361 [INFO] ThirdParty:1030 - CMSIS Pack Vendor :STMicroelectronics USB_DEVICE 2.0.0
2026-01-31 11:44:01,361 [INFO] ThirdParty:1030 - CMSIS Pack Vendor :STMicroelectronics X-CUBE-NFC6 3.1.0
2026-01-31 11:44:01,361 [INFO] ThirdParty:1030 - CMSIS Pack Vendor :STMicroelectronics FP-SNS-MOTENV1 5.1.0
2026-01-31 11:44:01,361 [INFO] ThirdParty:1030 - CMSIS Pack Vendor :STMicroelectronics FreeRTOS 0.0.1
2026-01-31 11:44:01,362 [INFO] ThirdParty:1030 - CMSIS Pack Vendor :Infineon AIROC-Wi-Fi-Bluetooth-STM32 1.7.0
2026-01-31 11:44:01,362 [INFO] ThirdParty:1030 - CMSIS Pack Vendor :STMicroelectronics PDM2PCM 3.3.0
2026-01-31 11:44:01,362 [INFO] ThirdParty:1030 - CMSIS Pack Vendor :STMicroelectronics X-CUBE-AZRTOS-H7 3.4.0
2026-01-31 11:44:01,362 [INFO] ThirdParty:1030 - CMSIS Pack Vendor :STMicroelectronics X-CUBE-DISPLAY 3.0.0
2026-01-31 11:44:01,362 [INFO] ThirdParty:1030 - CMSIS Pack Vendor :STMicroelectronics X-CUBE-NFC10 1.0.0
2026-01-31 11:44:01,362 [INFO] ThirdParty:1030 - CMSIS Pack Vendor :STMicroelectronics X-CUBE-BLEMGR 4.0.0
2026-01-31 11:44:01,362 [INFO] ThirdParty:1030 - CMSIS Pack Vendor :STMicroelectronics X-CUBE-FREERTOS 1.3.1
2026-01-31 11:44:01,362 [INFO] ThirdParty:1030 - CMSIS Pack Vendor :STMicroelectronics HAL Drivers 0.0.0
2026-01-31 11:44:01,362 [INFO] ThirdParty:1030 - CMSIS Pack Vendor :STMicroelectronics X-CUBE-ST60 1.1.0
2026-01-31 11:44:01,362 [INFO] ThirdParty:1030 - CMSIS Pack Vendor :emotas I-CUBE-CANOPEN 1.3.0
2026-01-31 11:44:01,362 [INFO] ThirdParty:1030 - CMSIS Pack Vendor :STMicroelectronics X-CUBE-FREERTOS 1.3.0
2026-01-31 11:44:01,363 [INFO] ThirdParty:1030 - CMSIS Pack Vendor :STMicroelectronics X-CUBE-NFC7 1.0.1
2026-01-31 11:44:01,363 [INFO] ThirdParty:1030 - CMSIS Pack Vendor :STMicroelectronics MBEDTLS 2.14.1
2026-01-31 11:44:01,363 [INFO] ThirdParty:1030 - CMSIS Pack Vendor :STMicroelectronics X-CUBE-GNSS1 7.1.0
2026-01-31 11:44:01,363 [INFO] ThirdParty:1030 - CMSIS Pack Vendor :STMicroelectronics X-CUBE-TOUCHGFX 4.26.0
2026-01-31 11:44:01,363 [INFO] ThirdParty:1030 - CMSIS Pack Vendor :quantropi X-CUBE-qispace-sdk-base 2.0.0
2026-01-31 11:44:01,363 [INFO] ThirdParty:1030 - CMSIS Pack Vendor :STMicroelectronics X-CUBE-AI 10.0.0
2026-01-31 11:44:01,363 [INFO] ThirdParty:1030 - CMSIS Pack Vendor :STMicroelectronics FP-SNS-STBOX1 2.1.0
2026-01-31 11:44:01,363 [INFO] ThirdParty:1030 - CMSIS Pack Vendor :STMicroelectronics FP-SNS-STAIOTCFT 1.0.0
2026-01-31 11:44:01,363 [INFO] ThirdParty:1030 - CMSIS Pack Vendor :STMicroelectronics FP-SNS-SMARTAG2 1.2.0
2026-01-31 11:44:01,363 [INFO] ThirdParty:1030 - CMSIS Pack Vendor :STMicroelectronics FP-SNS-FLIGHT1 5.1.0
2026-01-31 11:44:01,364 [INFO] ThirdParty:1030 - CMSIS Pack Vendor :STMicroelectronics X-CUBE-AZRTOS-WL 2.0.0
2026-01-31 11:44:01,364 [INFO] ThirdParty:1030 - CMSIS Pack Vendor :STMicroelectronics X-CUBE-DPower 1.3.0
2026-01-31 11:44:01,364 [INFO] ThirdParty:1030 - CMSIS Pack Vendor :STMicroelectronics FP-SNS-MOTENV1 5.0.0
2026-01-31 11:44:01,364 [INFO] ThirdParty:1030 - CMSIS Pack Vendor :STMicroelectronics USB_DEVICE 1.0.0
2026-01-31 11:44:01,364 [INFO] ThirdParty:1030 - CMSIS Pack Vendor :STMicroelectronics X-CUBE-AZRTOS-H7RS 1.2.0
2026-01-31 11:44:01,364 [INFO] ThirdParty:1030 - CMSIS Pack Vendor :STMicroelectronics X-CUBE-AZRTOS-L4 2.0.0
2026-01-31 11:44:01,365 [INFO] ThirdParty:1030 - CMSIS Pack Vendor :STMicroelectronics ThreadX 0.0.2
2026-01-31 11:44:01,365 [INFO] ThirdParty:1030 - CMSIS Pack Vendor :WES I-CUBE-Cesium 1.3.0
2026-01-31 11:44:01,366 [INFO] ThirdParty:1030 - CMSIS Pack Vendor :STMicroelectronics lwIP 2.1.2
2026-01-31 11:44:01,366 [INFO] ThirdParty:1030 - CMSIS Pack Vendor :STMicroelectronics X-CUBE-SFXS2LP1 4.0.0
2026-01-31 11:44:01,366 [INFO] ThirdParty:1030 - CMSIS Pack Vendor :STMicroelectronics X-CUBE-BLE2 3.3.0
2026-01-31 11:44:01,366 [INFO] ThirdParty:1030 - CMSIS Pack Vendor :Avnet-IOTCONNECT X-CUBE-iotc-st67-sdk 1.0.0
2026-01-31 11:44:01,366 [INFO] ThirdParty:1030 - CMSIS Pack Vendor :STMicroelectronics PDM2PCM 3.2.0
2026-01-31 11:44:01,366 [INFO] ThirdParty:1030 - CMSIS Pack Vendor :STMicroelectronics X-CUBE-ST67W61 1.2.0
2026-01-31 11:44:01,367 [INFO] ThirdParty:1030 - CMSIS Pack Vendor :STMicroelectronics X-CUBE-AZRTOS-H7 3.3.0
2026-01-31 11:44:01,367 [INFO] ThirdParty:1030 - CMSIS Pack Vendor :STMicroelectronics X-CUBE-NFC9 1.0.0
2026-01-31 11:44:01,367 [INFO] ThirdParty:1030 - CMSIS Pack Vendor :STMicroelectronics X-CUBE-BLE1 7.1.0
2026-01-31 11:44:01,367 [INFO] ThirdParty:1030 - CMSIS Pack Vendor :wolfSSL I-CUBE-wolfMQTT 1.19.2
2026-01-31 11:44:01,367 [INFO] ThirdParty:1030 - CMSIS Pack Vendor :STMicroelectronics USB_DEVICE 3.0.0
2026-01-31 11:44:01,367 [INFO] ThirdParty:1030 - CMSIS Pack Vendor :STMicroelectronics X-CUBE-FREERTOS 1.4.0
2026-01-31 11:44:01,367 [INFO] ThirdParty:1030 - CMSIS Pack Vendor :STMicroelectronics X-CUBE-EEPRMA1 5.2.0
2026-01-31 11:44:01,367 [INFO] ThirdParty:1030 - CMSIS Pack Vendor :STMicroelectronics X-CUBE-BLEMGR 4.1.0
2026-01-31 11:44:01,367 [INFO] ThirdParty:1030 - CMSIS Pack Vendor :STMicroelectronics X-CUBE-AZRTOS-WB 2.0.0
2026-01-31 11:44:01,368 [INFO] ThirdParty:1030 - CMSIS Pack Vendor :STMicroelectronics X-CUBE-GNSS1 7.0.1
2026-01-31 11:44:01,368 [INFO] ThirdParty:1030 - CMSIS Pack Vendor :STMicroelectronics X-CUBE-TOUCHGFX 4.25.0
2026-01-31 11:44:01,368 [INFO] ThirdParty:1030 - CMSIS Pack Vendor :STMicroelectronics X-CUBE-ST67W61 1.1.0
2026-01-31 11:44:01,368 [INFO] ThirdParty:1030 - CMSIS Pack Vendor :STMicroelectronics X-CUBE-AI 10.1.0
2026-01-31 11:44:01,368 [INFO] ThirdParty:1030 - CMSIS Pack Vendor :STMicroelectronics FP-SNS-STBOX1 2.0.0
2026-01-31 11:44:01,368 [INFO] ThirdParty:1030 - CMSIS Pack Vendor :STMicroelectronics X-CUBE-MEMS1 12.0.0
2026-01-31 11:44:01,368 [INFO] ThirdParty:1030 - CMSIS Pack Vendor :STMicroelectronics X-CUBE-STSE01 2.0.0
2026-01-31 11:44:01,368 [INFO] ThirdParty:1030 - CMSIS Pack Vendor :STMicroelectronics X-CUBE-MEMS1 11.2.0
2026-01-31 11:44:01,368 [INFO] ThirdParty:1030 - CMSIS Pack Vendor :STMicroelectronics X-CUBE-AZRTOS-G0 1.1.0
2026-01-31 11:44:01,368 [INFO] ThirdParty:1030 - CMSIS Pack Vendor :STMicroelectronics X-CUBE-SAFEA1 1.2.2
2026-01-31 11:44:01,369 [INFO] ThirdParty:1030 - CMSIS Pack Vendor :STMicroelectronics X-CUBE-NFC4 3.0.0
2026-01-31 11:44:01,369 [INFO] ThirdParty:1030 - CMSIS Pack Vendor :STMicroelectronics X-CUBE-SUBG2 5.0.0
2026-01-31 11:44:01,369 [INFO] ThirdParty:1030 - CMSIS Pack Vendor :STMicroelectronics X-CUBE-AZRTOS-H7RS 1.1.0
2026-01-31 11:44:01,369 [INFO] ThirdParty:1030 - CMSIS Pack Vendor :STMicroelectronics STM32_WPAN 1.0.0
2026-01-31 11:44:01,369 [INFO] ThirdParty:1030 - CMSIS Pack Vendor :EmbeddedOffice I-CUBE-FS-RTOS 1.0.1
2026-01-31 11:44:01,369 [INFO] ThirdParty:1030 - CMSIS Pack Vendor :STMicroelectronics lwIP 2.0.3
2026-01-31 11:44:01,369 [INFO] ThirdParty:1030 - CMSIS Pack Vendor :Cesanta I-CUBE-Mongoose 7.13.0
2026-01-31 11:44:01,369 [INFO] ThirdParty:1030 - CMSIS Pack Vendor :STMicroelectronics USB_HOST 1.0.0
2026-01-31 11:44:01,369 [INFO] ThirdParty:1030 - CMSIS Pack Vendor :STMicroelectronics X-CUBE-AZRTOS-G4 2.0.0
2026-01-31 11:44:01,370 [INFO] ThirdParty:1030 - CMSIS Pack Vendor :STMicroelectronics X-CUBE-WB05N 2.0.0
2026-01-31 11:44:01,370 [INFO] ThirdParty:1030 - CMSIS Pack Vendor :STMicroelectronics PDM2PCM 3.1.0
2026-01-31 11:44:01,370 [INFO] ThirdParty:1030 - CMSIS Pack Vendor :wolfSSL I-CUBE-wolfTPM 3.8.0
2026-01-31 11:44:01,370 [INFO] ThirdParty:1030 - CMSIS Pack Vendor :wolfSSL I-CUBE-wolfSSH 1.4.20
2026-01-31 11:44:01,370 [INFO] ThirdParty:1030 - CMSIS Pack Vendor :STMicroelectronics X-CUBE-NFC7 2.0.0
2026-01-31 11:44:01,370 [INFO] ThirdParty:1030 - CMSIS Pack Vendor :STMicroelectronics X-CUBE-TCPP 4.2.0
2026-01-31 11:44:01,370 [INFO] ThirdParty:1030 - CMSIS Pack Vendor :RealThread X-CUBE-RT-Thread_Nano 4.1.1
2026-01-31 11:44:01,370 [INFO] ThirdParty:1030 - CMSIS Pack Vendor :STMicroelectronics FP-ATR-SIGFOX1 3.2.0
2026-01-31 11:44:01,370 [INFO] ThirdParty:1030 - CMSIS Pack Vendor :STMicroelectronics X-CUBE-EEPRMA1 5.1.0
2026-01-31 11:44:01,370 [INFO] ThirdParty:1030 - CMSIS Pack Vendor :STMicroelectronics MBEDTLS 2.16.2
2026-01-31 11:44:01,371 [INFO] ThirdParty:1030 - CMSIS Pack Vendor :STMicroelectronics X-CUBE-IPS 3.1.0
2026-01-31 11:44:01,371 [INFO] ThirdParty:1030 - CMSIS Pack Vendor :STMicroelectronics X-CUBE-ALS 1.0.2
2026-01-31 11:44:01,371 [INFO] ThirdParty:1030 - CMSIS Pack Vendor :wolfSSL I-CUBE-wolfSSL 5.7.6
2026-01-31 11:44:01,371 [INFO] ThirdParty:1030 - CMSIS Pack Vendor :ITTIA_DB I-CUBE-ITTIADB 8.9.0
2026-01-31 11:44:01,371 [INFO] ThirdParty:1030 - CMSIS Pack Vendor :STMicroelectronics X-CUBE-STSE01 1.0.0
2026-01-31 11:44:01,371 [INFO] ThirdParty:1030 - CMSIS Pack Vendor :portGmbH I-Cube-SoM-uGOAL 1.1.0
2026-01-31 11:44:01,371 [INFO] ThirdParty:1030 - CMSIS Pack Vendor :STMicroelectronics X-CUBE-NFC6 3.2.0
2026-01-31 11:44:01,371 [INFO] ThirdParty:1030 - CMSIS Pack Vendor :STMicroelectronics X-CUBE-ST67W61 1.0.0
2026-01-31 11:44:01,371 [INFO] ThirdParty:1030 - CMSIS Pack Vendor :STMicroelectronics X-CUBE-AI 10.2.0
2026-01-31 11:44:01,372 [INFO] ThirdParty:1030 - CMSIS Pack Vendor :STMicroelectronics ThreadX 1.0.0
2026-01-31 11:44:01,372 [INFO] ThirdParty:1030 - CMSIS Pack Vendor :SEGGER I-CUBE-embOS 1.3.1
2026-01-31 11:44:01,372 [INFO] ThirdParty:1030 - CMSIS Pack Vendor :STMicroelectronics X-CUBE-ALGOBUILD 1.4.0
2026-01-31 11:44:01,372 [INFO] ThirdParty:1030 - CMSIS Pack Vendor :STMicroelectronics X-CUBE-MEMS1 11.3.0
2026-01-31 11:44:01,372 [INFO] ThirdParty:1030 - CMSIS Pack Vendor :STMicroelectronics X-CUBE-TOF1 3.4.3
2026-01-31 11:44:01,373 [INFO] ThirdParty:841 - exiting critical section [change project]
2026-01-31 11:44:02,211 [INFO] PinOutPanel:1589 - setPackage(No Configuration,No Configuration)
2026-01-31 11:44:02,213 [INFO] PinOutPanel:1589 - setPackage(STM32F446RCTx,LQFP64)
2026-01-31 11:44:03,268 [INFO] UtilMem:75 - Before build in PCC Used Memory: 311002968 Bytes (564133888)
2026-01-31 11:44:04,553 [INFO] UtilMem:75 - After build in PCC Used Memory: 420054888 Bytes (564133888)
2026-01-31 11:44:04,661 [INFO] IPUIPlugin:80 - create IPUIPlugin
2026-01-31 11:44:04,662 [INFO] IPUIPlugin:80 - create IPUIPlugin
2026-01-31 11:44:04,662 [INFO] IPUIPlugin:80 - create IPUIPlugin
2026-01-31 11:44:04,662 [INFO] IPUIPlugin:80 - create IPUIPlugin
2026-01-31 11:44:04,662 [INFO] IPUIPlugin:80 - create IPUIPlugin
2026-01-31 11:44:04,662 [INFO] IPUIPlugin:80 - create IPUIPlugin
2026-01-31 11:44:04,663 [INFO] IPUIPlugin:80 - create IPUIPlugin
2026-01-31 11:44:04,663 [INFO] IPUIPlugin:80 - create IPUIPlugin
2026-01-31 11:44:04,663 [INFO] IPUIPlugin:80 - create IPUIPlugin
2026-01-31 11:44:04,663 [INFO] IPUIPlugin:80 - create IPUIPlugin
2026-01-31 11:44:04,663 [INFO] IPUIPlugin:80 - create IPUIPlugin
2026-01-31 11:44:04,663 [INFO] IPUIPlugin:80 - create IPUIPlugin
2026-01-31 11:44:04,663 [INFO] IPUIPlugin:80 - create IPUIPlugin
2026-01-31 11:44:04,664 [INFO] IPUIPlugin:80 - create IPUIPlugin
2026-01-31 11:44:04,664 [INFO] IPUIPlugin:80 - create IPUIPlugin
2026-01-31 11:44:04,664 [INFO] IPUIPlugin:80 - create IPUIPlugin
2026-01-31 11:44:04,664 [INFO] IPUIPlugin:80 - create IPUIPlugin
2026-01-31 11:44:04,664 [INFO] IPUIPlugin:80 - create IPUIPlugin
2026-01-31 11:44:04,664 [INFO] IPUIPlugin:80 - create IPUIPlugin
2026-01-31 11:44:04,664 [INFO] IPUIPlugin:80 - create IPUIPlugin
2026-01-31 11:44:04,665 [INFO] IPUIPlugin:80 - create IPUIPlugin
2026-01-31 11:44:04,665 [INFO] IPUIPlugin:80 - create IPUIPlugin
2026-01-31 11:44:04,665 [INFO] IPUIPlugin:80 - create IPUIPlugin
2026-01-31 11:44:04,665 [INFO] IPUIPlugin:80 - create IPUIPlugin
2026-01-31 11:44:04,666 [INFO] IPUIPlugin:80 - create IPUIPlugin
2026-01-31 11:44:04,666 [INFO] IPUIPlugin:80 - create IPUIPlugin
2026-01-31 11:44:04,666 [INFO] IPUIPlugin:80 - create IPUIPlugin
2026-01-31 11:44:04,666 [INFO] IPUIPlugin:80 - create IPUIPlugin
2026-01-31 11:44:04,666 [INFO] IPUIPlugin:80 - create IPUIPlugin
2026-01-31 11:44:04,667 [INFO] IPUIPlugin:80 - create IPUIPlugin
2026-01-31 11:44:04,667 [INFO] IPUIPlugin:80 - create IPUIPlugin
2026-01-31 11:44:04,667 [INFO] IPUIPlugin:80 - create IPUIPlugin
2026-01-31 11:44:04,667 [INFO] IPUIPlugin:80 - create IPUIPlugin
2026-01-31 11:44:04,667 [INFO] IPUIPlugin:80 - create IPUIPlugin
2026-01-31 11:44:04,667 [INFO] IPUIPlugin:80 - create IPUIPlugin
2026-01-31 11:44:04,668 [INFO] IPUIPlugin:80 - create IPUIPlugin
2026-01-31 11:44:04,668 [INFO] IPUIPlugin:80 - create IPUIPlugin
2026-01-31 11:44:04,668 [INFO] IPUIPlugin:80 - create IPUIPlugin
2026-01-31 11:44:04,668 [INFO] IPUIPlugin:80 - create IPUIPlugin
2026-01-31 11:44:04,668 [INFO] IPUIPlugin:80 - create IPUIPlugin
2026-01-31 11:44:04,668 [INFO] IPUIPlugin:80 - create IPUIPlugin
2026-01-31 11:44:04,668 [INFO] IPUIPlugin:80 - create IPUIPlugin
2026-01-31 11:44:04,668 [INFO] IPUIPlugin:80 - create IPUIPlugin
2026-01-31 11:44:04,668 [INFO] IPUIPlugin:80 - create IPUIPlugin
2026-01-31 11:44:04,669 [INFO] IPUIPlugin:80 - create IPUIPlugin
2026-01-31 11:44:04,669 [INFO] IPUIPlugin:80 - create IPUIPlugin
2026-01-31 11:44:04,669 [INFO] IPUIPlugin:80 - create IPUIPlugin
2026-01-31 11:44:04,669 [INFO] IPUIPlugin:80 - create IPUIPlugin
2026-01-31 11:44:04,669 [INFO] IPUIPlugin:80 - create IPUIPlugin
2026-01-31 11:44:04,669 [INFO] IPUIPlugin:80 - create IPUIPlugin
2026-01-31 11:44:04,669 [INFO] IPUIPlugin:80 - create IPUIPlugin
2026-01-31 11:44:04,669 [INFO] IPUIPlugin:80 - create IPUIPlugin
2026-01-31 11:44:04,669 [INFO] IPUIPlugin:80 - create IPUIPlugin
2026-01-31 11:44:04,669 [INFO] IPUIPlugin:80 - create IPUIPlugin
2026-01-31 11:44:04,670 [INFO] IPUIPlugin:80 - create IPUIPlugin
2026-01-31 11:44:04,670 [INFO] IPUIPlugin:80 - create IPUIPlugin
2026-01-31 11:44:04,670 [INFO] IPUIPlugin:80 - create IPUIPlugin
2026-01-31 11:44:04,670 [INFO] IPUIPlugin:80 - create IPUIPlugin
2026-01-31 11:44:04,671 [INFO] IPUIPlugin:80 - create IPUIPlugin
2026-01-31 11:44:04,672 [INFO] IPUIPlugin:80 - create IPUIPlugin
2026-01-31 11:44:04,672 [INFO] IPUIPlugin:80 - create IPUIPlugin
2026-01-31 11:44:04,688 [INFO] ApiDbMcu:532 - Load IP Config File for PDM2PCM
2026-01-31 11:44:04,698 [WARN] IP:2250 - I2C_Coeff_DF not found: check if there is a RefParameter without a condition.
2026-01-31 11:44:04,698 [WARN] IP:2250 - Analog_Filter not found: check if there is a RefParameter without a condition.
2026-01-31 11:44:05,112 [INFO] CADModel:165 - CPN selected for project levelSTM32F446RCT6
2026-01-31 11:44:05,112 [INFO] CADModel:114 - Register for checkConnection events
2026-01-31 11:44:05,116 [INFO] RtosManager:728 - Active RTOS found at IOC load: STMicroelectronics.X-CUBE-AZRTOS-F4.1.1.0 [Cortex-M4NS]
2026-01-31 11:44:05,161 [INFO] OpenFileManager:386 - Restore cursor
2026-01-31 11:44:05,473 [WARN] IP:2250 - TX_NO_TIMER not found: check if there is a RefParameter without a condition.
2026-01-31 11:44:05,474 [WARN] IP:2250 - ALIGN_TYPE_VAL not found: check if there is a RefParameter without a condition.
2026-01-31 11:44:05,763 [WARN] IP:2250 - I2C_Coeff_DF not found: check if there is a RefParameter without a condition.
2026-01-31 11:44:05,764 [WARN] IP:2250 - Analog_Filter not found: check if there is a RefParameter without a condition.
2026-01-31 11:44:05,766 [WARN] IP:2250 - I2C_Coeff_DF not found: check if there is a RefParameter without a condition.
2026-01-31 11:44:05,766 [WARN] IP:2250 - Analog_Filter not found: check if there is a RefParameter without a condition.
2026-01-31 11:47:04,995 [ERROR] LogOutputStream:75 - [STDERR_REDIRECT] Jan 31, 2026 11:47:04 AM org.eclipse.lsp4j.jsonrpc.services.GenericEndpoint notify
2026-01-31 11:47:04,995 [ERROR] LogOutputStream:75 - [STDERR_REDIRECT] WARNING: Unsupported notification method: statusNotification
2026-01-31 11:47:04,995 [ERROR] LogOutputStream:75 - [STDERR_REDIRECT] 
2026-01-31 11:47:04,996 [ERROR] LogOutputStream:75 - [STDERR_REDIRECT] Jan 31, 2026 11:47:04 AM org.eclipse.lsp4j.jsonrpc.services.GenericEndpoint notify
2026-01-31 11:47:04,996 [ERROR] LogOutputStream:75 - [STDERR_REDIRECT] WARNING: Unsupported notification method: didChangeStatus
2026-01-31 11:47:04,996 [ERROR] LogOutputStream:75 - [STDERR_REDIRECT] 
2026-01-31 11:47:05,175 [ERROR] LogOutputStream:75 - [STDERR_REDIRECT] Jan 31, 2026 11:47:05 AM org.eclipse.lsp4j.jsonrpc.services.GenericEndpoint notify
2026-01-31 11:47:05,176 [ERROR] LogOutputStream:75 - [STDERR_REDIRECT] WARNING: Unsupported notification method: statusNotification
2026-01-31 11:47:05,176 [ERROR] LogOutputStream:75 - [STDERR_REDIRECT] 
2026-01-31 11:47:05,178 [ERROR] LogOutputStream:75 - [STDERR_REDIRECT] Jan 31, 2026 11:47:05 AM org.eclipse.lsp4j.jsonrpc.services.GenericEndpoint notify
2026-01-31 11:47:05,178 [ERROR] LogOutputStream:75 - [STDERR_REDIRECT] WARNING: Unsupported notification method: didChangeStatus
2026-01-31 11:47:05,178 [ERROR] LogOutputStream:75 - [STDERR_REDIRECT] 
2026-01-31 11:47:05,193 [ERROR] LogOutputStream:75 - [STDERR_REDIRECT] Jan 31, 2026 11:47:05 AM org.eclipse.lsp4j.jsonrpc.services.GenericEndpoint notify
2026-01-31 11:47:05,193 [ERROR] LogOutputStream:75 - [STDERR_REDIRECT] WARNING: Unsupported notification method: statusNotification
2026-01-31 11:47:05,193 [ERROR] LogOutputStream:75 - [STDERR_REDIRECT] 
2026-01-31 11:47:05,194 [ERROR] LogOutputStream:75 - [STDERR_REDIRECT] Jan 31, 2026 11:47:05 AM org.eclipse.lsp4j.jsonrpc.services.GenericEndpoint notify
2026-01-31 11:47:05,195 [ERROR] LogOutputStream:75 - [STDERR_REDIRECT] WARNING: Unsupported notification method: didChangeStatus
2026-01-31 11:47:05,195 [ERROR] LogOutputStream:75 - [STDERR_REDIRECT] 
2026-01-31 11:47:05,382 [ERROR] LogOutputStream:75 - [STDERR_REDIRECT] Jan 31, 2026 11:47:05 AM org.eclipse.lsp4j.jsonrpc.services.GenericEndpoint notify
2026-01-31 11:47:05,383 [ERROR] LogOutputStream:75 - [STDERR_REDIRECT] WARNING: Unsupported notification method: statusNotification
2026-01-31 11:47:05,383 [ERROR] LogOutputStream:75 - [STDERR_REDIRECT] 
2026-01-31 11:47:05,384 [ERROR] LogOutputStream:75 - [STDERR_REDIRECT] Jan 31, 2026 11:47:05 AM org.eclipse.lsp4j.jsonrpc.services.GenericEndpoint notify
2026-01-31 11:47:05,384 [ERROR] LogOutputStream:75 - [STDERR_REDIRECT] WARNING: Unsupported notification method: didChangeStatus
2026-01-31 11:47:05,384 [ERROR] LogOutputStream:75 - [STDERR_REDIRECT] 
2026-01-31 11:47:05,416 [ERROR] LogOutputStream:75 - [STDERR_REDIRECT] Jan 31, 2026 11:47:05 AM org.eclipse.lsp4j.jsonrpc.services.GenericEndpoint notify
2026-01-31 11:47:05,416 [ERROR] LogOutputStream:75 - [STDERR_REDIRECT] WARNING: Unsupported notification method: statusNotification
2026-01-31 11:47:05,416 [ERROR] LogOutputStream:75 - [STDERR_REDIRECT] 
2026-01-31 11:47:05,417 [ERROR] LogOutputStream:75 - [STDERR_REDIRECT] Jan 31, 2026 11:47:05 AM org.eclipse.lsp4j.jsonrpc.services.GenericEndpoint notify
2026-01-31 11:47:05,417 [ERROR] LogOutputStream:75 - [STDERR_REDIRECT] WARNING: Unsupported notification method: didChangeStatus
2026-01-31 11:47:05,417 [ERROR] LogOutputStream:75 - [STDERR_REDIRECT] 
2026-01-31 11:47:07,259 [ERROR] LogOutputStream:75 - [STDERR_REDIRECT] Jan 31, 2026 11:47:07 AM org.eclipse.lsp4j.jsonrpc.services.GenericEndpoint notify
2026-01-31 11:47:07,260 [ERROR] LogOutputStream:75 - [STDERR_REDIRECT] WARNING: Unsupported notification method: statusNotification
2026-01-31 11:47:07,261 [ERROR] LogOutputStream:75 - [STDERR_REDIRECT] 
2026-01-31 11:47:07,263 [ERROR] LogOutputStream:75 - [STDERR_REDIRECT] Jan 31, 2026 11:47:07 AM org.eclipse.lsp4j.jsonrpc.services.GenericEndpoint notify
2026-01-31 11:47:07,263 [ERROR] LogOutputStream:75 - [STDERR_REDIRECT] WARNING: Unsupported notification method: didChangeStatus
2026-01-31 11:47:07,263 [ERROR] LogOutputStream:75 - [STDERR_REDIRECT] 
2026-01-31 11:47:07,327 [ERROR] LogOutputStream:75 - [STDERR_REDIRECT] Jan 31, 2026 11:47:07 AM org.eclipse.lsp4j.jsonrpc.services.GenericEndpoint notify
2026-01-31 11:47:07,328 [ERROR] LogOutputStream:75 - [STDERR_REDIRECT] WARNING: Unsupported notification method: statusNotification
2026-01-31 11:47:07,329 [ERROR] LogOutputStream:75 - [STDERR_REDIRECT] 
2026-01-31 11:47:07,329 [ERROR] LogOutputStream:75 - [STDERR_REDIRECT] Jan 31, 2026 11:47:07 AM org.eclipse.lsp4j.jsonrpc.services.GenericEndpoint notify
2026-01-31 11:47:07,330 [ERROR] LogOutputStream:75 - [STDERR_REDIRECT] WARNING: Unsupported notification method: didChangeStatus
2026-01-31 11:47:07,330 [ERROR] LogOutputStream:75 - [STDERR_REDIRECT] 
2026-01-31 11:47:07,918 [ERROR] LogOutputStream:75 - [STDERR_REDIRECT] Jan 31, 2026 11:47:07 AM org.eclipse.lsp4j.jsonrpc.services.GenericEndpoint notify
2026-01-31 11:47:07,918 [ERROR] LogOutputStream:75 - [STDERR_REDIRECT] WARNING: Unsupported notification method: statusNotification
2026-01-31 11:47:07,919 [ERROR] LogOutputStream:75 - [STDERR_REDIRECT] 
2026-01-31 11:47:07,919 [ERROR] LogOutputStream:75 - [STDERR_REDIRECT] Jan 31, 2026 11:47:07 AM org.eclipse.lsp4j.jsonrpc.services.GenericEndpoint notify
2026-01-31 11:47:07,919 [ERROR] LogOutputStream:75 - [STDERR_REDIRECT] WARNING: Unsupported notification method: didChangeStatus
2026-01-31 11:47:07,919 [ERROR] LogOutputStream:75 - [STDERR_REDIRECT] 
2026-01-31 11:47:30,328 [ERROR] LogOutputStream:75 - [STDERR_REDIRECT] Jan 31, 2026 11:47:30 AM org.eclipse.lsp4j.jsonrpc.services.GenericEndpoint notify
2026-01-31 11:47:30,328 [ERROR] LogOutputStream:75 - [STDERR_REDIRECT] WARNING: Unsupported notification method: statusNotification
2026-01-31 11:47:30,328 [ERROR] LogOutputStream:75 - [STDERR_REDIRECT] 
2026-01-31 11:47:30,329 [ERROR] LogOutputStream:75 - [STDERR_REDIRECT] Jan 31, 2026 11:47:30 AM org.eclipse.lsp4j.jsonrpc.services.GenericEndpoint notify
2026-01-31 11:47:30,329 [ERROR] LogOutputStream:75 - [STDERR_REDIRECT] WARNING: Unsupported notification method: didChangeStatus
2026-01-31 11:47:30,329 [ERROR] LogOutputStream:75 - [STDERR_REDIRECT] 
2026-01-31 11:47:31,372 [ERROR] LogOutputStream:75 - [STDERR_REDIRECT] Jan 31, 2026 11:47:31 AM org.eclipse.lsp4j.jsonrpc.services.GenericEndpoint notify
2026-01-31 11:47:31,372 [ERROR] LogOutputStream:75 - [STDERR_REDIRECT] WARNING: Unsupported notification method: statusNotification
2026-01-31 11:47:31,372 [ERROR] LogOutputStream:75 - [STDERR_REDIRECT] 
2026-01-31 11:47:31,373 [ERROR] LogOutputStream:75 - [STDERR_REDIRECT] Jan 31, 2026 11:47:31 AM org.eclipse.lsp4j.jsonrpc.services.GenericEndpoint notify
2026-01-31 11:47:31,373 [ERROR] LogOutputStream:75 - [STDERR_REDIRECT] WARNING: Unsupported notification method: didChangeStatus
2026-01-31 11:47:31,373 [ERROR] LogOutputStream:75 - [STDERR_REDIRECT] 
2026-01-31 11:47:31,394 [ERROR] LogOutputStream:75 - [STDERR_REDIRECT] Jan 31, 2026 11:47:31 AM org.eclipse.lsp4j.jsonrpc.services.GenericEndpoint notify
2026-01-31 11:47:31,395 [ERROR] LogOutputStream:75 - [STDERR_REDIRECT] WARNING: Unsupported notification method: statusNotification
2026-01-31 11:47:31,395 [ERROR] LogOutputStream:75 - [STDERR_REDIRECT] 
2026-01-31 11:47:31,395 [ERROR] LogOutputStream:75 - [STDERR_REDIRECT] Jan 31, 2026 11:47:31 AM org.eclipse.lsp4j.jsonrpc.services.GenericEndpoint notify
2026-01-31 11:47:31,396 [ERROR] LogOutputStream:75 - [STDERR_REDIRECT] WARNING: Unsupported notification method: didChangeStatus
2026-01-31 11:47:31,396 [ERROR] LogOutputStream:75 - [STDERR_REDIRECT] 
2026-01-31 11:47:31,927 [ERROR] LogOutputStream:75 - [STDERR_REDIRECT] Jan 31, 2026 11:47:31 AM org.eclipse.lsp4j.jsonrpc.services.GenericEndpoint notify
2026-01-31 11:47:31,927 [ERROR] LogOutputStream:75 - [STDERR_REDIRECT] WARNING: Unsupported notification method: statusNotification
2026-01-31 11:47:31,927 [ERROR] LogOutputStream:75 - [STDERR_REDIRECT] 
2026-01-31 11:47:31,928 [ERROR] LogOutputStream:75 - [STDERR_REDIRECT] Jan 31, 2026 11:47:31 AM org.eclipse.lsp4j.jsonrpc.services.GenericEndpoint notify
2026-01-31 11:47:31,928 [ERROR] LogOutputStream:75 - [STDERR_REDIRECT] WARNING: Unsupported notification method: didChangeStatus
2026-01-31 11:47:31,929 [ERROR] LogOutputStream:75 - [STDERR_REDIRECT] 
2026-01-31 11:48:36,252 [ERROR] LogOutputStream:75 - [STDERR_REDIRECT] Jan 31, 2026 11:48:36 AM org.eclipse.lsp4j.jsonrpc.services.GenericEndpoint notify
2026-01-31 11:48:36,253 [ERROR] LogOutputStream:75 - [STDERR_REDIRECT] WARNING: Unsupported notification method: statusNotification
2026-01-31 11:48:36,253 [ERROR] LogOutputStream:75 - [STDERR_REDIRECT] 
2026-01-31 11:48:36,254 [ERROR] LogOutputStream:75 - [STDERR_REDIRECT] Jan 31, 2026 11:48:36 AM org.eclipse.lsp4j.jsonrpc.services.GenericEndpoint notify
2026-01-31 11:48:36,254 [ERROR] LogOutputStream:75 - [STDERR_REDIRECT] WARNING: Unsupported notification method: didChangeStatus
2026-01-31 11:48:36,254 [ERROR] LogOutputStream:75 - [STDERR_REDIRECT] 
2026-01-31 11:48:37,120 [ERROR] LogOutputStream:75 - [STDERR_REDIRECT] Jan 31, 2026 11:48:37 AM org.eclipse.lsp4j.jsonrpc.services.GenericEndpoint notify
2026-01-31 11:48:37,121 [ERROR] LogOutputStream:75 - [STDERR_REDIRECT] WARNING: Unsupported notification method: statusNotification
2026-01-31 11:48:37,121 [ERROR] LogOutputStream:75 - [STDERR_REDIRECT] 
2026-01-31 11:48:37,121 [ERROR] LogOutputStream:75 - [STDERR_REDIRECT] Jan 31, 2026 11:48:37 AM org.eclipse.lsp4j.jsonrpc.services.GenericEndpoint notify
2026-01-31 11:48:37,122 [ERROR] LogOutputStream:75 - [STDERR_REDIRECT] WARNING: Unsupported notification method: didChangeStatus
2026-01-31 11:48:37,122 [ERROR] LogOutputStream:75 - [STDERR_REDIRECT] 
2026-01-31 11:48:37,185 [ERROR] LogOutputStream:75 - [STDERR_REDIRECT] Jan 31, 2026 11:48:37 AM org.eclipse.lsp4j.jsonrpc.services.GenericEndpoint notify
2026-01-31 11:48:37,185 [ERROR] LogOutputStream:75 - [STDERR_REDIRECT] WARNING: Unsupported notification method: statusNotification
2026-01-31 11:48:37,185 [ERROR] LogOutputStream:75 - [STDERR_REDIRECT] 
2026-01-31 11:48:37,186 [ERROR] LogOutputStream:75 - [STDERR_REDIRECT] Jan 31, 2026 11:48:37 AM org.eclipse.lsp4j.jsonrpc.services.GenericEndpoint notify
2026-01-31 11:48:37,186 [ERROR] LogOutputStream:75 - [STDERR_REDIRECT] WARNING: Unsupported notification method: didChangeStatus
2026-01-31 11:48:37,187 [ERROR] LogOutputStream:75 - [STDERR_REDIRECT] 
2026-01-31 11:48:37,607 [ERROR] LogOutputStream:75 - [STDERR_REDIRECT] Jan 31, 2026 11:48:37 AM org.eclipse.lsp4j.jsonrpc.services.GenericEndpoint notify
2026-01-31 11:48:37,607 [ERROR] LogOutputStream:75 - [STDERR_REDIRECT] WARNING: Unsupported notification method: statusNotification
2026-01-31 11:48:37,608 [ERROR] LogOutputStream:75 - [STDERR_REDIRECT] 
2026-01-31 11:48:37,608 [ERROR] LogOutputStream:75 - [STDERR_REDIRECT] Jan 31, 2026 11:48:37 AM org.eclipse.lsp4j.jsonrpc.services.GenericEndpoint notify
2026-01-31 11:48:37,609 [ERROR] LogOutputStream:75 - [STDERR_REDIRECT] WARNING: Unsupported notification method: didChangeStatus
2026-01-31 11:48:37,609 [ERROR] LogOutputStream:75 - [STDERR_REDIRECT] 
2026-01-31 11:48:40,454 [ERROR] LogOutputStream:75 - [STDERR_REDIRECT] Jan 31, 2026 11:48:40 AM org.eclipse.lsp4j.jsonrpc.services.GenericEndpoint notify
2026-01-31 11:48:40,455 [ERROR] LogOutputStream:75 - [STDERR_REDIRECT] WARNING: Unsupported notification method: statusNotification
2026-01-31 11:48:40,455 [ERROR] LogOutputStream:75 - [STDERR_REDIRECT] 
2026-01-31 11:48:40,456 [ERROR] LogOutputStream:75 - [STDERR_REDIRECT] Jan 31, 2026 11:48:40 AM org.eclipse.lsp4j.jsonrpc.services.GenericEndpoint notify
2026-01-31 11:48:40,456 [ERROR] LogOutputStream:75 - [STDERR_REDIRECT] WARNING: Unsupported notification method: didChangeStatus
2026-01-31 11:48:40,456 [ERROR] LogOutputStream:75 - [STDERR_REDIRECT] 
2026-01-31 11:48:41,509 [ERROR] LogOutputStream:75 - [STDERR_REDIRECT] Jan 31, 2026 11:48:41 AM org.eclipse.lsp4j.jsonrpc.services.GenericEndpoint notify
2026-01-31 11:48:41,510 [ERROR] LogOutputStream:75 - [STDERR_REDIRECT] WARNING: Unsupported notification method: statusNotification
2026-01-31 11:48:41,511 [ERROR] LogOutputStream:75 - [STDERR_REDIRECT] 
2026-01-31 11:48:41,512 [ERROR] LogOutputStream:75 - [STDERR_REDIRECT] Jan 31, 2026 11:48:41 AM org.eclipse.lsp4j.jsonrpc.services.GenericEndpoint notify
2026-01-31 11:48:41,512 [ERROR] LogOutputStream:75 - [STDERR_REDIRECT] WARNING: Unsupported notification method: didChangeStatus
2026-01-31 11:48:41,512 [ERROR] LogOutputStream:75 - [STDERR_REDIRECT] 
2026-01-31 11:48:41,533 [ERROR] LogOutputStream:75 - [STDERR_REDIRECT] Jan 31, 2026 11:48:41 AM org.eclipse.lsp4j.jsonrpc.services.GenericEndpoint notify
2026-01-31 11:48:41,533 [ERROR] LogOutputStream:75 - [STDERR_REDIRECT] WARNING: Unsupported notification method: statusNotification
2026-01-31 11:48:41,533 [ERROR] LogOutputStream:75 - [STDERR_REDIRECT] 
2026-01-31 11:48:41,534 [ERROR] LogOutputStream:75 - [STDERR_REDIRECT] Jan 31, 2026 11:48:41 AM org.eclipse.lsp4j.jsonrpc.services.GenericEndpoint notify
2026-01-31 11:48:41,534 [ERROR] LogOutputStream:75 - [STDERR_REDIRECT] WARNING: Unsupported notification method: didChangeStatus
2026-01-31 11:48:41,534 [ERROR] LogOutputStream:75 - [STDERR_REDIRECT] 
2026-01-31 11:48:42,321 [ERROR] LogOutputStream:75 - [STDERR_REDIRECT] Jan 31, 2026 11:48:42 AM org.eclipse.lsp4j.jsonrpc.services.GenericEndpoint notify
2026-01-31 11:48:42,322 [ERROR] LogOutputStream:75 - [STDERR_REDIRECT] WARNING: Unsupported notification method: statusNotification
2026-01-31 11:48:42,322 [ERROR] LogOutputStream:75 - [STDERR_REDIRECT] 
2026-01-31 11:48:42,323 [ERROR] LogOutputStream:75 - [STDERR_REDIRECT] Jan 31, 2026 11:48:42 AM org.eclipse.lsp4j.jsonrpc.services.GenericEndpoint notify
2026-01-31 11:48:42,325 [ERROR] LogOutputStream:75 - [STDERR_REDIRECT] WARNING: Unsupported notification method: didChangeStatus
2026-01-31 11:48:42,325 [ERROR] LogOutputStream:75 - [STDERR_REDIRECT] 
2026-01-31 11:48:42,375 [ERROR] LogOutputStream:75 - [STDERR_REDIRECT] Jan 31, 2026 11:48:42 AM org.eclipse.lsp4j.jsonrpc.services.GenericEndpoint notify
2026-01-31 11:48:42,376 [ERROR] LogOutputStream:75 - [STDERR_REDIRECT] WARNING: Unsupported notification method: statusNotification
2026-01-31 11:48:42,377 [ERROR] LogOutputStream:75 - [STDERR_REDIRECT] 
2026-01-31 11:48:42,379 [ERROR] LogOutputStream:75 - [STDERR_REDIRECT] Jan 31, 2026 11:48:42 AM org.eclipse.lsp4j.jsonrpc.services.GenericEndpoint notify
2026-01-31 11:48:42,379 [ERROR] LogOutputStream:75 - [STDERR_REDIRECT] WARNING: Unsupported notification method: didChangeStatus
2026-01-31 11:48:42,380 [ERROR] LogOutputStream:75 - [STDERR_REDIRECT] 
2026-01-31 11:48:43,232 [ERROR] LogOutputStream:75 - [STDERR_REDIRECT] Jan 31, 2026 11:48:43 AM org.eclipse.lsp4j.jsonrpc.services.GenericEndpoint notify
2026-01-31 11:48:43,234 [ERROR] LogOutputStream:75 - [STDERR_REDIRECT] WARNING: Unsupported notification method: statusNotification
2026-01-31 11:48:43,234 [ERROR] LogOutputStream:75 - [STDERR_REDIRECT] 
2026-01-31 11:48:43,236 [ERROR] LogOutputStream:75 - [STDERR_REDIRECT] Jan 31, 2026 11:48:43 AM org.eclipse.lsp4j.jsonrpc.services.GenericEndpoint notify
2026-01-31 11:48:43,236 [ERROR] LogOutputStream:75 - [STDERR_REDIRECT] WARNING: Unsupported notification method: didChangeStatus
2026-01-31 11:48:43,237 [ERROR] LogOutputStream:75 - [STDERR_REDIRECT] 
2026-01-31 11:48:43,283 [ERROR] LogOutputStream:75 - [STDERR_REDIRECT] Jan 31, 2026 11:48:43 AM org.eclipse.lsp4j.jsonrpc.services.GenericEndpoint notify
2026-01-31 11:48:43,284 [ERROR] LogOutputStream:75 - [STDERR_REDIRECT] WARNING: Unsupported notification method: statusNotification
2026-01-31 11:48:43,284 [ERROR] LogOutputStream:75 - [STDERR_REDIRECT] 
2026-01-31 11:48:43,285 [ERROR] LogOutputStream:75 - [STDERR_REDIRECT] Jan 31, 2026 11:48:43 AM org.eclipse.lsp4j.jsonrpc.services.GenericEndpoint notify
2026-01-31 11:48:43,286 [ERROR] LogOutputStream:75 - [STDERR_REDIRECT] WARNING: Unsupported notification method: didChangeStatus
2026-01-31 11:48:43,286 [ERROR] LogOutputStream:75 - [STDERR_REDIRECT] 
2026-01-31 11:48:43,793 [ERROR] LogOutputStream:75 - [STDERR_REDIRECT] Jan 31, 2026 11:48:43 AM org.eclipse.lsp4j.jsonrpc.services.GenericEndpoint notify
2026-01-31 11:48:43,794 [ERROR] LogOutputStream:75 - [STDERR_REDIRECT] WARNING: Unsupported notification method: statusNotification
2026-01-31 11:48:43,795 [ERROR] LogOutputStream:75 - [STDERR_REDIRECT] 
2026-01-31 11:48:43,796 [ERROR] LogOutputStream:75 - [STDERR_REDIRECT] Jan 31, 2026 11:48:43 AM org.eclipse.lsp4j.jsonrpc.services.GenericEndpoint notify
2026-01-31 11:48:43,796 [ERROR] LogOutputStream:75 - [STDERR_REDIRECT] WARNING: Unsupported notification method: didChangeStatus
2026-01-31 11:48:43,797 [ERROR] LogOutputStream:75 - [STDERR_REDIRECT] 
2026-01-31 11:48:45,362 [ERROR] LogOutputStream:75 - [STDERR_REDIRECT] Jan 31, 2026 11:48:45 AM org.eclipse.lsp4j.jsonrpc.services.GenericEndpoint notify
2026-01-31 11:48:45,362 [ERROR] LogOutputStream:75 - [STDERR_REDIRECT] WARNING: Unsupported notification method: statusNotification
2026-01-31 11:48:45,363 [ERROR] LogOutputStream:75 - [STDERR_REDIRECT] 
2026-01-31 11:48:45,363 [ERROR] LogOutputStream:75 - [STDERR_REDIRECT] Jan 31, 2026 11:48:45 AM org.eclipse.lsp4j.jsonrpc.services.GenericEndpoint notify
2026-01-31 11:48:45,364 [ERROR] LogOutputStream:75 - [STDERR_REDIRECT] WARNING: Unsupported notification method: didChangeStatus
2026-01-31 11:48:45,364 [ERROR] LogOutputStream:75 - [STDERR_REDIRECT] 
2026-01-31 11:48:46,129 [ERROR] LogOutputStream:75 - [STDERR_REDIRECT] Jan 31, 2026 11:48:46 AM org.eclipse.lsp4j.jsonrpc.services.GenericEndpoint notify
2026-01-31 11:48:46,130 [ERROR] LogOutputStream:75 - [STDERR_REDIRECT] WARNING: Unsupported notification method: statusNotification
2026-01-31 11:48:46,130 [ERROR] LogOutputStream:75 - [STDERR_REDIRECT] 
2026-01-31 11:48:46,132 [ERROR] LogOutputStream:75 - [STDERR_REDIRECT] Jan 31, 2026 11:48:46 AM org.eclipse.lsp4j.jsonrpc.services.GenericEndpoint notify
2026-01-31 11:48:46,132 [ERROR] LogOutputStream:75 - [STDERR_REDIRECT] WARNING: Unsupported notification method: didChangeStatus
2026-01-31 11:48:46,133 [ERROR] LogOutputStream:75 - [STDERR_REDIRECT] 
2026-01-31 11:48:46,192 [ERROR] LogOutputStream:75 - [STDERR_REDIRECT] Jan 31, 2026 11:48:46 AM org.eclipse.lsp4j.jsonrpc.services.GenericEndpoint notify
2026-01-31 11:48:46,192 [ERROR] LogOutputStream:75 - [STDERR_REDIRECT] WARNING: Unsupported notification method: statusNotification
2026-01-31 11:48:46,193 [ERROR] LogOutputStream:75 - [STDERR_REDIRECT] 
2026-01-31 11:48:46,194 [ERROR] LogOutputStream:75 - [STDERR_REDIRECT] Jan 31, 2026 11:48:46 AM org.eclipse.lsp4j.jsonrpc.services.GenericEndpoint notify
2026-01-31 11:48:46,194 [ERROR] LogOutputStream:75 - [STDERR_REDIRECT] WARNING: Unsupported notification method: didChangeStatus
2026-01-31 11:48:46,195 [ERROR] LogOutputStream:75 - [STDERR_REDIRECT] 
2026-01-31 11:48:46,649 [ERROR] LogOutputStream:75 - [STDERR_REDIRECT] Jan 31, 2026 11:48:46 AM org.eclipse.lsp4j.jsonrpc.services.GenericEndpoint notify
2026-01-31 11:48:46,650 [ERROR] LogOutputStream:75 - [STDERR_REDIRECT] WARNING: Unsupported notification method: statusNotification
2026-01-31 11:48:46,650 [ERROR] LogOutputStream:75 - [STDERR_REDIRECT] 
2026-01-31 11:48:46,651 [ERROR] LogOutputStream:75 - [STDERR_REDIRECT] Jan 31, 2026 11:48:46 AM org.eclipse.lsp4j.jsonrpc.services.GenericEndpoint notify
2026-01-31 11:48:46,651 [ERROR] LogOutputStream:75 - [STDERR_REDIRECT] WARNING: Unsupported notification method: didChangeStatus
2026-01-31 11:48:46,651 [ERROR] LogOutputStream:75 - [STDERR_REDIRECT] 
2026-01-31 11:52:18,624 [ERROR] LogOutputStream:75 - [STDERR_REDIRECT] Jan 31, 2026 11:52:18 AM org.eclipse.lsp4j.jsonrpc.services.GenericEndpoint notify
2026-01-31 11:52:18,625 [ERROR] LogOutputStream:75 - [STDERR_REDIRECT] WARNING: Unsupported notification method: statusNotification
2026-01-31 11:52:18,625 [ERROR] LogOutputStream:75 - [STDERR_REDIRECT] 
2026-01-31 11:52:18,625 [ERROR] LogOutputStream:75 - [STDERR_REDIRECT] Jan 31, 2026 11:52:18 AM org.eclipse.lsp4j.jsonrpc.services.GenericEndpoint notify
2026-01-31 11:52:18,625 [ERROR] LogOutputStream:75 - [STDERR_REDIRECT] WARNING: Unsupported notification method: didChangeStatus
2026-01-31 11:52:18,625 [ERROR] LogOutputStream:75 - [STDERR_REDIRECT] 
2026-01-31 11:52:18,804 [ERROR] LogOutputStream:75 - [STDERR_REDIRECT] Jan 31, 2026 11:52:18 AM org.eclipse.lsp4j.jsonrpc.services.GenericEndpoint notify
2026-01-31 11:52:18,804 [ERROR] LogOutputStream:75 - [STDERR_REDIRECT] WARNING: Unsupported notification method: statusNotification
2026-01-31 11:52:18,804 [ERROR] LogOutputStream:75 - [STDERR_REDIRECT] 
2026-01-31 11:52:18,804 [ERROR] LogOutputStream:75 - [STDERR_REDIRECT] Jan 31, 2026 11:52:18 AM org.eclipse.lsp4j.jsonrpc.services.GenericEndpoint notify
2026-01-31 11:52:18,804 [ERROR] LogOutputStream:75 - [STDERR_REDIRECT] WARNING: Unsupported notification method: didChangeStatus
2026-01-31 11:52:18,805 [ERROR] LogOutputStream:75 - [STDERR_REDIRECT] 
2026-01-31 11:52:18,828 [ERROR] LogOutputStream:75 - [STDERR_REDIRECT] Jan 31, 2026 11:52:18 AM org.eclipse.lsp4j.jsonrpc.services.GenericEndpoint notify
2026-01-31 11:52:18,828 [ERROR] LogOutputStream:75 - [STDERR_REDIRECT] WARNING: Unsupported notification method: statusNotification
2026-01-31 11:52:18,828 [ERROR] LogOutputStream:75 - [STDERR_REDIRECT] 
2026-01-31 11:52:18,829 [ERROR] LogOutputStream:75 - [STDERR_REDIRECT] Jan 31, 2026 11:52:18 AM org.eclipse.lsp4j.jsonrpc.services.GenericEndpoint notify
2026-01-31 11:52:18,829 [ERROR] LogOutputStream:75 - [STDERR_REDIRECT] WARNING: Unsupported notification method: didChangeStatus
2026-01-31 11:52:18,829 [ERROR] LogOutputStream:75 - [STDERR_REDIRECT] 
2026-01-31 11:52:20,333 [ERROR] LogOutputStream:75 - [STDERR_REDIRECT] Jan 31, 2026 11:52:20 AM org.eclipse.lsp4j.jsonrpc.services.GenericEndpoint notify
2026-01-31 11:52:20,333 [ERROR] LogOutputStream:75 - [STDERR_REDIRECT] WARNING: Unsupported notification method: statusNotification
2026-01-31 11:52:20,333 [ERROR] LogOutputStream:75 - [STDERR_REDIRECT] 
2026-01-31 11:52:20,333 [ERROR] LogOutputStream:75 - [STDERR_REDIRECT] Jan 31, 2026 11:52:20 AM org.eclipse.lsp4j.jsonrpc.services.GenericEndpoint notify
2026-01-31 11:52:20,333 [ERROR] LogOutputStream:75 - [STDERR_REDIRECT] WARNING: Unsupported notification method: didChangeStatus
2026-01-31 11:52:20,333 [ERROR] LogOutputStream:75 - [STDERR_REDIRECT] 
2026-01-31 11:54:12,774 [ERROR] LogOutputStream:75 - [STDERR_REDIRECT] Jan 31, 2026 11:54:12 AM org.eclipse.lsp4j.jsonrpc.services.GenericEndpoint notify
2026-01-31 11:54:12,774 [ERROR] LogOutputStream:75 - [STDERR_REDIRECT] WARNING: Unsupported notification method: statusNotification
2026-01-31 11:54:12,774 [ERROR] LogOutputStream:75 - [STDERR_REDIRECT] 
2026-01-31 11:54:12,775 [ERROR] LogOutputStream:75 - [STDERR_REDIRECT] Jan 31, 2026 11:54:12 AM org.eclipse.lsp4j.jsonrpc.services.GenericEndpoint notify
2026-01-31 11:54:12,775 [ERROR] LogOutputStream:75 - [STDERR_REDIRECT] WARNING: Unsupported notification method: didChangeStatus
2026-01-31 11:54:12,775 [ERROR] LogOutputStream:75 - [STDERR_REDIRECT] 
2026-01-31 11:54:13,692 [ERROR] LogOutputStream:75 - [STDERR_REDIRECT] Jan 31, 2026 11:54:13 AM org.eclipse.lsp4j.jsonrpc.services.GenericEndpoint notify
2026-01-31 11:54:13,693 [ERROR] LogOutputStream:75 - [STDERR_REDIRECT] WARNING: Unsupported notification method: statusNotification
2026-01-31 11:54:13,693 [ERROR] LogOutputStream:75 - [STDERR_REDIRECT] 
2026-01-31 11:54:13,693 [ERROR] LogOutputStream:75 - [STDERR_REDIRECT] Jan 31, 2026 11:54:13 AM org.eclipse.lsp4j.jsonrpc.services.GenericEndpoint notify
2026-01-31 11:54:13,694 [ERROR] LogOutputStream:75 - [STDERR_REDIRECT] WARNING: Unsupported notification method: didChangeStatus
2026-01-31 11:54:13,694 [ERROR] LogOutputStream:75 - [STDERR_REDIRECT] 
2026-01-31 11:54:13,723 [ERROR] LogOutputStream:75 - [STDERR_REDIRECT] Jan 31, 2026 11:54:13 AM org.eclipse.lsp4j.jsonrpc.services.GenericEndpoint notify
2026-01-31 11:54:13,724 [ERROR] LogOutputStream:75 - [STDERR_REDIRECT] WARNING: Unsupported notification method: statusNotification
2026-01-31 11:54:13,724 [ERROR] LogOutputStream:75 - [STDERR_REDIRECT] 
2026-01-31 11:54:13,724 [ERROR] LogOutputStream:75 - [STDERR_REDIRECT] Jan 31, 2026 11:54:13 AM org.eclipse.lsp4j.jsonrpc.services.GenericEndpoint notify
2026-01-31 11:54:13,724 [ERROR] LogOutputStream:75 - [STDERR_REDIRECT] WARNING: Unsupported notification method: didChangeStatus
2026-01-31 11:54:13,724 [ERROR] LogOutputStream:75 - [STDERR_REDIRECT] 
2026-01-31 11:54:14,202 [ERROR] LogOutputStream:75 - [STDERR_REDIRECT] Jan 31, 2026 11:54:14 AM org.eclipse.lsp4j.jsonrpc.services.GenericEndpoint notify
2026-01-31 11:54:14,203 [ERROR] LogOutputStream:75 - [STDERR_REDIRECT] WARNING: Unsupported notification method: statusNotification
2026-01-31 11:54:14,204 [ERROR] LogOutputStream:75 - [STDERR_REDIRECT] 
2026-01-31 11:54:14,205 [ERROR] LogOutputStream:75 - [STDERR_REDIRECT] Jan 31, 2026 11:54:14 AM org.eclipse.lsp4j.jsonrpc.services.GenericEndpoint notify
2026-01-31 11:54:14,205 [ERROR] LogOutputStream:75 - [STDERR_REDIRECT] WARNING: Unsupported notification method: didChangeStatus
2026-01-31 11:54:14,205 [ERROR] LogOutputStream:75 - [STDERR_REDIRECT] 
2026-01-31 11:54:45,106 [ERROR] LogOutputStream:75 - [STDERR_REDIRECT] Jan 31, 2026 11:54:45 AM org.eclipse.lsp4j.jsonrpc.services.GenericEndpoint notify
2026-01-31 11:54:45,106 [ERROR] LogOutputStream:75 - [STDERR_REDIRECT] WARNING: Unsupported notification method: statusNotification
2026-01-31 11:54:45,106 [ERROR] LogOutputStream:75 - [STDERR_REDIRECT] 
2026-01-31 11:54:45,107 [ERROR] LogOutputStream:75 - [STDERR_REDIRECT] Jan 31, 2026 11:54:45 AM org.eclipse.lsp4j.jsonrpc.services.GenericEndpoint notify
2026-01-31 11:54:45,108 [ERROR] LogOutputStream:75 - [STDERR_REDIRECT] WARNING: Unsupported notification method: didChangeStatus
2026-01-31 11:54:45,108 [ERROR] LogOutputStream:75 - [STDERR_REDIRECT] 
2026-01-31 11:54:45,780 [ERROR] LogOutputStream:75 - [STDERR_REDIRECT] Jan 31, 2026 11:54:45 AM org.eclipse.lsp4j.jsonrpc.services.GenericEndpoint notify
2026-01-31 11:54:45,780 [ERROR] LogOutputStream:75 - [STDERR_REDIRECT] WARNING: Unsupported notification method: statusNotification
2026-01-31 11:54:45,780 [ERROR] LogOutputStream:75 - [STDERR_REDIRECT] 
2026-01-31 11:54:45,781 [ERROR] LogOutputStream:75 - [STDERR_REDIRECT] Jan 31, 2026 11:54:45 AM org.eclipse.lsp4j.jsonrpc.services.GenericEndpoint notify
2026-01-31 11:54:45,781 [ERROR] LogOutputStream:75 - [STDERR_REDIRECT] WARNING: Unsupported notification method: didChangeStatus
2026-01-31 11:54:45,781 [ERROR] LogOutputStream:75 - [STDERR_REDIRECT] 
2026-01-31 11:54:45,820 [ERROR] LogOutputStream:75 - [STDERR_REDIRECT] Jan 31, 2026 11:54:45 AM org.eclipse.lsp4j.jsonrpc.services.GenericEndpoint notify
2026-01-31 11:54:45,821 [ERROR] LogOutputStream:75 - [STDERR_REDIRECT] WARNING: Unsupported notification method: statusNotification
2026-01-31 11:54:45,821 [ERROR] LogOutputStream:75 - [STDERR_REDIRECT] 
2026-01-31 11:54:45,823 [ERROR] LogOutputStream:75 - [STDERR_REDIRECT] Jan 31, 2026 11:54:45 AM org.eclipse.lsp4j.jsonrpc.services.GenericEndpoint notify
2026-01-31 11:54:45,824 [ERROR] LogOutputStream:75 - [STDERR_REDIRECT] WARNING: Unsupported notification method: didChangeStatus
2026-01-31 11:54:45,824 [ERROR] LogOutputStream:75 - [STDERR_REDIRECT] 
2026-01-31 11:54:46,242 [ERROR] LogOutputStream:75 - [STDERR_REDIRECT] Jan 31, 2026 11:54:46 AM org.eclipse.lsp4j.jsonrpc.services.GenericEndpoint notify
2026-01-31 11:54:46,242 [ERROR] LogOutputStream:75 - [STDERR_REDIRECT] WARNING: Unsupported notification method: statusNotification
2026-01-31 11:54:46,243 [ERROR] LogOutputStream:75 - [STDERR_REDIRECT] 
2026-01-31 11:54:46,243 [ERROR] LogOutputStream:75 - [STDERR_REDIRECT] Jan 31, 2026 11:54:46 AM org.eclipse.lsp4j.jsonrpc.services.GenericEndpoint notify
2026-01-31 11:54:46,244 [ERROR] LogOutputStream:75 - [STDERR_REDIRECT] WARNING: Unsupported notification method: didChangeStatus
2026-01-31 11:54:46,244 [ERROR] LogOutputStream:75 - [STDERR_REDIRECT] 
2026-01-31 11:54:47,659 [ERROR] LogOutputStream:75 - [STDERR_REDIRECT] Jan 31, 2026 11:54:47 AM org.eclipse.lsp4j.jsonrpc.services.GenericEndpoint notify
2026-01-31 11:54:47,659 [ERROR] LogOutputStream:75 - [STDERR_REDIRECT] WARNING: Unsupported notification method: statusNotification
2026-01-31 11:54:47,660 [ERROR] LogOutputStream:75 - [STDERR_REDIRECT] 
2026-01-31 11:54:47,661 [ERROR] LogOutputStream:75 - [STDERR_REDIRECT] Jan 31, 2026 11:54:47 AM org.eclipse.lsp4j.jsonrpc.services.GenericEndpoint notify
2026-01-31 11:54:47,662 [ERROR] LogOutputStream:75 - [STDERR_REDIRECT] WARNING: Unsupported notification method: didChangeStatus
2026-01-31 11:54:47,662 [ERROR] LogOutputStream:75 - [STDERR_REDIRECT] 
2026-01-31 11:54:48,446 [ERROR] LogOutputStream:75 - [STDERR_REDIRECT] Jan 31, 2026 11:54:48 AM org.eclipse.lsp4j.jsonrpc.services.GenericEndpoint notify
2026-01-31 11:54:48,446 [ERROR] LogOutputStream:75 - [STDERR_REDIRECT] WARNING: Unsupported notification method: statusNotification
2026-01-31 11:54:48,446 [ERROR] LogOutputStream:75 - [STDERR_REDIRECT] 
2026-01-31 11:54:48,447 [ERROR] LogOutputStream:75 - [STDERR_REDIRECT] Jan 31, 2026 11:54:48 AM org.eclipse.lsp4j.jsonrpc.services.GenericEndpoint notify
2026-01-31 11:54:48,447 [ERROR] LogOutputStream:75 - [STDERR_REDIRECT] WARNING: Unsupported notification method: didChangeStatus
2026-01-31 11:54:48,447 [ERROR] LogOutputStream:75 - [STDERR_REDIRECT] 
2026-01-31 11:54:49,186 [ERROR] LogOutputStream:75 - [STDERR_REDIRECT] Jan 31, 2026 11:54:49 AM org.eclipse.lsp4j.jsonrpc.services.GenericEndpoint notify
2026-01-31 11:54:49,186 [ERROR] LogOutputStream:75 - [STDERR_REDIRECT] WARNING: Unsupported notification method: statusNotification
2026-01-31 11:54:49,186 [ERROR] LogOutputStream:75 - [STDERR_REDIRECT] 
2026-01-31 11:54:49,187 [ERROR] LogOutputStream:75 - [STDERR_REDIRECT] Jan 31, 2026 11:54:49 AM org.eclipse.lsp4j.jsonrpc.services.GenericEndpoint notify
2026-01-31 11:54:49,187 [ERROR] LogOutputStream:75 - [STDERR_REDIRECT] WARNING: Unsupported notification method: didChangeStatus
2026-01-31 11:54:49,188 [ERROR] LogOutputStream:75 - [STDERR_REDIRECT] 
2026-01-31 11:54:49,857 [ERROR] LogOutputStream:75 - [STDERR_REDIRECT] Jan 31, 2026 11:54:49 AM org.eclipse.lsp4j.jsonrpc.services.GenericEndpoint notify
2026-01-31 11:54:49,857 [ERROR] LogOutputStream:75 - [STDERR_REDIRECT] WARNING: Unsupported notification method: statusNotification
2026-01-31 11:54:49,858 [ERROR] LogOutputStream:75 - [STDERR_REDIRECT] 
2026-01-31 11:54:49,858 [ERROR] LogOutputStream:75 - [STDERR_REDIRECT] Jan 31, 2026 11:54:49 AM org.eclipse.lsp4j.jsonrpc.services.GenericEndpoint notify
2026-01-31 11:54:49,859 [ERROR] LogOutputStream:75 - [STDERR_REDIRECT] WARNING: Unsupported notification method: didChangeStatus
2026-01-31 11:54:49,859 [ERROR] LogOutputStream:75 - [STDERR_REDIRECT] 
2026-01-31 11:54:49,908 [ERROR] LogOutputStream:75 - [STDERR_REDIRECT] Jan 31, 2026 11:54:49 AM org.eclipse.lsp4j.jsonrpc.services.GenericEndpoint notify
2026-01-31 11:54:49,908 [ERROR] LogOutputStream:75 - [STDERR_REDIRECT] WARNING: Unsupported notification method: statusNotification
2026-01-31 11:54:49,909 [ERROR] LogOutputStream:75 - [STDERR_REDIRECT] 
2026-01-31 11:54:49,910 [ERROR] LogOutputStream:75 - [STDERR_REDIRECT] Jan 31, 2026 11:54:49 AM org.eclipse.lsp4j.jsonrpc.services.GenericEndpoint notify
2026-01-31 11:54:49,910 [ERROR] LogOutputStream:75 - [STDERR_REDIRECT] WARNING: Unsupported notification method: didChangeStatus
2026-01-31 11:54:49,910 [ERROR] LogOutputStream:75 - [STDERR_REDIRECT] 
2026-01-31 11:54:50,575 [ERROR] LogOutputStream:75 - [STDERR_REDIRECT] Jan 31, 2026 11:54:50 AM org.eclipse.lsp4j.jsonrpc.services.GenericEndpoint notify
2026-01-31 11:54:50,576 [ERROR] LogOutputStream:75 - [STDERR_REDIRECT] WARNING: Unsupported notification method: statusNotification
2026-01-31 11:54:50,576 [ERROR] LogOutputStream:75 - [STDERR_REDIRECT] 
2026-01-31 11:54:50,577 [ERROR] LogOutputStream:75 - [STDERR_REDIRECT] Jan 31, 2026 11:54:50 AM org.eclipse.lsp4j.jsonrpc.services.GenericEndpoint notify
2026-01-31 11:54:50,578 [ERROR] LogOutputStream:75 - [STDERR_REDIRECT] WARNING: Unsupported notification method: didChangeStatus
2026-01-31 11:54:50,578 [ERROR] LogOutputStream:75 - [STDERR_REDIRECT] 
2026-01-31 11:54:54,575 [ERROR] LogOutputStream:75 - [STDERR_REDIRECT] Jan 31, 2026 11:54:54 AM org.eclipse.lsp4j.jsonrpc.services.GenericEndpoint notify
2026-01-31 11:54:54,575 [ERROR] LogOutputStream:75 - [STDERR_REDIRECT] WARNING: Unsupported notification method: statusNotification
2026-01-31 11:54:54,575 [ERROR] LogOutputStream:75 - [STDERR_REDIRECT] 
2026-01-31 11:54:54,576 [ERROR] LogOutputStream:75 - [STDERR_REDIRECT] Jan 31, 2026 11:54:54 AM org.eclipse.lsp4j.jsonrpc.services.GenericEndpoint notify
2026-01-31 11:54:54,576 [ERROR] LogOutputStream:75 - [STDERR_REDIRECT] WARNING: Unsupported notification method: didChangeStatus
2026-01-31 11:54:54,576 [ERROR] LogOutputStream:75 - [STDERR_REDIRECT] 
2026-01-31 11:54:55,459 [ERROR] LogOutputStream:75 - [STDERR_REDIRECT] Jan 31, 2026 11:54:55 AM org.eclipse.lsp4j.jsonrpc.services.GenericEndpoint notify
2026-01-31 11:54:55,459 [ERROR] LogOutputStream:75 - [STDERR_REDIRECT] WARNING: Unsupported notification method: statusNotification
2026-01-31 11:54:55,459 [ERROR] LogOutputStream:75 - [STDERR_REDIRECT] 
2026-01-31 11:54:55,460 [ERROR] LogOutputStream:75 - [STDERR_REDIRECT] Jan 31, 2026 11:54:55 AM org.eclipse.lsp4j.jsonrpc.services.GenericEndpoint notify
2026-01-31 11:54:55,460 [ERROR] LogOutputStream:75 - [STDERR_REDIRECT] WARNING: Unsupported notification method: didChangeStatus
2026-01-31 11:54:55,460 [ERROR] LogOutputStream:75 - [STDERR_REDIRECT] 
2026-01-31 11:54:56,086 [ERROR] LogOutputStream:75 - [STDERR_REDIRECT] Jan 31, 2026 11:54:56 AM org.eclipse.lsp4j.jsonrpc.services.GenericEndpoint notify
2026-01-31 11:54:56,086 [ERROR] LogOutputStream:75 - [STDERR_REDIRECT] WARNING: Unsupported notification method: statusNotification
2026-01-31 11:54:56,086 [ERROR] LogOutputStream:75 - [STDERR_REDIRECT] 
2026-01-31 11:54:56,087 [ERROR] LogOutputStream:75 - [STDERR_REDIRECT] Jan 31, 2026 11:54:56 AM org.eclipse.lsp4j.jsonrpc.services.GenericEndpoint notify
2026-01-31 11:54:56,087 [ERROR] LogOutputStream:75 - [STDERR_REDIRECT] WARNING: Unsupported notification method: didChangeStatus
2026-01-31 11:54:56,087 [ERROR] LogOutputStream:75 - [STDERR_REDIRECT] 
2026-01-31 11:54:56,696 [ERROR] LogOutputStream:75 - [STDERR_REDIRECT] Jan 31, 2026 11:54:56 AM org.eclipse.lsp4j.jsonrpc.services.GenericEndpoint notify
2026-01-31 11:54:56,697 [ERROR] LogOutputStream:75 - [STDERR_REDIRECT] WARNING: Unsupported notification method: statusNotification
2026-01-31 11:54:56,697 [ERROR] LogOutputStream:75 - [STDERR_REDIRECT] 
2026-01-31 11:54:56,697 [ERROR] LogOutputStream:75 - [STDERR_REDIRECT] Jan 31, 2026 11:54:56 AM org.eclipse.lsp4j.jsonrpc.services.GenericEndpoint notify
2026-01-31 11:54:56,697 [ERROR] LogOutputStream:75 - [STDERR_REDIRECT] WARNING: Unsupported notification method: didChangeStatus
2026-01-31 11:54:56,697 [ERROR] LogOutputStream:75 - [STDERR_REDIRECT] 
2026-01-31 11:55:03,432 [ERROR] LogOutputStream:75 - [STDERR_REDIRECT] Jan 31, 2026 11:55:03 AM org.eclipse.lsp4j.jsonrpc.services.GenericEndpoint notify
2026-01-31 11:55:03,433 [ERROR] LogOutputStream:75 - [STDERR_REDIRECT] WARNING: Unsupported notification method: statusNotification
2026-01-31 11:55:03,433 [ERROR] LogOutputStream:75 - [STDERR_REDIRECT] 
2026-01-31 11:55:03,433 [ERROR] LogOutputStream:75 - [STDERR_REDIRECT] Jan 31, 2026 11:55:03 AM org.eclipse.lsp4j.jsonrpc.services.GenericEndpoint notify
2026-01-31 11:55:03,434 [ERROR] LogOutputStream:75 - [STDERR_REDIRECT] WARNING: Unsupported notification method: didChangeStatus
2026-01-31 11:55:03,434 [ERROR] LogOutputStream:75 - [STDERR_REDIRECT] 
2026-01-31 11:55:04,074 [ERROR] LogOutputStream:75 - [STDERR_REDIRECT] Jan 31, 2026 11:55:04 AM org.eclipse.lsp4j.jsonrpc.services.GenericEndpoint notify
2026-01-31 11:55:04,075 [ERROR] LogOutputStream:75 - [STDERR_REDIRECT] WARNING: Unsupported notification method: statusNotification
2026-01-31 11:55:04,075 [ERROR] LogOutputStream:75 - [STDERR_REDIRECT] 
2026-01-31 11:55:04,075 [ERROR] LogOutputStream:75 - [STDERR_REDIRECT] Jan 31, 2026 11:55:04 AM org.eclipse.lsp4j.jsonrpc.services.GenericEndpoint notify
2026-01-31 11:55:04,076 [ERROR] LogOutputStream:75 - [STDERR_REDIRECT] WARNING: Unsupported notification method: didChangeStatus
2026-01-31 11:55:04,076 [ERROR] LogOutputStream:75 - [STDERR_REDIRECT] 
2026-01-31 11:55:04,118 [ERROR] LogOutputStream:75 - [STDERR_REDIRECT] Jan 31, 2026 11:55:04 AM org.eclipse.lsp4j.jsonrpc.services.GenericEndpoint notify
2026-01-31 11:55:04,118 [ERROR] LogOutputStream:75 - [STDERR_REDIRECT] WARNING: Unsupported notification method: statusNotification
2026-01-31 11:55:04,119 [ERROR] LogOutputStream:75 - [STDERR_REDIRECT] 
2026-01-31 11:55:04,120 [ERROR] LogOutputStream:75 - [STDERR_REDIRECT] Jan 31, 2026 11:55:04 AM org.eclipse.lsp4j.jsonrpc.services.GenericEndpoint notify
2026-01-31 11:55:04,121 [ERROR] LogOutputStream:75 - [STDERR_REDIRECT] WARNING: Unsupported notification method: didChangeStatus
2026-01-31 11:55:04,121 [ERROR] LogOutputStream:75 - [STDERR_REDIRECT] 
2026-01-31 11:55:04,600 [ERROR] LogOutputStream:75 - [STDERR_REDIRECT] Jan 31, 2026 11:55:04 AM org.eclipse.lsp4j.jsonrpc.services.GenericEndpoint notify
2026-01-31 11:55:04,600 [ERROR] LogOutputStream:75 - [STDERR_REDIRECT] WARNING: Unsupported notification method: statusNotification
2026-01-31 11:55:04,600 [ERROR] LogOutputStream:75 - [STDERR_REDIRECT] 
2026-01-31 11:55:04,601 [ERROR] LogOutputStream:75 - [STDERR_REDIRECT] Jan 31, 2026 11:55:04 AM org.eclipse.lsp4j.jsonrpc.services.GenericEndpoint notify
2026-01-31 11:55:04,601 [ERROR] LogOutputStream:75 - [STDERR_REDIRECT] WARNING: Unsupported notification method: didChangeStatus
2026-01-31 11:55:04,601 [ERROR] LogOutputStream:75 - [STDERR_REDIRECT] 
2026-01-31 11:55:04,623 [ERROR] LogOutputStream:75 - [STDERR_REDIRECT] Jan 31, 2026 11:55:04 AM org.eclipse.lsp4j.jsonrpc.services.GenericEndpoint notify
2026-01-31 11:55:04,624 [ERROR] LogOutputStream:75 - [STDERR_REDIRECT] WARNING: Unsupported notification method: statusNotification
2026-01-31 11:55:04,624 [ERROR] LogOutputStream:75 - [STDERR_REDIRECT] 
2026-01-31 11:55:04,624 [ERROR] LogOutputStream:75 - [STDERR_REDIRECT] Jan 31, 2026 11:55:04 AM org.eclipse.lsp4j.jsonrpc.services.GenericEndpoint notify
2026-01-31 11:55:04,624 [ERROR] LogOutputStream:75 - [STDERR_REDIRECT] WARNING: Unsupported notification method: didChangeStatus
2026-01-31 11:55:04,625 [ERROR] LogOutputStream:75 - [STDERR_REDIRECT] 
2026-01-31 11:55:04,805 [ERROR] LogOutputStream:75 - [STDERR_REDIRECT] Jan 31, 2026 11:55:04 AM org.eclipse.lsp4j.jsonrpc.services.GenericEndpoint notify
2026-01-31 11:55:04,806 [ERROR] LogOutputStream:75 - [STDERR_REDIRECT] WARNING: Unsupported notification method: statusNotification
2026-01-31 11:55:04,806 [ERROR] LogOutputStream:75 - [STDERR_REDIRECT] 
2026-01-31 11:55:04,806 [ERROR] LogOutputStream:75 - [STDERR_REDIRECT] Jan 31, 2026 11:55:04 AM org.eclipse.lsp4j.jsonrpc.services.GenericEndpoint notify
2026-01-31 11:55:04,806 [ERROR] LogOutputStream:75 - [STDERR_REDIRECT] WARNING: Unsupported notification method: didChangeStatus
2026-01-31 11:55:04,806 [ERROR] LogOutputStream:75 - [STDERR_REDIRECT] 
2026-01-31 11:55:04,857 [ERROR] LogOutputStream:75 - [STDERR_REDIRECT] Jan 31, 2026 11:55:04 AM org.eclipse.lsp4j.jsonrpc.services.GenericEndpoint notify
2026-01-31 11:55:04,858 [ERROR] LogOutputStream:75 - [STDERR_REDIRECT] WARNING: Unsupported notification method: statusNotification
2026-01-31 11:55:04,858 [ERROR] LogOutputStream:75 - [STDERR_REDIRECT] 
2026-01-31 11:55:04,858 [ERROR] LogOutputStream:75 - [STDERR_REDIRECT] Jan 31, 2026 11:55:04 AM org.eclipse.lsp4j.jsonrpc.services.GenericEndpoint notify
2026-01-31 11:55:04,858 [ERROR] LogOutputStream:75 - [STDERR_REDIRECT] WARNING: Unsupported notification method: didChangeStatus
2026-01-31 11:55:04,858 [ERROR] LogOutputStream:75 - [STDERR_REDIRECT] 
2026-01-31 11:55:05,277 [ERROR] LogOutputStream:75 - [STDERR_REDIRECT] Jan 31, 2026 11:55:05 AM org.eclipse.lsp4j.jsonrpc.services.GenericEndpoint notify
2026-01-31 11:55:05,277 [ERROR] LogOutputStream:75 - [STDERR_REDIRECT] WARNING: Unsupported notification method: statusNotification
2026-01-31 11:55:05,277 [ERROR] LogOutputStream:75 - [STDERR_REDIRECT] 
2026-01-31 11:55:05,277 [ERROR] LogOutputStream:75 - [STDERR_REDIRECT] Jan 31, 2026 11:55:05 AM org.eclipse.lsp4j.jsonrpc.services.GenericEndpoint notify
2026-01-31 11:55:05,277 [ERROR] LogOutputStream:75 - [STDERR_REDIRECT] WARNING: Unsupported notification method: didChangeStatus
2026-01-31 11:55:05,277 [ERROR] LogOutputStream:75 - [STDERR_REDIRECT] 
2026-01-31 12:03:05,782 [ERROR] LogOutputStream:75 - [STDERR_REDIRECT] Jan 31, 2026 12:03:05 PM org.eclipse.lsp4j.jsonrpc.services.GenericEndpoint notify
2026-01-31 12:03:05,783 [ERROR] LogOutputStream:75 - [STDERR_REDIRECT] WARNING: Unsupported notification method: statusNotification
2026-01-31 12:03:05,783 [ERROR] LogOutputStream:75 - [STDERR_REDIRECT] 
2026-01-31 12:03:05,784 [ERROR] LogOutputStream:75 - [STDERR_REDIRECT] Jan 31, 2026 12:03:05 PM org.eclipse.lsp4j.jsonrpc.services.GenericEndpoint notify
2026-01-31 12:03:05,785 [ERROR] LogOutputStream:75 - [STDERR_REDIRECT] WARNING: Unsupported notification method: didChangeStatus
2026-01-31 12:03:05,786 [ERROR] LogOutputStream:75 - [STDERR_REDIRECT] 
2026-01-31 12:03:07,321 [ERROR] LogOutputStream:75 - [STDERR_REDIRECT] Jan 31, 2026 12:03:07 PM org.eclipse.lsp4j.jsonrpc.services.GenericEndpoint notify
2026-01-31 12:03:07,322 [ERROR] LogOutputStream:75 - [STDERR_REDIRECT] WARNING: Unsupported notification method: statusNotification
2026-01-31 12:03:07,322 [ERROR] LogOutputStream:75 - [STDERR_REDIRECT] 
2026-01-31 12:03:07,323 [ERROR] LogOutputStream:75 - [STDERR_REDIRECT] Jan 31, 2026 12:03:07 PM org.eclipse.lsp4j.jsonrpc.services.GenericEndpoint notify
2026-01-31 12:03:07,323 [ERROR] LogOutputStream:75 - [STDERR_REDIRECT] WARNING: Unsupported notification method: didChangeStatus
2026-01-31 12:03:07,323 [ERROR] LogOutputStream:75 - [STDERR_REDIRECT] 
2026-01-31 12:03:07,366 [ERROR] LogOutputStream:75 - [STDERR_REDIRECT] Jan 31, 2026 12:03:07 PM org.eclipse.lsp4j.jsonrpc.services.GenericEndpoint notify
2026-01-31 12:03:07,367 [ERROR] LogOutputStream:75 - [STDERR_REDIRECT] WARNING: Unsupported notification method: statusNotification
2026-01-31 12:03:07,367 [ERROR] LogOutputStream:75 - [STDERR_REDIRECT] 
2026-01-31 12:03:07,368 [ERROR] LogOutputStream:75 - [STDERR_REDIRECT] Jan 31, 2026 12:03:07 PM org.eclipse.lsp4j.jsonrpc.services.GenericEndpoint notify
2026-01-31 12:03:07,368 [ERROR] LogOutputStream:75 - [STDERR_REDIRECT] WARNING: Unsupported notification method: didChangeStatus
2026-01-31 12:03:07,369 [ERROR] LogOutputStream:75 - [STDERR_REDIRECT] 
2026-01-31 12:03:08,099 [ERROR] LogOutputStream:75 - [STDERR_REDIRECT] Jan 31, 2026 12:03:08 PM org.eclipse.lsp4j.jsonrpc.services.GenericEndpoint notify
2026-01-31 12:03:08,099 [ERROR] LogOutputStream:75 - [STDERR_REDIRECT] WARNING: Unsupported notification method: statusNotification
2026-01-31 12:03:08,099 [ERROR] LogOutputStream:75 - [STDERR_REDIRECT] 
2026-01-31 12:03:08,100 [ERROR] LogOutputStream:75 - [STDERR_REDIRECT] Jan 31, 2026 12:03:08 PM org.eclipse.lsp4j.jsonrpc.services.GenericEndpoint notify
2026-01-31 12:03:08,100 [ERROR] LogOutputStream:75 - [STDERR_REDIRECT] WARNING: Unsupported notification method: didChangeStatus
2026-01-31 12:03:08,100 [ERROR] LogOutputStream:75 - [STDERR_REDIRECT] 
2026-01-31 12:03:08,128 [ERROR] LogOutputStream:75 - [STDERR_REDIRECT] Jan 31, 2026 12:03:08 PM org.eclipse.lsp4j.jsonrpc.services.GenericEndpoint notify
2026-01-31 12:03:08,128 [ERROR] LogOutputStream:75 - [STDERR_REDIRECT] WARNING: Unsupported notification method: statusNotification
2026-01-31 12:03:08,128 [ERROR] LogOutputStream:75 - [STDERR_REDIRECT] 
2026-01-31 12:03:08,129 [ERROR] LogOutputStream:75 - [STDERR_REDIRECT] Jan 31, 2026 12:03:08 PM org.eclipse.lsp4j.jsonrpc.services.GenericEndpoint notify
2026-01-31 12:03:08,129 [ERROR] LogOutputStream:75 - [STDERR_REDIRECT] WARNING: Unsupported notification method: didChangeStatus
2026-01-31 12:03:08,129 [ERROR] LogOutputStream:75 - [STDERR_REDIRECT] 
2026-01-31 12:03:08,130 [ERROR] LogOutputStream:75 - [STDERR_REDIRECT] Jan 31, 2026 12:03:08 PM org.eclipse.lsp4j.jsonrpc.services.GenericEndpoint notify
2026-01-31 12:03:08,130 [ERROR] LogOutputStream:75 - [STDERR_REDIRECT] WARNING: Unsupported notification method: statusNotification
2026-01-31 12:03:08,130 [ERROR] LogOutputStream:75 - [STDERR_REDIRECT] 
2026-01-31 12:03:08,131 [ERROR] LogOutputStream:75 - [STDERR_REDIRECT] Jan 31, 2026 12:03:08 PM org.eclipse.lsp4j.jsonrpc.services.GenericEndpoint notify
2026-01-31 12:03:08,131 [ERROR] LogOutputStream:75 - [STDERR_REDIRECT] WARNING: Unsupported notification method: didChangeStatus
2026-01-31 12:03:08,131 [ERROR] LogOutputStream:75 - [STDERR_REDIRECT] 
2026-01-31 12:03:08,166 [ERROR] LogOutputStream:75 - [STDERR_REDIRECT] Jan 31, 2026 12:03:08 PM org.eclipse.lsp4j.jsonrpc.services.GenericEndpoint notify
2026-01-31 12:03:08,166 [ERROR] LogOutputStream:75 - [STDERR_REDIRECT] WARNING: Unsupported notification method: statusNotification
2026-01-31 12:03:08,166 [ERROR] LogOutputStream:75 - [STDERR_REDIRECT] 
2026-01-31 12:03:08,167 [ERROR] LogOutputStream:75 - [STDERR_REDIRECT] Jan 31, 2026 12:03:08 PM org.eclipse.lsp4j.jsonrpc.services.GenericEndpoint notify
2026-01-31 12:03:08,167 [ERROR] LogOutputStream:75 - [STDERR_REDIRECT] WARNING: Unsupported notification method: didChangeStatus
2026-01-31 12:03:08,167 [ERROR] LogOutputStream:75 - [STDERR_REDIRECT] 
2026-01-31 12:03:08,606 [ERROR] LogOutputStream:75 - [STDERR_REDIRECT] Jan 31, 2026 12:03:08 PM org.eclipse.lsp4j.jsonrpc.services.GenericEndpoint notify
2026-01-31 12:03:08,607 [ERROR] LogOutputStream:75 - [STDERR_REDIRECT] WARNING: Unsupported notification method: statusNotification
2026-01-31 12:03:08,607 [ERROR] LogOutputStream:75 - [STDERR_REDIRECT] 
2026-01-31 12:03:08,608 [ERROR] LogOutputStream:75 - [STDERR_REDIRECT] Jan 31, 2026 12:03:08 PM org.eclipse.lsp4j.jsonrpc.services.GenericEndpoint notify
2026-01-31 12:03:08,609 [ERROR] LogOutputStream:75 - [STDERR_REDIRECT] WARNING: Unsupported notification method: didChangeStatus
2026-01-31 12:03:08,609 [ERROR] LogOutputStream:75 - [STDERR_REDIRECT] 
2026-01-31 12:03:08,790 [ERROR] LogOutputStream:75 - [STDERR_REDIRECT] Jan 31, 2026 12:03:08 PM org.eclipse.lsp4j.jsonrpc.services.GenericEndpoint notify
2026-01-31 12:03:08,791 [ERROR] LogOutputStream:75 - [STDERR_REDIRECT] WARNING: Unsupported notification method: statusNotification
2026-01-31 12:03:08,791 [ERROR] LogOutputStream:75 - [STDERR_REDIRECT] 
2026-01-31 12:03:08,792 [ERROR] LogOutputStream:75 - [STDERR_REDIRECT] Jan 31, 2026 12:03:08 PM org.eclipse.lsp4j.jsonrpc.services.GenericEndpoint notify
2026-01-31 12:03:08,792 [ERROR] LogOutputStream:75 - [STDERR_REDIRECT] WARNING: Unsupported notification method: didChangeStatus
2026-01-31 12:03:08,792 [ERROR] LogOutputStream:75 - [STDERR_REDIRECT] 
2026-01-31 12:03:09,406 [ERROR] LogOutputStream:75 - [STDERR_REDIRECT] Jan 31, 2026 12:03:09 PM org.eclipse.lsp4j.jsonrpc.services.GenericEndpoint notify
2026-01-31 12:03:09,406 [ERROR] LogOutputStream:75 - [STDERR_REDIRECT] WARNING: Unsupported notification method: statusNotification
2026-01-31 12:03:09,407 [ERROR] LogOutputStream:75 - [STDERR_REDIRECT] 
2026-01-31 12:03:09,407 [ERROR] LogOutputStream:75 - [STDERR_REDIRECT] Jan 31, 2026 12:03:09 PM org.eclipse.lsp4j.jsonrpc.services.GenericEndpoint notify
2026-01-31 12:03:09,407 [ERROR] LogOutputStream:75 - [STDERR_REDIRECT] WARNING: Unsupported notification method: didChangeStatus
2026-01-31 12:03:09,408 [ERROR] LogOutputStream:75 - [STDERR_REDIRECT] 
2026-01-31 12:03:09,438 [ERROR] LogOutputStream:75 - [STDERR_REDIRECT] Jan 31, 2026 12:03:09 PM org.eclipse.lsp4j.jsonrpc.services.GenericEndpoint notify
2026-01-31 12:03:09,438 [ERROR] LogOutputStream:75 - [STDERR_REDIRECT] WARNING: Unsupported notification method: statusNotification
2026-01-31 12:03:09,438 [ERROR] LogOutputStream:75 - [STDERR_REDIRECT] 
2026-01-31 12:03:09,439 [ERROR] LogOutputStream:75 - [STDERR_REDIRECT] Jan 31, 2026 12:03:09 PM org.eclipse.lsp4j.jsonrpc.services.GenericEndpoint notify
2026-01-31 12:03:09,439 [ERROR] LogOutputStream:75 - [STDERR_REDIRECT] WARNING: Unsupported notification method: didChangeStatus
2026-01-31 12:03:09,439 [ERROR] LogOutputStream:75 - [STDERR_REDIRECT] 
2026-01-31 12:03:10,382 [ERROR] LogOutputStream:75 - [STDERR_REDIRECT] Jan 31, 2026 12:03:10 PM org.eclipse.lsp4j.jsonrpc.services.GenericEndpoint notify
2026-01-31 12:03:10,382 [ERROR] LogOutputStream:75 - [STDERR_REDIRECT] WARNING: Unsupported notification method: statusNotification
2026-01-31 12:03:10,382 [ERROR] LogOutputStream:75 - [STDERR_REDIRECT] 
2026-01-31 12:03:10,383 [ERROR] LogOutputStream:75 - [STDERR_REDIRECT] Jan 31, 2026 12:03:10 PM org.eclipse.lsp4j.jsonrpc.services.GenericEndpoint notify
2026-01-31 12:03:10,383 [ERROR] LogOutputStream:75 - [STDERR_REDIRECT] WARNING: Unsupported notification method: didChangeStatus
2026-01-31 12:03:10,383 [ERROR] LogOutputStream:75 - [STDERR_REDIRECT] 
2026-01-31 12:03:10,416 [ERROR] LogOutputStream:75 - [STDERR_REDIRECT] Jan 31, 2026 12:03:10 PM org.eclipse.lsp4j.jsonrpc.services.GenericEndpoint notify
2026-01-31 12:03:10,417 [ERROR] LogOutputStream:75 - [STDERR_REDIRECT] WARNING: Unsupported notification method: statusNotification
2026-01-31 12:03:10,417 [ERROR] LogOutputStream:75 - [STDERR_REDIRECT] 
2026-01-31 12:03:10,418 [ERROR] LogOutputStream:75 - [STDERR_REDIRECT] Jan 31, 2026 12:03:10 PM org.eclipse.lsp4j.jsonrpc.services.GenericEndpoint notify
2026-01-31 12:03:10,418 [ERROR] LogOutputStream:75 - [STDERR_REDIRECT] WARNING: Unsupported notification method: didChangeStatus
2026-01-31 12:03:10,419 [ERROR] LogOutputStream:75 - [STDERR_REDIRECT] 
2026-01-31 12:03:11,125 [ERROR] LogOutputStream:75 - [STDERR_REDIRECT] Jan 31, 2026 12:03:11 PM org.eclipse.lsp4j.jsonrpc.services.GenericEndpoint notify
2026-01-31 12:03:11,125 [ERROR] LogOutputStream:75 - [STDERR_REDIRECT] WARNING: Unsupported notification method: statusNotification
2026-01-31 12:03:11,125 [ERROR] LogOutputStream:75 - [STDERR_REDIRECT] 
2026-01-31 12:03:11,126 [ERROR] LogOutputStream:75 - [STDERR_REDIRECT] Jan 31, 2026 12:03:11 PM org.eclipse.lsp4j.jsonrpc.services.GenericEndpoint notify
2026-01-31 12:03:11,126 [ERROR] LogOutputStream:75 - [STDERR_REDIRECT] WARNING: Unsupported notification method: didChangeStatus
2026-01-31 12:03:11,126 [ERROR] LogOutputStream:75 - [STDERR_REDIRECT] 
2026-01-31 12:03:11,189 [ERROR] LogOutputStream:75 - [STDERR_REDIRECT] Jan 31, 2026 12:03:11 PM org.eclipse.lsp4j.jsonrpc.services.GenericEndpoint notify
2026-01-31 12:03:11,189 [ERROR] LogOutputStream:75 - [STDERR_REDIRECT] WARNING: Unsupported notification method: statusNotification
2026-01-31 12:03:11,189 [ERROR] LogOutputStream:75 - [STDERR_REDIRECT] 
2026-01-31 12:03:11,190 [ERROR] LogOutputStream:75 - [STDERR_REDIRECT] Jan 31, 2026 12:03:11 PM org.eclipse.lsp4j.jsonrpc.services.GenericEndpoint notify
2026-01-31 12:03:11,190 [ERROR] LogOutputStream:75 - [STDERR_REDIRECT] WARNING: Unsupported notification method: didChangeStatus
2026-01-31 12:03:11,190 [ERROR] LogOutputStream:75 - [STDERR_REDIRECT] 
2026-01-31 12:03:11,679 [ERROR] LogOutputStream:75 - [STDERR_REDIRECT] Jan 31, 2026 12:03:11 PM org.eclipse.lsp4j.jsonrpc.services.GenericEndpoint notify
2026-01-31 12:03:11,679 [ERROR] LogOutputStream:75 - [STDERR_REDIRECT] WARNING: Unsupported notification method: statusNotification
2026-01-31 12:03:11,680 [ERROR] LogOutputStream:75 - [STDERR_REDIRECT] 
2026-01-31 12:03:11,680 [ERROR] LogOutputStream:75 - [STDERR_REDIRECT] Jan 31, 2026 12:03:11 PM org.eclipse.lsp4j.jsonrpc.services.GenericEndpoint notify
2026-01-31 12:03:11,680 [ERROR] LogOutputStream:75 - [STDERR_REDIRECT] WARNING: Unsupported notification method: didChangeStatus
2026-01-31 12:03:11,681 [ERROR] LogOutputStream:75 - [STDERR_REDIRECT] 
2026-01-31 12:03:11,716 [ERROR] LogOutputStream:75 - [STDERR_REDIRECT] Jan 31, 2026 12:03:11 PM org.eclipse.lsp4j.jsonrpc.services.GenericEndpoint notify
2026-01-31 12:03:11,716 [ERROR] LogOutputStream:75 - [STDERR_REDIRECT] WARNING: Unsupported notification method: statusNotification
2026-01-31 12:03:11,717 [ERROR] LogOutputStream:75 - [STDERR_REDIRECT] 
2026-01-31 12:03:11,717 [ERROR] LogOutputStream:75 - [STDERR_REDIRECT] Jan 31, 2026 12:03:11 PM org.eclipse.lsp4j.jsonrpc.services.GenericEndpoint notify
2026-01-31 12:03:11,717 [ERROR] LogOutputStream:75 - [STDERR_REDIRECT] WARNING: Unsupported notification method: didChangeStatus
2026-01-31 12:03:11,718 [ERROR] LogOutputStream:75 - [STDERR_REDIRECT] 
2026-01-31 12:03:11,884 [ERROR] LogOutputStream:75 - [STDERR_REDIRECT] Jan 31, 2026 12:03:11 PM org.eclipse.lsp4j.jsonrpc.services.GenericEndpoint notify
2026-01-31 12:03:11,884 [ERROR] LogOutputStream:75 - [STDERR_REDIRECT] WARNING: Unsupported notification method: statusNotification
2026-01-31 12:03:11,885 [ERROR] LogOutputStream:75 - [STDERR_REDIRECT] 
2026-01-31 12:03:11,885 [ERROR] LogOutputStream:75 - [STDERR_REDIRECT] Jan 31, 2026 12:03:11 PM org.eclipse.lsp4j.jsonrpc.services.GenericEndpoint notify
2026-01-31 12:03:11,885 [ERROR] LogOutputStream:75 - [STDERR_REDIRECT] WARNING: Unsupported notification method: didChangeStatus
2026-01-31 12:03:11,885 [ERROR] LogOutputStream:75 - [STDERR_REDIRECT] 
2026-01-31 12:03:11,908 [ERROR] LogOutputStream:75 - [STDERR_REDIRECT] Jan 31, 2026 12:03:11 PM org.eclipse.lsp4j.jsonrpc.services.GenericEndpoint notify
2026-01-31 12:03:11,908 [ERROR] LogOutputStream:75 - [STDERR_REDIRECT] WARNING: Unsupported notification method: statusNotification
2026-01-31 12:03:11,908 [ERROR] LogOutputStream:75 - [STDERR_REDIRECT] 
2026-01-31 12:03:11,908 [ERROR] LogOutputStream:75 - [STDERR_REDIRECT] Jan 31, 2026 12:03:11 PM org.eclipse.lsp4j.jsonrpc.services.GenericEndpoint notify
2026-01-31 12:03:11,909 [ERROR] LogOutputStream:75 - [STDERR_REDIRECT] WARNING: Unsupported notification method: didChangeStatus
2026-01-31 12:03:11,909 [ERROR] LogOutputStream:75 - [STDERR_REDIRECT] 
2026-01-31 12:03:12,091 [ERROR] LogOutputStream:75 - [STDERR_REDIRECT] Jan 31, 2026 12:03:12 PM org.eclipse.lsp4j.jsonrpc.services.GenericEndpoint notify
2026-01-31 12:03:12,091 [ERROR] LogOutputStream:75 - [STDERR_REDIRECT] WARNING: Unsupported notification method: statusNotification
2026-01-31 12:03:12,092 [ERROR] LogOutputStream:75 - [STDERR_REDIRECT] 
2026-01-31 12:03:12,092 [ERROR] LogOutputStream:75 - [STDERR_REDIRECT] Jan 31, 2026 12:03:12 PM org.eclipse.lsp4j.jsonrpc.services.GenericEndpoint notify
2026-01-31 12:03:12,092 [ERROR] LogOutputStream:75 - [STDERR_REDIRECT] WARNING: Unsupported notification method: didChangeStatus
2026-01-31 12:03:12,092 [ERROR] LogOutputStream:75 - [STDERR_REDIRECT] 
2026-01-31 12:03:12,136 [ERROR] LogOutputStream:75 - [STDERR_REDIRECT] Jan 31, 2026 12:03:12 PM org.eclipse.lsp4j.jsonrpc.services.GenericEndpoint notify
2026-01-31 12:03:12,137 [ERROR] LogOutputStream:75 - [STDERR_REDIRECT] WARNING: Unsupported notification method: statusNotification
2026-01-31 12:03:12,137 [ERROR] LogOutputStream:75 - [STDERR_REDIRECT] 
2026-01-31 12:03:12,137 [ERROR] LogOutputStream:75 - [STDERR_REDIRECT] Jan 31, 2026 12:03:12 PM org.eclipse.lsp4j.jsonrpc.services.GenericEndpoint notify
2026-01-31 12:03:12,137 [ERROR] LogOutputStream:75 - [STDERR_REDIRECT] WARNING: Unsupported notification method: didChangeStatus
2026-01-31 12:03:12,137 [ERROR] LogOutputStream:75 - [STDERR_REDIRECT] 
2026-01-31 12:03:12,320 [ERROR] LogOutputStream:75 - [STDERR_REDIRECT] Jan 31, 2026 12:03:12 PM org.eclipse.lsp4j.jsonrpc.services.GenericEndpoint notify
2026-01-31 12:03:12,320 [ERROR] LogOutputStream:75 - [STDERR_REDIRECT] WARNING: Unsupported notification method: statusNotification
2026-01-31 12:03:12,320 [ERROR] LogOutputStream:75 - [STDERR_REDIRECT] 
2026-01-31 12:03:12,321 [ERROR] LogOutputStream:75 - [STDERR_REDIRECT] Jan 31, 2026 12:03:12 PM org.eclipse.lsp4j.jsonrpc.services.GenericEndpoint notify
2026-01-31 12:03:12,321 [ERROR] LogOutputStream:75 - [STDERR_REDIRECT] WARNING: Unsupported notification method: didChangeStatus
2026-01-31 12:03:12,321 [ERROR] LogOutputStream:75 - [STDERR_REDIRECT] 
2026-01-31 12:03:12,344 [ERROR] LogOutputStream:75 - [STDERR_REDIRECT] Jan 31, 2026 12:03:12 PM org.eclipse.lsp4j.jsonrpc.services.GenericEndpoint notify
2026-01-31 12:03:12,345 [ERROR] LogOutputStream:75 - [STDERR_REDIRECT] WARNING: Unsupported notification method: statusNotification
2026-01-31 12:03:12,345 [ERROR] LogOutputStream:75 - [STDERR_REDIRECT] 
2026-01-31 12:03:12,345 [ERROR] LogOutputStream:75 - [STDERR_REDIRECT] Jan 31, 2026 12:03:12 PM org.eclipse.lsp4j.jsonrpc.services.GenericEndpoint notify
2026-01-31 12:03:12,346 [ERROR] LogOutputStream:75 - [STDERR_REDIRECT] WARNING: Unsupported notification method: didChangeStatus
2026-01-31 12:03:12,346 [ERROR] LogOutputStream:75 - [STDERR_REDIRECT] 
2026-01-31 12:03:13,054 [ERROR] LogOutputStream:75 - [STDERR_REDIRECT] Jan 31, 2026 12:03:13 PM org.eclipse.lsp4j.jsonrpc.services.GenericEndpoint notify
2026-01-31 12:03:13,054 [ERROR] LogOutputStream:75 - [STDERR_REDIRECT] WARNING: Unsupported notification method: statusNotification
2026-01-31 12:03:13,054 [ERROR] LogOutputStream:75 - [STDERR_REDIRECT] 
2026-01-31 12:03:13,055 [ERROR] LogOutputStream:75 - [STDERR_REDIRECT] Jan 31, 2026 12:03:13 PM org.eclipse.lsp4j.jsonrpc.services.GenericEndpoint notify
2026-01-31 12:03:13,055 [ERROR] LogOutputStream:75 - [STDERR_REDIRECT] WARNING: Unsupported notification method: didChangeStatus
2026-01-31 12:03:13,055 [ERROR] LogOutputStream:75 - [STDERR_REDIRECT] 
2026-01-31 12:03:13,085 [ERROR] LogOutputStream:75 - [STDERR_REDIRECT] Jan 31, 2026 12:03:13 PM org.eclipse.lsp4j.jsonrpc.services.GenericEndpoint notify
2026-01-31 12:03:13,085 [ERROR] LogOutputStream:75 - [STDERR_REDIRECT] WARNING: Unsupported notification method: statusNotification
2026-01-31 12:03:13,086 [ERROR] LogOutputStream:75 - [STDERR_REDIRECT] 
2026-01-31 12:03:13,086 [ERROR] LogOutputStream:75 - [STDERR_REDIRECT] Jan 31, 2026 12:03:13 PM org.eclipse.lsp4j.jsonrpc.services.GenericEndpoint notify
2026-01-31 12:03:13,087 [ERROR] LogOutputStream:75 - [STDERR_REDIRECT] WARNING: Unsupported notification method: didChangeStatus
2026-01-31 12:03:13,087 [ERROR] LogOutputStream:75 - [STDERR_REDIRECT] 
2026-01-31 12:03:13,526 [ERROR] LogOutputStream:75 - [STDERR_REDIRECT] Jan 31, 2026 12:03:13 PM org.eclipse.lsp4j.jsonrpc.services.GenericEndpoint notify
2026-01-31 12:03:13,527 [ERROR] LogOutputStream:75 - [STDERR_REDIRECT] WARNING: Unsupported notification method: statusNotification
2026-01-31 12:03:13,527 [ERROR] LogOutputStream:75 - [STDERR_REDIRECT] 
2026-01-31 12:03:13,527 [ERROR] LogOutputStream:75 - [STDERR_REDIRECT] Jan 31, 2026 12:03:13 PM org.eclipse.lsp4j.jsonrpc.services.GenericEndpoint notify
2026-01-31 12:03:13,527 [ERROR] LogOutputStream:75 - [STDERR_REDIRECT] WARNING: Unsupported notification method: didChangeStatus
2026-01-31 12:03:13,528 [ERROR] LogOutputStream:75 - [STDERR_REDIRECT] 
2026-01-31 12:03:13,546 [ERROR] LogOutputStream:75 - [STDERR_REDIRECT] Jan 31, 2026 12:03:13 PM org.eclipse.lsp4j.jsonrpc.services.GenericEndpoint notify
2026-01-31 12:03:13,547 [ERROR] LogOutputStream:75 - [STDERR_REDIRECT] WARNING: Unsupported notification method: statusNotification
2026-01-31 12:03:13,547 [ERROR] LogOutputStream:75 - [STDERR_REDIRECT] 
2026-01-31 12:03:13,547 [ERROR] LogOutputStream:75 - [STDERR_REDIRECT] Jan 31, 2026 12:03:13 PM org.eclipse.lsp4j.jsonrpc.services.GenericEndpoint notify
2026-01-31 12:03:13,547 [ERROR] LogOutputStream:75 - [STDERR_REDIRECT] WARNING: Unsupported notification method: didChangeStatus
2026-01-31 12:03:13,548 [ERROR] LogOutputStream:75 - [STDERR_REDIRECT] 
2026-01-31 12:03:13,988 [ERROR] LogOutputStream:75 - [STDERR_REDIRECT] Jan 31, 2026 12:03:13 PM org.eclipse.lsp4j.jsonrpc.services.GenericEndpoint notify
2026-01-31 12:03:13,988 [ERROR] LogOutputStream:75 - [STDERR_REDIRECT] WARNING: Unsupported notification method: statusNotification
2026-01-31 12:03:13,988 [ERROR] LogOutputStream:75 - [STDERR_REDIRECT] 
2026-01-31 12:03:13,989 [ERROR] LogOutputStream:75 - [STDERR_REDIRECT] Jan 31, 2026 12:03:13 PM org.eclipse.lsp4j.jsonrpc.services.GenericEndpoint notify
2026-01-31 12:03:13,989 [ERROR] LogOutputStream:75 - [STDERR_REDIRECT] WARNING: Unsupported notification method: didChangeStatus
2026-01-31 12:03:13,989 [ERROR] LogOutputStream:75 - [STDERR_REDIRECT] 
2026-01-31 12:03:14,006 [ERROR] LogOutputStream:75 - [STDERR_REDIRECT] Jan 31, 2026 12:03:14 PM org.eclipse.lsp4j.jsonrpc.services.GenericEndpoint notify
2026-01-31 12:03:14,006 [ERROR] LogOutputStream:75 - [STDERR_REDIRECT] WARNING: Unsupported notification method: statusNotification
2026-01-31 12:03:14,006 [ERROR] LogOutputStream:75 - [STDERR_REDIRECT] 
2026-01-31 12:03:14,007 [ERROR] LogOutputStream:75 - [STDERR_REDIRECT] Jan 31, 2026 12:03:14 PM org.eclipse.lsp4j.jsonrpc.services.GenericEndpoint notify
2026-01-31 12:03:14,007 [ERROR] LogOutputStream:75 - [STDERR_REDIRECT] WARNING: Unsupported notification method: didChangeStatus
2026-01-31 12:03:14,007 [ERROR] LogOutputStream:75 - [STDERR_REDIRECT] 
2026-01-31 12:03:14,432 [ERROR] LogOutputStream:75 - [STDERR_REDIRECT] Jan 31, 2026 12:03:14 PM org.eclipse.lsp4j.jsonrpc.services.GenericEndpoint notify
2026-01-31 12:03:14,433 [ERROR] LogOutputStream:75 - [STDERR_REDIRECT] WARNING: Unsupported notification method: statusNotification
2026-01-31 12:03:14,433 [ERROR] LogOutputStream:75 - [STDERR_REDIRECT] 
2026-01-31 12:03:14,434 [ERROR] LogOutputStream:75 - [STDERR_REDIRECT] Jan 31, 2026 12:03:14 PM org.eclipse.lsp4j.jsonrpc.services.GenericEndpoint notify
2026-01-31 12:03:14,434 [ERROR] LogOutputStream:75 - [STDERR_REDIRECT] WARNING: Unsupported notification method: didChangeStatus
2026-01-31 12:03:14,434 [ERROR] LogOutputStream:75 - [STDERR_REDIRECT] 
2026-01-31 12:03:14,461 [ERROR] LogOutputStream:75 - [STDERR_REDIRECT] Jan 31, 2026 12:03:14 PM org.eclipse.lsp4j.jsonrpc.services.GenericEndpoint notify
2026-01-31 12:03:14,461 [ERROR] LogOutputStream:75 - [STDERR_REDIRECT] WARNING: Unsupported notification method: statusNotification
2026-01-31 12:03:14,462 [ERROR] LogOutputStream:75 - [STDERR_REDIRECT] 
2026-01-31 12:03:14,463 [ERROR] LogOutputStream:75 - [STDERR_REDIRECT] Jan 31, 2026 12:03:14 PM org.eclipse.lsp4j.jsonrpc.services.GenericEndpoint notify
2026-01-31 12:03:14,463 [ERROR] LogOutputStream:75 - [STDERR_REDIRECT] WARNING: Unsupported notification method: didChangeStatus
2026-01-31 12:03:14,463 [ERROR] LogOutputStream:75 - [STDERR_REDIRECT] 
2026-01-31 12:03:14,892 [ERROR] LogOutputStream:75 - [STDERR_REDIRECT] Jan 31, 2026 12:03:14 PM org.eclipse.lsp4j.jsonrpc.services.GenericEndpoint notify
2026-01-31 12:03:14,892 [ERROR] LogOutputStream:75 - [STDERR_REDIRECT] WARNING: Unsupported notification method: statusNotification
2026-01-31 12:03:14,892 [ERROR] LogOutputStream:75 - [STDERR_REDIRECT] 
2026-01-31 12:03:14,893 [ERROR] LogOutputStream:75 - [STDERR_REDIRECT] Jan 31, 2026 12:03:14 PM org.eclipse.lsp4j.jsonrpc.services.GenericEndpoint notify
2026-01-31 12:03:14,893 [ERROR] LogOutputStream:75 - [STDERR_REDIRECT] WARNING: Unsupported notification method: didChangeStatus
2026-01-31 12:03:14,893 [ERROR] LogOutputStream:75 - [STDERR_REDIRECT] 
2026-01-31 12:03:14,943 [ERROR] LogOutputStream:75 - [STDERR_REDIRECT] Jan 31, 2026 12:03:14 PM org.eclipse.lsp4j.jsonrpc.services.GenericEndpoint notify
2026-01-31 12:03:14,943 [ERROR] LogOutputStream:75 - [STDERR_REDIRECT] WARNING: Unsupported notification method: statusNotification
2026-01-31 12:03:14,943 [ERROR] LogOutputStream:75 - [STDERR_REDIRECT] 
2026-01-31 12:03:14,944 [ERROR] LogOutputStream:75 - [STDERR_REDIRECT] Jan 31, 2026 12:03:14 PM org.eclipse.lsp4j.jsonrpc.services.GenericEndpoint notify
2026-01-31 12:03:14,944 [ERROR] LogOutputStream:75 - [STDERR_REDIRECT] WARNING: Unsupported notification method: didChangeStatus
2026-01-31 12:03:14,944 [ERROR] LogOutputStream:75 - [STDERR_REDIRECT] 
2026-01-31 12:03:15,500 [ERROR] LogOutputStream:75 - [STDERR_REDIRECT] Jan 31, 2026 12:03:15 PM org.eclipse.lsp4j.jsonrpc.services.GenericEndpoint notify
2026-01-31 12:03:15,500 [ERROR] LogOutputStream:75 - [STDERR_REDIRECT] WARNING: Unsupported notification method: statusNotification
2026-01-31 12:03:15,500 [ERROR] LogOutputStream:75 - [STDERR_REDIRECT] 
2026-01-31 12:03:15,501 [ERROR] LogOutputStream:75 - [STDERR_REDIRECT] Jan 31, 2026 12:03:15 PM org.eclipse.lsp4j.jsonrpc.services.GenericEndpoint notify
2026-01-31 12:03:15,501 [ERROR] LogOutputStream:75 - [STDERR_REDIRECT] WARNING: Unsupported notification method: didChangeStatus
2026-01-31 12:03:15,501 [ERROR] LogOutputStream:75 - [STDERR_REDIRECT] 
2026-01-31 12:03:56,885 [ERROR] LogOutputStream:75 - [STDERR_REDIRECT] Jan 31, 2026 12:03:56 PM org.eclipse.lsp4j.jsonrpc.services.GenericEndpoint notify
2026-01-31 12:03:56,886 [ERROR] LogOutputStream:75 - [STDERR_REDIRECT] WARNING: Unsupported notification method: statusNotification
2026-01-31 12:03:56,886 [ERROR] LogOutputStream:75 - [STDERR_REDIRECT] 
2026-01-31 12:03:56,886 [ERROR] LogOutputStream:75 - [STDERR_REDIRECT] Jan 31, 2026 12:03:56 PM org.eclipse.lsp4j.jsonrpc.services.GenericEndpoint notify
2026-01-31 12:03:56,886 [ERROR] LogOutputStream:75 - [STDERR_REDIRECT] WARNING: Unsupported notification method: didChangeStatus
2026-01-31 12:03:56,886 [ERROR] LogOutputStream:75 - [STDERR_REDIRECT] 
2026-01-31 12:03:57,890 [ERROR] LogOutputStream:75 - [STDERR_REDIRECT] Jan 31, 2026 12:03:57 PM org.eclipse.lsp4j.jsonrpc.services.GenericEndpoint notify
2026-01-31 12:03:57,890 [ERROR] LogOutputStream:75 - [STDERR_REDIRECT] WARNING: Unsupported notification method: statusNotification
2026-01-31 12:03:57,890 [ERROR] LogOutputStream:75 - [STDERR_REDIRECT] 
2026-01-31 12:03:57,890 [ERROR] LogOutputStream:75 - [STDERR_REDIRECT] Jan 31, 2026 12:03:57 PM org.eclipse.lsp4j.jsonrpc.services.GenericEndpoint notify
2026-01-31 12:03:57,890 [ERROR] LogOutputStream:75 - [STDERR_REDIRECT] WARNING: Unsupported notification method: didChangeStatus
2026-01-31 12:03:57,890 [ERROR] LogOutputStream:75 - [STDERR_REDIRECT] 
2026-01-31 12:03:57,920 [ERROR] LogOutputStream:75 - [STDERR_REDIRECT] Jan 31, 2026 12:03:57 PM org.eclipse.lsp4j.jsonrpc.services.GenericEndpoint notify
2026-01-31 12:03:57,921 [ERROR] LogOutputStream:75 - [STDERR_REDIRECT] WARNING: Unsupported notification method: statusNotification
2026-01-31 12:03:57,921 [ERROR] LogOutputStream:75 - [STDERR_REDIRECT] 
2026-01-31 12:03:57,921 [ERROR] LogOutputStream:75 - [STDERR_REDIRECT] Jan 31, 2026 12:03:57 PM org.eclipse.lsp4j.jsonrpc.services.GenericEndpoint notify
2026-01-31 12:03:57,922 [ERROR] LogOutputStream:75 - [STDERR_REDIRECT] WARNING: Unsupported notification method: didChangeStatus
2026-01-31 12:03:57,922 [ERROR] LogOutputStream:75 - [STDERR_REDIRECT] 
2026-01-31 12:03:58,499 [ERROR] LogOutputStream:75 - [STDERR_REDIRECT] Jan 31, 2026 12:03:58 PM org.eclipse.lsp4j.jsonrpc.services.GenericEndpoint notify
2026-01-31 12:03:58,500 [ERROR] LogOutputStream:75 - [STDERR_REDIRECT] WARNING: Unsupported notification method: statusNotification
2026-01-31 12:03:58,500 [ERROR] LogOutputStream:75 - [STDERR_REDIRECT] 
2026-01-31 12:03:58,500 [ERROR] LogOutputStream:75 - [STDERR_REDIRECT] Jan 31, 2026 12:03:58 PM org.eclipse.lsp4j.jsonrpc.services.GenericEndpoint notify
2026-01-31 12:03:58,500 [ERROR] LogOutputStream:75 - [STDERR_REDIRECT] WARNING: Unsupported notification method: didChangeStatus
2026-01-31 12:03:58,500 [ERROR] LogOutputStream:75 - [STDERR_REDIRECT] 
2026-01-31 12:03:58,528 [ERROR] LogOutputStream:75 - [STDERR_REDIRECT] Jan 31, 2026 12:03:58 PM org.eclipse.lsp4j.jsonrpc.services.GenericEndpoint notify
2026-01-31 12:03:58,528 [ERROR] LogOutputStream:75 - [STDERR_REDIRECT] WARNING: Unsupported notification method: statusNotification
2026-01-31 12:03:58,528 [ERROR] LogOutputStream:75 - [STDERR_REDIRECT] 
2026-01-31 12:03:58,529 [ERROR] LogOutputStream:75 - [STDERR_REDIRECT] Jan 31, 2026 12:03:58 PM org.eclipse.lsp4j.jsonrpc.services.GenericEndpoint notify
2026-01-31 12:03:58,529 [ERROR] LogOutputStream:75 - [STDERR_REDIRECT] WARNING: Unsupported notification method: didChangeStatus
2026-01-31 12:03:58,529 [ERROR] LogOutputStream:75 - [STDERR_REDIRECT] 
2026-01-31 12:03:59,129 [ERROR] LogOutputStream:75 - [STDERR_REDIRECT] Jan 31, 2026 12:03:59 PM org.eclipse.lsp4j.jsonrpc.services.GenericEndpoint notify
2026-01-31 12:03:59,130 [ERROR] LogOutputStream:75 - [STDERR_REDIRECT] WARNING: Unsupported notification method: statusNotification
2026-01-31 12:03:59,130 [ERROR] LogOutputStream:75 - [STDERR_REDIRECT] 
2026-01-31 12:03:59,130 [ERROR] LogOutputStream:75 - [STDERR_REDIRECT] Jan 31, 2026 12:03:59 PM org.eclipse.lsp4j.jsonrpc.services.GenericEndpoint notify
2026-01-31 12:03:59,130 [ERROR] LogOutputStream:75 - [STDERR_REDIRECT] WARNING: Unsupported notification method: didChangeStatus
2026-01-31 12:03:59,130 [ERROR] LogOutputStream:75 - [STDERR_REDIRECT] 
2026-01-31 12:03:59,220 [ERROR] LogOutputStream:75 - [STDERR_REDIRECT] Jan 31, 2026 12:03:59 PM org.eclipse.lsp4j.jsonrpc.services.GenericEndpoint notify
2026-01-31 12:03:59,220 [ERROR] LogOutputStream:75 - [STDERR_REDIRECT] WARNING: Unsupported notification method: statusNotification
2026-01-31 12:03:59,220 [ERROR] LogOutputStream:75 - [STDERR_REDIRECT] 
2026-01-31 12:03:59,221 [ERROR] LogOutputStream:75 - [STDERR_REDIRECT] Jan 31, 2026 12:03:59 PM org.eclipse.lsp4j.jsonrpc.services.GenericEndpoint notify
2026-01-31 12:03:59,221 [ERROR] LogOutputStream:75 - [STDERR_REDIRECT] WARNING: Unsupported notification method: didChangeStatus
2026-01-31 12:03:59,221 [ERROR] LogOutputStream:75 - [STDERR_REDIRECT] 
2026-01-31 12:03:59,741 [ERROR] LogOutputStream:75 - [STDERR_REDIRECT] Jan 31, 2026 12:03:59 PM org.eclipse.lsp4j.jsonrpc.services.GenericEndpoint notify
2026-01-31 12:03:59,741 [ERROR] LogOutputStream:75 - [STDERR_REDIRECT] WARNING: Unsupported notification method: statusNotification
2026-01-31 12:03:59,741 [ERROR] LogOutputStream:75 - [STDERR_REDIRECT] 
2026-01-31 12:03:59,741 [ERROR] LogOutputStream:75 - [STDERR_REDIRECT] Jan 31, 2026 12:03:59 PM org.eclipse.lsp4j.jsonrpc.services.GenericEndpoint notify
2026-01-31 12:03:59,741 [ERROR] LogOutputStream:75 - [STDERR_REDIRECT] WARNING: Unsupported notification method: didChangeStatus
2026-01-31 12:03:59,741 [ERROR] LogOutputStream:75 - [STDERR_REDIRECT] 
2026-01-31 12:03:59,768 [ERROR] LogOutputStream:75 - [STDERR_REDIRECT] Jan 31, 2026 12:03:59 PM org.eclipse.lsp4j.jsonrpc.services.GenericEndpoint notify
2026-01-31 12:03:59,768 [ERROR] LogOutputStream:75 - [STDERR_REDIRECT] WARNING: Unsupported notification method: statusNotification
2026-01-31 12:03:59,768 [ERROR] LogOutputStream:75 - [STDERR_REDIRECT] 
2026-01-31 12:03:59,769 [ERROR] LogOutputStream:75 - [STDERR_REDIRECT] Jan 31, 2026 12:03:59 PM org.eclipse.lsp4j.jsonrpc.services.GenericEndpoint notify
2026-01-31 12:03:59,769 [ERROR] LogOutputStream:75 - [STDERR_REDIRECT] WARNING: Unsupported notification method: didChangeStatus
2026-01-31 12:03:59,769 [ERROR] LogOutputStream:75 - [STDERR_REDIRECT] 
2026-01-31 12:04:00,246 [ERROR] LogOutputStream:75 - [STDERR_REDIRECT] Jan 31, 2026 12:04:00 PM org.eclipse.lsp4j.jsonrpc.services.GenericEndpoint notify
2026-01-31 12:04:00,246 [ERROR] LogOutputStream:75 - [STDERR_REDIRECT] WARNING: Unsupported notification method: statusNotification
2026-01-31 12:04:00,246 [ERROR] LogOutputStream:75 - [STDERR_REDIRECT] 
2026-01-31 12:04:00,247 [ERROR] LogOutputStream:75 - [STDERR_REDIRECT] Jan 31, 2026 12:04:00 PM org.eclipse.lsp4j.jsonrpc.services.GenericEndpoint notify
2026-01-31 12:04:00,247 [ERROR] LogOutputStream:75 - [STDERR_REDIRECT] WARNING: Unsupported notification method: didChangeStatus
2026-01-31 12:04:00,247 [ERROR] LogOutputStream:75 - [STDERR_REDIRECT] 
2026-01-31 12:04:00,272 [ERROR] LogOutputStream:75 - [STDERR_REDIRECT] Jan 31, 2026 12:04:00 PM org.eclipse.lsp4j.jsonrpc.services.GenericEndpoint notify
2026-01-31 12:04:00,272 [ERROR] LogOutputStream:75 - [STDERR_REDIRECT] WARNING: Unsupported notification method: statusNotification
2026-01-31 12:04:00,272 [ERROR] LogOutputStream:75 - [STDERR_REDIRECT] 
2026-01-31 12:04:00,273 [ERROR] LogOutputStream:75 - [STDERR_REDIRECT] Jan 31, 2026 12:04:00 PM org.eclipse.lsp4j.jsonrpc.services.GenericEndpoint notify
2026-01-31 12:04:00,273 [ERROR] LogOutputStream:75 - [STDERR_REDIRECT] WARNING: Unsupported notification method: didChangeStatus
2026-01-31 12:04:00,273 [ERROR] LogOutputStream:75 - [STDERR_REDIRECT] 
2026-01-31 12:04:00,451 [ERROR] LogOutputStream:75 - [STDERR_REDIRECT] Jan 31, 2026 12:04:00 PM org.eclipse.lsp4j.jsonrpc.services.GenericEndpoint notify
2026-01-31 12:04:00,451 [ERROR] LogOutputStream:75 - [STDERR_REDIRECT] WARNING: Unsupported notification method: statusNotification
2026-01-31 12:04:00,451 [ERROR] LogOutputStream:75 - [STDERR_REDIRECT] 
2026-01-31 12:04:00,451 [ERROR] LogOutputStream:75 - [STDERR_REDIRECT] Jan 31, 2026 12:04:00 PM org.eclipse.lsp4j.jsonrpc.services.GenericEndpoint notify
2026-01-31 12:04:00,451 [ERROR] LogOutputStream:75 - [STDERR_REDIRECT] WARNING: Unsupported notification method: didChangeStatus
2026-01-31 12:04:00,451 [ERROR] LogOutputStream:75 - [STDERR_REDIRECT] 
2026-01-31 12:04:00,478 [ERROR] LogOutputStream:75 - [STDERR_REDIRECT] Jan 31, 2026 12:04:00 PM org.eclipse.lsp4j.jsonrpc.services.GenericEndpoint notify
2026-01-31 12:04:00,478 [ERROR] LogOutputStream:75 - [STDERR_REDIRECT] WARNING: Unsupported notification method: statusNotification
2026-01-31 12:04:00,478 [ERROR] LogOutputStream:75 - [STDERR_REDIRECT] 
2026-01-31 12:04:00,478 [ERROR] LogOutputStream:75 - [STDERR_REDIRECT] Jan 31, 2026 12:04:00 PM org.eclipse.lsp4j.jsonrpc.services.GenericEndpoint notify
2026-01-31 12:04:00,478 [ERROR] LogOutputStream:75 - [STDERR_REDIRECT] WARNING: Unsupported notification method: didChangeStatus
2026-01-31 12:04:00,478 [ERROR] LogOutputStream:75 - [STDERR_REDIRECT] 
2026-01-31 12:04:01,373 [ERROR] LogOutputStream:75 - [STDERR_REDIRECT] Jan 31, 2026 12:04:01 PM org.eclipse.lsp4j.jsonrpc.services.GenericEndpoint notify
2026-01-31 12:04:01,373 [ERROR] LogOutputStream:75 - [STDERR_REDIRECT] WARNING: Unsupported notification method: statusNotification
2026-01-31 12:04:01,373 [ERROR] LogOutputStream:75 - [STDERR_REDIRECT] 
2026-01-31 12:04:01,373 [ERROR] LogOutputStream:75 - [STDERR_REDIRECT] Jan 31, 2026 12:04:01 PM org.eclipse.lsp4j.jsonrpc.services.GenericEndpoint notify
2026-01-31 12:04:01,375 [ERROR] LogOutputStream:75 - [STDERR_REDIRECT] WARNING: Unsupported notification method: didChangeStatus
2026-01-31 12:04:01,375 [ERROR] LogOutputStream:75 - [STDERR_REDIRECT] 
2026-01-31 12:04:02,344 [ERROR] LogOutputStream:75 - [STDERR_REDIRECT] Jan 31, 2026 12:04:02 PM org.eclipse.lsp4j.jsonrpc.services.GenericEndpoint notify
2026-01-31 12:04:02,344 [ERROR] LogOutputStream:75 - [STDERR_REDIRECT] WARNING: Unsupported notification method: statusNotification
2026-01-31 12:04:02,344 [ERROR] LogOutputStream:75 - [STDERR_REDIRECT] 
2026-01-31 12:04:02,345 [ERROR] LogOutputStream:75 - [STDERR_REDIRECT] Jan 31, 2026 12:04:02 PM org.eclipse.lsp4j.jsonrpc.services.GenericEndpoint notify
2026-01-31 12:04:02,345 [ERROR] LogOutputStream:75 - [STDERR_REDIRECT] WARNING: Unsupported notification method: didChangeStatus
2026-01-31 12:04:02,345 [ERROR] LogOutputStream:75 - [STDERR_REDIRECT] 
2026-01-31 12:04:02,346 [ERROR] LogOutputStream:75 - [STDERR_REDIRECT] Jan 31, 2026 12:04:02 PM org.eclipse.lsp4j.jsonrpc.services.GenericEndpoint notify
2026-01-31 12:04:02,346 [ERROR] LogOutputStream:75 - [STDERR_REDIRECT] WARNING: Unsupported notification method: statusNotification
2026-01-31 12:04:02,346 [ERROR] LogOutputStream:75 - [STDERR_REDIRECT] 
2026-01-31 12:04:02,347 [ERROR] LogOutputStream:75 - [STDERR_REDIRECT] Jan 31, 2026 12:04:02 PM org.eclipse.lsp4j.jsonrpc.services.GenericEndpoint notify
2026-01-31 12:04:02,347 [ERROR] LogOutputStream:75 - [STDERR_REDIRECT] WARNING: Unsupported notification method: didChangeStatus
2026-01-31 12:04:02,347 [ERROR] LogOutputStream:75 - [STDERR_REDIRECT] 
2026-01-31 12:04:02,856 [ERROR] LogOutputStream:75 - [STDERR_REDIRECT] Jan 31, 2026 12:04:02 PM org.eclipse.lsp4j.jsonrpc.services.GenericEndpoint notify
2026-01-31 12:04:02,857 [ERROR] LogOutputStream:75 - [STDERR_REDIRECT] WARNING: Unsupported notification method: statusNotification
2026-01-31 12:04:02,857 [ERROR] LogOutputStream:75 - [STDERR_REDIRECT] 
2026-01-31 12:04:02,857 [ERROR] LogOutputStream:75 - [STDERR_REDIRECT] Jan 31, 2026 12:04:02 PM org.eclipse.lsp4j.jsonrpc.services.GenericEndpoint notify
2026-01-31 12:04:02,857 [ERROR] LogOutputStream:75 - [STDERR_REDIRECT] WARNING: Unsupported notification method: didChangeStatus
2026-01-31 12:04:02,857 [ERROR] LogOutputStream:75 - [STDERR_REDIRECT] 
2026-01-31 12:04:03,836 [ERROR] LogOutputStream:75 - [STDERR_REDIRECT] Jan 31, 2026 12:04:03 PM org.eclipse.lsp4j.jsonrpc.services.GenericEndpoint notify
2026-01-31 12:04:03,837 [ERROR] LogOutputStream:75 - [STDERR_REDIRECT] WARNING: Unsupported notification method: statusNotification
2026-01-31 12:04:03,837 [ERROR] LogOutputStream:75 - [STDERR_REDIRECT] 
2026-01-31 12:04:03,837 [ERROR] LogOutputStream:75 - [STDERR_REDIRECT] Jan 31, 2026 12:04:03 PM org.eclipse.lsp4j.jsonrpc.services.GenericEndpoint notify
2026-01-31 12:04:03,838 [ERROR] LogOutputStream:75 - [STDERR_REDIRECT] WARNING: Unsupported notification method: didChangeStatus
2026-01-31 12:04:03,838 [ERROR] LogOutputStream:75 - [STDERR_REDIRECT] 
2026-01-31 12:04:03,922 [ERROR] LogOutputStream:75 - [STDERR_REDIRECT] Jan 31, 2026 12:04:03 PM org.eclipse.lsp4j.jsonrpc.services.GenericEndpoint notify
2026-01-31 12:04:03,922 [ERROR] LogOutputStream:75 - [STDERR_REDIRECT] WARNING: Unsupported notification method: statusNotification
2026-01-31 12:04:03,922 [ERROR] LogOutputStream:75 - [STDERR_REDIRECT] 
2026-01-31 12:04:03,923 [ERROR] LogOutputStream:75 - [STDERR_REDIRECT] Jan 31, 2026 12:04:03 PM org.eclipse.lsp4j.jsonrpc.services.GenericEndpoint notify
2026-01-31 12:04:03,923 [ERROR] LogOutputStream:75 - [STDERR_REDIRECT] WARNING: Unsupported notification method: didChangeStatus
2026-01-31 12:04:03,923 [ERROR] LogOutputStream:75 - [STDERR_REDIRECT] 
2026-01-31 12:04:05,887 [ERROR] LogOutputStream:75 - [STDERR_REDIRECT] Jan 31, 2026 12:04:05 PM org.eclipse.lsp4j.jsonrpc.services.GenericEndpoint notify
2026-01-31 12:04:05,888 [ERROR] LogOutputStream:75 - [STDERR_REDIRECT] WARNING: Unsupported notification method: statusNotification
2026-01-31 12:04:05,888 [ERROR] LogOutputStream:75 - [STDERR_REDIRECT] 
2026-01-31 12:04:05,888 [ERROR] LogOutputStream:75 - [STDERR_REDIRECT] Jan 31, 2026 12:04:05 PM org.eclipse.lsp4j.jsonrpc.services.GenericEndpoint notify
2026-01-31 12:04:05,888 [ERROR] LogOutputStream:75 - [STDERR_REDIRECT] WARNING: Unsupported notification method: didChangeStatus
2026-01-31 12:04:05,888 [ERROR] LogOutputStream:75 - [STDERR_REDIRECT] 
2026-01-31 12:04:05,926 [ERROR] LogOutputStream:75 - [STDERR_REDIRECT] Jan 31, 2026 12:04:05 PM org.eclipse.lsp4j.jsonrpc.services.GenericEndpoint notify
2026-01-31 12:04:05,926 [ERROR] LogOutputStream:75 - [STDERR_REDIRECT] WARNING: Unsupported notification method: statusNotification
2026-01-31 12:04:05,926 [ERROR] LogOutputStream:75 - [STDERR_REDIRECT] 
2026-01-31 12:04:05,927 [ERROR] LogOutputStream:75 - [STDERR_REDIRECT] Jan 31, 2026 12:04:05 PM org.eclipse.lsp4j.jsonrpc.services.GenericEndpoint notify
2026-01-31 12:04:05,927 [ERROR] LogOutputStream:75 - [STDERR_REDIRECT] WARNING: Unsupported notification method: didChangeStatus
2026-01-31 12:04:05,927 [ERROR] LogOutputStream:75 - [STDERR_REDIRECT] 
2026-01-31 12:04:06,602 [ERROR] LogOutputStream:75 - [STDERR_REDIRECT] Jan 31, 2026 12:04:06 PM org.eclipse.lsp4j.jsonrpc.services.GenericEndpoint notify
2026-01-31 12:04:06,602 [ERROR] LogOutputStream:75 - [STDERR_REDIRECT] WARNING: Unsupported notification method: statusNotification
2026-01-31 12:04:06,602 [ERROR] LogOutputStream:75 - [STDERR_REDIRECT] 
2026-01-31 12:04:06,603 [ERROR] LogOutputStream:75 - [STDERR_REDIRECT] Jan 31, 2026 12:04:06 PM org.eclipse.lsp4j.jsonrpc.services.GenericEndpoint notify
2026-01-31 12:04:06,603 [ERROR] LogOutputStream:75 - [STDERR_REDIRECT] WARNING: Unsupported notification method: didChangeStatus
2026-01-31 12:04:06,603 [ERROR] LogOutputStream:75 - [STDERR_REDIRECT] 
2026-01-31 12:04:06,704 [ERROR] LogOutputStream:75 - [STDERR_REDIRECT] Jan 31, 2026 12:04:06 PM org.eclipse.lsp4j.jsonrpc.services.GenericEndpoint notify
2026-01-31 12:04:06,704 [ERROR] LogOutputStream:75 - [STDERR_REDIRECT] WARNING: Unsupported notification method: statusNotification
2026-01-31 12:04:06,704 [ERROR] LogOutputStream:75 - [STDERR_REDIRECT] 
2026-01-31 12:04:06,705 [ERROR] LogOutputStream:75 - [STDERR_REDIRECT] Jan 31, 2026 12:04:06 PM org.eclipse.lsp4j.jsonrpc.services.GenericEndpoint notify
2026-01-31 12:04:06,705 [ERROR] LogOutputStream:75 - [STDERR_REDIRECT] WARNING: Unsupported notification method: didChangeStatus
2026-01-31 12:04:06,705 [ERROR] LogOutputStream:75 - [STDERR_REDIRECT] 
2026-01-31 12:04:07,317 [ERROR] LogOutputStream:75 - [STDERR_REDIRECT] Jan 31, 2026 12:04:07 PM org.eclipse.lsp4j.jsonrpc.services.GenericEndpoint notify
2026-01-31 12:04:07,317 [ERROR] LogOutputStream:75 - [STDERR_REDIRECT] WARNING: Unsupported notification method: statusNotification
2026-01-31 12:04:07,317 [ERROR] LogOutputStream:75 - [STDERR_REDIRECT] 
2026-01-31 12:04:07,318 [ERROR] LogOutputStream:75 - [STDERR_REDIRECT] Jan 31, 2026 12:04:07 PM org.eclipse.lsp4j.jsonrpc.services.GenericEndpoint notify
2026-01-31 12:04:07,318 [ERROR] LogOutputStream:75 - [STDERR_REDIRECT] WARNING: Unsupported notification method: didChangeStatus
2026-01-31 12:04:07,318 [ERROR] LogOutputStream:75 - [STDERR_REDIRECT] 
2026-01-31 12:04:07,350 [ERROR] LogOutputStream:75 - [STDERR_REDIRECT] Jan 31, 2026 12:04:07 PM org.eclipse.lsp4j.jsonrpc.services.GenericEndpoint notify
2026-01-31 12:04:07,350 [ERROR] LogOutputStream:75 - [STDERR_REDIRECT] WARNING: Unsupported notification method: statusNotification
2026-01-31 12:04:07,350 [ERROR] LogOutputStream:75 - [STDERR_REDIRECT] 
2026-01-31 12:04:07,351 [ERROR] LogOutputStream:75 - [STDERR_REDIRECT] Jan 31, 2026 12:04:07 PM org.eclipse.lsp4j.jsonrpc.services.GenericEndpoint notify
2026-01-31 12:04:07,351 [ERROR] LogOutputStream:75 - [STDERR_REDIRECT] WARNING: Unsupported notification method: didChangeStatus
2026-01-31 12:04:07,351 [ERROR] LogOutputStream:75 - [STDERR_REDIRECT] 
2026-01-31 12:04:08,032 [ERROR] LogOutputStream:75 - [STDERR_REDIRECT] Jan 31, 2026 12:04:08 PM org.eclipse.lsp4j.jsonrpc.services.GenericEndpoint notify
2026-01-31 12:04:08,032 [ERROR] LogOutputStream:75 - [STDERR_REDIRECT] WARNING: Unsupported notification method: statusNotification
2026-01-31 12:04:08,032 [ERROR] LogOutputStream:75 - [STDERR_REDIRECT] 
2026-01-31 12:04:08,033 [ERROR] LogOutputStream:75 - [STDERR_REDIRECT] Jan 31, 2026 12:04:08 PM org.eclipse.lsp4j.jsonrpc.services.GenericEndpoint notify
2026-01-31 12:04:08,033 [ERROR] LogOutputStream:75 - [STDERR_REDIRECT] WARNING: Unsupported notification method: didChangeStatus
2026-01-31 12:04:08,033 [ERROR] LogOutputStream:75 - [STDERR_REDIRECT] 
2026-01-31 12:04:08,064 [ERROR] LogOutputStream:75 - [STDERR_REDIRECT] Jan 31, 2026 12:04:08 PM org.eclipse.lsp4j.jsonrpc.services.GenericEndpoint notify
2026-01-31 12:04:08,064 [ERROR] LogOutputStream:75 - [STDERR_REDIRECT] WARNING: Unsupported notification method: statusNotification
2026-01-31 12:04:08,065 [ERROR] LogOutputStream:75 - [STDERR_REDIRECT] 
2026-01-31 12:04:08,065 [ERROR] LogOutputStream:75 - [STDERR_REDIRECT] Jan 31, 2026 12:04:08 PM org.eclipse.lsp4j.jsonrpc.services.GenericEndpoint notify
2026-01-31 12:04:08,065 [ERROR] LogOutputStream:75 - [STDERR_REDIRECT] WARNING: Unsupported notification method: didChangeStatus
2026-01-31 12:04:08,065 [ERROR] LogOutputStream:75 - [STDERR_REDIRECT] 
2026-01-31 12:04:08,713 [ERROR] LogOutputStream:75 - [STDERR_REDIRECT] Jan 31, 2026 12:04:08 PM org.eclipse.lsp4j.jsonrpc.services.GenericEndpoint notify
2026-01-31 12:04:08,713 [ERROR] LogOutputStream:75 - [STDERR_REDIRECT] WARNING: Unsupported notification method: statusNotification
2026-01-31 12:04:08,713 [ERROR] LogOutputStream:75 - [STDERR_REDIRECT] 
2026-01-31 12:04:08,714 [ERROR] LogOutputStream:75 - [STDERR_REDIRECT] Jan 31, 2026 12:04:08 PM org.eclipse.lsp4j.jsonrpc.services.GenericEndpoint notify
2026-01-31 12:04:08,714 [ERROR] LogOutputStream:75 - [STDERR_REDIRECT] WARNING: Unsupported notification method: didChangeStatus
2026-01-31 12:04:08,715 [ERROR] LogOutputStream:75 - [STDERR_REDIRECT] 
2026-01-31 12:05:55,872 [ERROR] LogOutputStream:75 - [STDERR_REDIRECT] Jan 31, 2026 12:05:55 PM org.eclipse.lsp4j.jsonrpc.services.GenericEndpoint notify
2026-01-31 12:05:55,873 [ERROR] LogOutputStream:75 - [STDERR_REDIRECT] WARNING: Unsupported notification method: statusNotification
2026-01-31 12:05:55,873 [ERROR] LogOutputStream:75 - [STDERR_REDIRECT] 
2026-01-31 12:05:55,874 [ERROR] LogOutputStream:75 - [STDERR_REDIRECT] Jan 31, 2026 12:05:55 PM org.eclipse.lsp4j.jsonrpc.services.GenericEndpoint notify
2026-01-31 12:05:55,875 [ERROR] LogOutputStream:75 - [STDERR_REDIRECT] WARNING: Unsupported notification method: didChangeStatus
2026-01-31 12:05:55,875 [ERROR] LogOutputStream:75 - [STDERR_REDIRECT] 
2026-01-31 12:05:56,891 [ERROR] LogOutputStream:75 - [STDERR_REDIRECT] Jan 31, 2026 12:05:56 PM org.eclipse.lsp4j.jsonrpc.services.GenericEndpoint notify
2026-01-31 12:05:56,893 [ERROR] LogOutputStream:75 - [STDERR_REDIRECT] WARNING: Unsupported notification method: statusNotification
2026-01-31 12:05:56,893 [ERROR] LogOutputStream:75 - [STDERR_REDIRECT] 
2026-01-31 12:05:56,894 [ERROR] LogOutputStream:75 - [STDERR_REDIRECT] Jan 31, 2026 12:05:56 PM org.eclipse.lsp4j.jsonrpc.services.GenericEndpoint notify
2026-01-31 12:05:56,895 [ERROR] LogOutputStream:75 - [STDERR_REDIRECT] WARNING: Unsupported notification method: didChangeStatus
2026-01-31 12:05:56,895 [ERROR] LogOutputStream:75 - [STDERR_REDIRECT] 
2026-01-31 12:05:56,952 [ERROR] LogOutputStream:75 - [STDERR_REDIRECT] Jan 31, 2026 12:05:56 PM org.eclipse.lsp4j.jsonrpc.services.GenericEndpoint notify
2026-01-31 12:05:56,953 [ERROR] LogOutputStream:75 - [STDERR_REDIRECT] WARNING: Unsupported notification method: statusNotification
2026-01-31 12:05:56,953 [ERROR] LogOutputStream:75 - [STDERR_REDIRECT] 
2026-01-31 12:05:56,954 [ERROR] LogOutputStream:75 - [STDERR_REDIRECT] Jan 31, 2026 12:05:56 PM org.eclipse.lsp4j.jsonrpc.services.GenericEndpoint notify
2026-01-31 12:05:56,954 [ERROR] LogOutputStream:75 - [STDERR_REDIRECT] WARNING: Unsupported notification method: didChangeStatus
2026-01-31 12:05:56,954 [ERROR] LogOutputStream:75 - [STDERR_REDIRECT] 
2026-01-31 12:05:57,496 [ERROR] LogOutputStream:75 - [STDERR_REDIRECT] Jan 31, 2026 12:05:57 PM org.eclipse.lsp4j.jsonrpc.services.GenericEndpoint notify
2026-01-31 12:05:57,496 [ERROR] LogOutputStream:75 - [STDERR_REDIRECT] WARNING: Unsupported notification method: statusNotification
2026-01-31 12:05:57,496 [ERROR] LogOutputStream:75 - [STDERR_REDIRECT] 
2026-01-31 12:05:57,497 [ERROR] LogOutputStream:75 - [STDERR_REDIRECT] Jan 31, 2026 12:05:57 PM org.eclipse.lsp4j.jsonrpc.services.GenericEndpoint notify
2026-01-31 12:05:57,497 [ERROR] LogOutputStream:75 - [STDERR_REDIRECT] WARNING: Unsupported notification method: didChangeStatus
2026-01-31 12:05:57,497 [ERROR] LogOutputStream:75 - [STDERR_REDIRECT] 
2026-01-31 12:06:17,937 [ERROR] LogOutputStream:75 - [STDERR_REDIRECT] Jan 31, 2026 12:06:17 PM org.eclipse.lsp4j.jsonrpc.services.GenericEndpoint notify
2026-01-31 12:06:17,937 [ERROR] LogOutputStream:75 - [STDERR_REDIRECT] WARNING: Unsupported notification method: statusNotification
2026-01-31 12:06:17,938 [ERROR] LogOutputStream:75 - [STDERR_REDIRECT] 
2026-01-31 12:06:17,938 [ERROR] LogOutputStream:75 - [STDERR_REDIRECT] Jan 31, 2026 12:06:17 PM org.eclipse.lsp4j.jsonrpc.services.GenericEndpoint notify
2026-01-31 12:06:17,938 [ERROR] LogOutputStream:75 - [STDERR_REDIRECT] WARNING: Unsupported notification method: didChangeStatus
2026-01-31 12:06:17,938 [ERROR] LogOutputStream:75 - [STDERR_REDIRECT] 
2026-01-31 12:06:18,690 [ERROR] LogOutputStream:75 - [STDERR_REDIRECT] Jan 31, 2026 12:06:18 PM org.eclipse.lsp4j.jsonrpc.services.GenericEndpoint notify
2026-01-31 12:06:18,690 [ERROR] LogOutputStream:75 - [STDERR_REDIRECT] WARNING: Unsupported notification method: statusNotification
2026-01-31 12:06:18,691 [ERROR] LogOutputStream:75 - [STDERR_REDIRECT] 
2026-01-31 12:06:18,691 [ERROR] LogOutputStream:75 - [STDERR_REDIRECT] Jan 31, 2026 12:06:18 PM org.eclipse.lsp4j.jsonrpc.services.GenericEndpoint notify
2026-01-31 12:06:18,691 [ERROR] LogOutputStream:75 - [STDERR_REDIRECT] WARNING: Unsupported notification method: didChangeStatus
2026-01-31 12:06:18,691 [ERROR] LogOutputStream:75 - [STDERR_REDIRECT] 
2026-01-31 12:06:18,720 [ERROR] LogOutputStream:75 - [STDERR_REDIRECT] Jan 31, 2026 12:06:18 PM org.eclipse.lsp4j.jsonrpc.services.GenericEndpoint notify
2026-01-31 12:06:18,720 [ERROR] LogOutputStream:75 - [STDERR_REDIRECT] WARNING: Unsupported notification method: statusNotification
2026-01-31 12:06:18,720 [ERROR] LogOutputStream:75 - [STDERR_REDIRECT] 
2026-01-31 12:06:18,720 [ERROR] LogOutputStream:75 - [STDERR_REDIRECT] Jan 31, 2026 12:06:18 PM org.eclipse.lsp4j.jsonrpc.services.GenericEndpoint notify
2026-01-31 12:06:18,720 [ERROR] LogOutputStream:75 - [STDERR_REDIRECT] WARNING: Unsupported notification method: didChangeStatus
2026-01-31 12:06:18,721 [ERROR] LogOutputStream:75 - [STDERR_REDIRECT] 
2026-01-31 12:06:19,523 [ERROR] LogOutputStream:75 - [STDERR_REDIRECT] Jan 31, 2026 12:06:19 PM org.eclipse.lsp4j.jsonrpc.services.GenericEndpoint notify
2026-01-31 12:06:19,523 [ERROR] LogOutputStream:75 - [STDERR_REDIRECT] WARNING: Unsupported notification method: statusNotification
2026-01-31 12:06:19,523 [ERROR] LogOutputStream:75 - [STDERR_REDIRECT] 
2026-01-31 12:06:19,523 [ERROR] LogOutputStream:75 - [STDERR_REDIRECT] Jan 31, 2026 12:06:19 PM org.eclipse.lsp4j.jsonrpc.services.GenericEndpoint notify
2026-01-31 12:06:19,523 [ERROR] LogOutputStream:75 - [STDERR_REDIRECT] WARNING: Unsupported notification method: didChangeStatus
2026-01-31 12:06:19,523 [ERROR] LogOutputStream:75 - [STDERR_REDIRECT] 
2026-01-31 12:06:19,544 [ERROR] LogOutputStream:75 - [STDERR_REDIRECT] Jan 31, 2026 12:06:19 PM org.eclipse.lsp4j.jsonrpc.services.GenericEndpoint notify
2026-01-31 12:06:19,544 [ERROR] LogOutputStream:75 - [STDERR_REDIRECT] WARNING: Unsupported notification method: statusNotification
2026-01-31 12:06:19,544 [ERROR] LogOutputStream:75 - [STDERR_REDIRECT] 
2026-01-31 12:06:19,544 [ERROR] LogOutputStream:75 - [STDERR_REDIRECT] Jan 31, 2026 12:06:19 PM org.eclipse.lsp4j.jsonrpc.services.GenericEndpoint notify
2026-01-31 12:06:19,544 [ERROR] LogOutputStream:75 - [STDERR_REDIRECT] WARNING: Unsupported notification method: didChangeStatus
2026-01-31 12:06:19,544 [ERROR] LogOutputStream:75 - [STDERR_REDIRECT] 
2026-01-31 12:06:19,545 [ERROR] LogOutputStream:75 - [STDERR_REDIRECT] Jan 31, 2026 12:06:19 PM org.eclipse.lsp4j.jsonrpc.services.GenericEndpoint notify
2026-01-31 12:06:19,545 [ERROR] LogOutputStream:75 - [STDERR_REDIRECT] WARNING: Unsupported notification method: statusNotification
2026-01-31 12:06:19,545 [ERROR] LogOutputStream:75 - [STDERR_REDIRECT] 
2026-01-31 12:06:19,545 [ERROR] LogOutputStream:75 - [STDERR_REDIRECT] Jan 31, 2026 12:06:19 PM org.eclipse.lsp4j.jsonrpc.services.GenericEndpoint notify
2026-01-31 12:06:19,545 [ERROR] LogOutputStream:75 - [STDERR_REDIRECT] WARNING: Unsupported notification method: didChangeStatus
2026-01-31 12:06:19,545 [ERROR] LogOutputStream:75 - [STDERR_REDIRECT] 
2026-01-31 12:06:19,568 [ERROR] LogOutputStream:75 - [STDERR_REDIRECT] Jan 31, 2026 12:06:19 PM org.eclipse.lsp4j.jsonrpc.services.GenericEndpoint notify
2026-01-31 12:06:19,568 [ERROR] LogOutputStream:75 - [STDERR_REDIRECT] WARNING: Unsupported notification method: statusNotification
2026-01-31 12:06:19,568 [ERROR] LogOutputStream:75 - [STDERR_REDIRECT] 
2026-01-31 12:06:19,569 [ERROR] LogOutputStream:75 - [STDERR_REDIRECT] Jan 31, 2026 12:06:19 PM org.eclipse.lsp4j.jsonrpc.services.GenericEndpoint notify
2026-01-31 12:06:19,569 [ERROR] LogOutputStream:75 - [STDERR_REDIRECT] WARNING: Unsupported notification method: didChangeStatus
2026-01-31 12:06:19,569 [ERROR] LogOutputStream:75 - [STDERR_REDIRECT] 
2026-01-31 12:06:20,232 [ERROR] LogOutputStream:75 - [STDERR_REDIRECT] Jan 31, 2026 12:06:20 PM org.eclipse.lsp4j.jsonrpc.services.GenericEndpoint notify
2026-01-31 12:06:20,233 [ERROR] LogOutputStream:75 - [STDERR_REDIRECT] WARNING: Unsupported notification method: statusNotification
2026-01-31 12:06:20,233 [ERROR] LogOutputStream:75 - [STDERR_REDIRECT] 
2026-01-31 12:06:20,233 [ERROR] LogOutputStream:75 - [STDERR_REDIRECT] Jan 31, 2026 12:06:20 PM org.eclipse.lsp4j.jsonrpc.services.GenericEndpoint notify
2026-01-31 12:06:20,233 [ERROR] LogOutputStream:75 - [STDERR_REDIRECT] WARNING: Unsupported notification method: didChangeStatus
2026-01-31 12:06:20,233 [ERROR] LogOutputStream:75 - [STDERR_REDIRECT] 
2026-01-31 12:06:23,309 [ERROR] LogOutputStream:75 - [STDERR_REDIRECT] Jan 31, 2026 12:06:23 PM org.eclipse.lsp4j.jsonrpc.services.GenericEndpoint notify
2026-01-31 12:06:23,309 [ERROR] LogOutputStream:75 - [STDERR_REDIRECT] WARNING: Unsupported notification method: statusNotification
2026-01-31 12:06:23,309 [ERROR] LogOutputStream:75 - [STDERR_REDIRECT] 
2026-01-31 12:06:23,309 [ERROR] LogOutputStream:75 - [STDERR_REDIRECT] Jan 31, 2026 12:06:23 PM org.eclipse.lsp4j.jsonrpc.services.GenericEndpoint notify
2026-01-31 12:06:23,309 [ERROR] LogOutputStream:75 - [STDERR_REDIRECT] WARNING: Unsupported notification method: didChangeStatus
2026-01-31 12:06:23,309 [ERROR] LogOutputStream:75 - [STDERR_REDIRECT] 
2026-01-31 12:06:24,248 [ERROR] LogOutputStream:75 - [STDERR_REDIRECT] Jan 31, 2026 12:06:24 PM org.eclipse.lsp4j.jsonrpc.services.GenericEndpoint notify
2026-01-31 12:06:24,248 [ERROR] LogOutputStream:75 - [STDERR_REDIRECT] WARNING: Unsupported notification method: statusNotification
2026-01-31 12:06:24,248 [ERROR] LogOutputStream:75 - [STDERR_REDIRECT] 
2026-01-31 12:06:24,248 [ERROR] LogOutputStream:75 - [STDERR_REDIRECT] Jan 31, 2026 12:06:24 PM org.eclipse.lsp4j.jsonrpc.services.GenericEndpoint notify
2026-01-31 12:06:24,248 [ERROR] LogOutputStream:75 - [STDERR_REDIRECT] WARNING: Unsupported notification method: didChangeStatus
2026-01-31 12:06:24,249 [ERROR] LogOutputStream:75 - [STDERR_REDIRECT] 
2026-01-31 12:06:24,274 [ERROR] LogOutputStream:75 - [STDERR_REDIRECT] Jan 31, 2026 12:06:24 PM org.eclipse.lsp4j.jsonrpc.services.GenericEndpoint notify
2026-01-31 12:06:24,274 [ERROR] LogOutputStream:75 - [STDERR_REDIRECT] WARNING: Unsupported notification method: statusNotification
2026-01-31 12:06:24,275 [ERROR] LogOutputStream:75 - [STDERR_REDIRECT] 
2026-01-31 12:06:24,275 [ERROR] LogOutputStream:75 - [STDERR_REDIRECT] Jan 31, 2026 12:06:24 PM org.eclipse.lsp4j.jsonrpc.services.GenericEndpoint notify
2026-01-31 12:06:24,275 [ERROR] LogOutputStream:75 - [STDERR_REDIRECT] WARNING: Unsupported notification method: didChangeStatus
2026-01-31 12:06:24,275 [ERROR] LogOutputStream:75 - [STDERR_REDIRECT] 
2026-01-31 12:06:24,712 [ERROR] LogOutputStream:75 - [STDERR_REDIRECT] Jan 31, 2026 12:06:24 PM org.eclipse.lsp4j.jsonrpc.services.GenericEndpoint notify
2026-01-31 12:06:24,713 [ERROR] LogOutputStream:75 - [STDERR_REDIRECT] WARNING: Unsupported notification method: statusNotification
2026-01-31 12:06:24,713 [ERROR] LogOutputStream:75 - [STDERR_REDIRECT] 
2026-01-31 12:06:24,713 [ERROR] LogOutputStream:75 - [STDERR_REDIRECT] Jan 31, 2026 12:06:24 PM org.eclipse.lsp4j.jsonrpc.services.GenericEndpoint notify
2026-01-31 12:06:24,713 [ERROR] LogOutputStream:75 - [STDERR_REDIRECT] WARNING: Unsupported notification method: didChangeStatus
2026-01-31 12:06:24,713 [ERROR] LogOutputStream:75 - [STDERR_REDIRECT] 
2026-01-31 12:06:24,756 [ERROR] LogOutputStream:75 - [STDERR_REDIRECT] Jan 31, 2026 12:06:24 PM org.eclipse.lsp4j.jsonrpc.services.GenericEndpoint notify
2026-01-31 12:06:24,756 [ERROR] LogOutputStream:75 - [STDERR_REDIRECT] WARNING: Unsupported notification method: statusNotification
2026-01-31 12:06:24,756 [ERROR] LogOutputStream:75 - [STDERR_REDIRECT] 
2026-01-31 12:06:24,756 [ERROR] LogOutputStream:75 - [STDERR_REDIRECT] Jan 31, 2026 12:06:24 PM org.eclipse.lsp4j.jsonrpc.services.GenericEndpoint notify
2026-01-31 12:06:24,756 [ERROR] LogOutputStream:75 - [STDERR_REDIRECT] WARNING: Unsupported notification method: didChangeStatus
2026-01-31 12:06:24,756 [ERROR] LogOutputStream:75 - [STDERR_REDIRECT] 
2026-01-31 12:06:25,243 [ERROR] LogOutputStream:75 - [STDERR_REDIRECT] Jan 31, 2026 12:06:25 PM org.eclipse.lsp4j.jsonrpc.services.GenericEndpoint notify
2026-01-31 12:06:25,243 [ERROR] LogOutputStream:75 - [STDERR_REDIRECT] WARNING: Unsupported notification method: statusNotification
2026-01-31 12:06:25,244 [ERROR] LogOutputStream:75 - [STDERR_REDIRECT] 
2026-01-31 12:06:25,244 [ERROR] LogOutputStream:75 - [STDERR_REDIRECT] Jan 31, 2026 12:06:25 PM org.eclipse.lsp4j.jsonrpc.services.GenericEndpoint notify
2026-01-31 12:06:25,244 [ERROR] LogOutputStream:75 - [STDERR_REDIRECT] WARNING: Unsupported notification method: didChangeStatus
2026-01-31 12:06:25,244 [ERROR] LogOutputStream:75 - [STDERR_REDIRECT] 
2026-01-31 12:06:29,054 [ERROR] LogOutputStream:75 - [STDERR_REDIRECT] Jan 31, 2026 12:06:29 PM org.eclipse.lsp4j.jsonrpc.services.GenericEndpoint notify
2026-01-31 12:06:29,054 [ERROR] LogOutputStream:75 - [STDERR_REDIRECT] WARNING: Unsupported notification method: statusNotification
2026-01-31 12:06:29,054 [ERROR] LogOutputStream:75 - [STDERR_REDIRECT] 
2026-01-31 12:06:29,055 [ERROR] LogOutputStream:75 - [STDERR_REDIRECT] Jan 31, 2026 12:06:29 PM org.eclipse.lsp4j.jsonrpc.services.GenericEndpoint notify
2026-01-31 12:06:29,055 [ERROR] LogOutputStream:75 - [STDERR_REDIRECT] WARNING: Unsupported notification method: didChangeStatus
2026-01-31 12:06:29,055 [ERROR] LogOutputStream:75 - [STDERR_REDIRECT] 
2026-01-31 12:06:29,987 [ERROR] LogOutputStream:75 - [STDERR_REDIRECT] Jan 31, 2026 12:06:29 PM org.eclipse.lsp4j.jsonrpc.services.GenericEndpoint notify
2026-01-31 12:06:29,988 [ERROR] LogOutputStream:75 - [STDERR_REDIRECT] WARNING: Unsupported notification method: statusNotification
2026-01-31 12:06:29,988 [ERROR] LogOutputStream:75 - [STDERR_REDIRECT] 
2026-01-31 12:06:29,988 [ERROR] LogOutputStream:75 - [STDERR_REDIRECT] Jan 31, 2026 12:06:29 PM org.eclipse.lsp4j.jsonrpc.services.GenericEndpoint notify
2026-01-31 12:06:29,988 [ERROR] LogOutputStream:75 - [STDERR_REDIRECT] WARNING: Unsupported notification method: didChangeStatus
2026-01-31 12:06:29,988 [ERROR] LogOutputStream:75 - [STDERR_REDIRECT] 
2026-01-31 12:06:33,814 [ERROR] LogOutputStream:75 - [STDERR_REDIRECT] Jan 31, 2026 12:06:33 PM org.eclipse.lsp4j.jsonrpc.services.GenericEndpoint notify
2026-01-31 12:06:33,814 [ERROR] LogOutputStream:75 - [STDERR_REDIRECT] WARNING: Unsupported notification method: statusNotification
2026-01-31 12:06:33,814 [ERROR] LogOutputStream:75 - [STDERR_REDIRECT] 
2026-01-31 12:06:33,815 [ERROR] LogOutputStream:75 - [STDERR_REDIRECT] Jan 31, 2026 12:06:33 PM org.eclipse.lsp4j.jsonrpc.services.GenericEndpoint notify
2026-01-31 12:06:33,815 [ERROR] LogOutputStream:75 - [STDERR_REDIRECT] WARNING: Unsupported notification method: didChangeStatus
2026-01-31 12:06:33,815 [ERROR] LogOutputStream:75 - [STDERR_REDIRECT] 
2026-01-31 12:06:34,666 [ERROR] LogOutputStream:75 - [STDERR_REDIRECT] Jan 31, 2026 12:06:34 PM org.eclipse.lsp4j.jsonrpc.services.GenericEndpoint notify
2026-01-31 12:06:34,666 [ERROR] LogOutputStream:75 - [STDERR_REDIRECT] WARNING: Unsupported notification method: statusNotification
2026-01-31 12:06:34,666 [ERROR] LogOutputStream:75 - [STDERR_REDIRECT] 
2026-01-31 12:06:34,667 [ERROR] LogOutputStream:75 - [STDERR_REDIRECT] Jan 31, 2026 12:06:34 PM org.eclipse.lsp4j.jsonrpc.services.GenericEndpoint notify
2026-01-31 12:06:34,667 [ERROR] LogOutputStream:75 - [STDERR_REDIRECT] WARNING: Unsupported notification method: didChangeStatus
2026-01-31 12:06:34,667 [ERROR] LogOutputStream:75 - [STDERR_REDIRECT] 
2026-01-31 12:06:34,687 [ERROR] LogOutputStream:75 - [STDERR_REDIRECT] Jan 31, 2026 12:06:34 PM org.eclipse.lsp4j.jsonrpc.services.GenericEndpoint notify
2026-01-31 12:06:34,687 [ERROR] LogOutputStream:75 - [STDERR_REDIRECT] WARNING: Unsupported notification method: statusNotification
2026-01-31 12:06:34,687 [ERROR] LogOutputStream:75 - [STDERR_REDIRECT] 
2026-01-31 12:06:34,687 [ERROR] LogOutputStream:75 - [STDERR_REDIRECT] Jan 31, 2026 12:06:34 PM org.eclipse.lsp4j.jsonrpc.services.GenericEndpoint notify
2026-01-31 12:06:34,687 [ERROR] LogOutputStream:75 - [STDERR_REDIRECT] WARNING: Unsupported notification method: didChangeStatus
2026-01-31 12:06:34,687 [ERROR] LogOutputStream:75 - [STDERR_REDIRECT] 
2026-01-31 12:06:34,688 [ERROR] LogOutputStream:75 - [STDERR_REDIRECT] Jan 31, 2026 12:06:34 PM org.eclipse.lsp4j.jsonrpc.services.GenericEndpoint notify
2026-01-31 12:06:34,688 [ERROR] LogOutputStream:75 - [STDERR_REDIRECT] WARNING: Unsupported notification method: statusNotification
2026-01-31 12:06:34,688 [ERROR] LogOutputStream:75 - [STDERR_REDIRECT] 
2026-01-31 12:06:34,688 [ERROR] LogOutputStream:75 - [STDERR_REDIRECT] Jan 31, 2026 12:06:34 PM org.eclipse.lsp4j.jsonrpc.services.GenericEndpoint notify
2026-01-31 12:06:34,688 [ERROR] LogOutputStream:75 - [STDERR_REDIRECT] WARNING: Unsupported notification method: didChangeStatus
2026-01-31 12:06:34,688 [ERROR] LogOutputStream:75 - [STDERR_REDIRECT] 
2026-01-31 12:06:34,741 [ERROR] LogOutputStream:75 - [STDERR_REDIRECT] Jan 31, 2026 12:06:34 PM org.eclipse.lsp4j.jsonrpc.services.GenericEndpoint notify
2026-01-31 12:06:34,742 [ERROR] LogOutputStream:75 - [STDERR_REDIRECT] WARNING: Unsupported notification method: statusNotification
2026-01-31 12:06:34,742 [ERROR] LogOutputStream:75 - [STDERR_REDIRECT] 
2026-01-31 12:06:34,743 [ERROR] LogOutputStream:75 - [STDERR_REDIRECT] Jan 31, 2026 12:06:34 PM org.eclipse.lsp4j.jsonrpc.services.GenericEndpoint notify
2026-01-31 12:06:34,744 [ERROR] LogOutputStream:75 - [STDERR_REDIRECT] WARNING: Unsupported notification method: didChangeStatus
2026-01-31 12:06:34,744 [ERROR] LogOutputStream:75 - [STDERR_REDIRECT] 
2026-01-31 12:06:35,431 [ERROR] LogOutputStream:75 - [STDERR_REDIRECT] Jan 31, 2026 12:06:35 PM org.eclipse.lsp4j.jsonrpc.services.GenericEndpoint notify
2026-01-31 12:06:35,431 [ERROR] LogOutputStream:75 - [STDERR_REDIRECT] WARNING: Unsupported notification method: statusNotification
2026-01-31 12:06:35,431 [ERROR] LogOutputStream:75 - [STDERR_REDIRECT] 
2026-01-31 12:06:35,432 [ERROR] LogOutputStream:75 - [STDERR_REDIRECT] Jan 31, 2026 12:06:35 PM org.eclipse.lsp4j.jsonrpc.services.GenericEndpoint notify
2026-01-31 12:06:35,432 [ERROR] LogOutputStream:75 - [STDERR_REDIRECT] WARNING: Unsupported notification method: didChangeStatus
2026-01-31 12:06:35,432 [ERROR] LogOutputStream:75 - [STDERR_REDIRECT] 
2026-01-31 12:06:59,478 [ERROR] LogOutputStream:75 - [STDERR_REDIRECT] Jan 31, 2026 12:06:59 PM org.eclipse.lsp4j.jsonrpc.services.GenericEndpoint notify
2026-01-31 12:06:59,478 [ERROR] LogOutputStream:75 - [STDERR_REDIRECT] WARNING: Unsupported notification method: statusNotification
2026-01-31 12:06:59,478 [ERROR] LogOutputStream:75 - [STDERR_REDIRECT] 
2026-01-31 12:06:59,479 [ERROR] LogOutputStream:75 - [STDERR_REDIRECT] Jan 31, 2026 12:06:59 PM org.eclipse.lsp4j.jsonrpc.services.GenericEndpoint notify
2026-01-31 12:06:59,479 [ERROR] LogOutputStream:75 - [STDERR_REDIRECT] WARNING: Unsupported notification method: didChangeStatus
2026-01-31 12:06:59,479 [ERROR] LogOutputStream:75 - [STDERR_REDIRECT] 
2026-01-31 12:07:00,470 [ERROR] LogOutputStream:75 - [STDERR_REDIRECT] Jan 31, 2026 12:07:00 PM org.eclipse.lsp4j.jsonrpc.services.GenericEndpoint notify
2026-01-31 12:07:00,470 [ERROR] LogOutputStream:75 - [STDERR_REDIRECT] WARNING: Unsupported notification method: statusNotification
2026-01-31 12:07:00,470 [ERROR] LogOutputStream:75 - [STDERR_REDIRECT] 
2026-01-31 12:07:00,471 [ERROR] LogOutputStream:75 - [STDERR_REDIRECT] Jan 31, 2026 12:07:00 PM org.eclipse.lsp4j.jsonrpc.services.GenericEndpoint notify
2026-01-31 12:07:00,471 [ERROR] LogOutputStream:75 - [STDERR_REDIRECT] WARNING: Unsupported notification method: didChangeStatus
2026-01-31 12:07:00,471 [ERROR] LogOutputStream:75 - [STDERR_REDIRECT] 
2026-01-31 12:07:00,507 [ERROR] LogOutputStream:75 - [STDERR_REDIRECT] Jan 31, 2026 12:07:00 PM org.eclipse.lsp4j.jsonrpc.services.GenericEndpoint notify
2026-01-31 12:07:00,508 [ERROR] LogOutputStream:75 - [STDERR_REDIRECT] WARNING: Unsupported notification method: statusNotification
2026-01-31 12:07:00,508 [ERROR] LogOutputStream:75 - [STDERR_REDIRECT] 
2026-01-31 12:07:00,509 [ERROR] LogOutputStream:75 - [STDERR_REDIRECT] Jan 31, 2026 12:07:00 PM org.eclipse.lsp4j.jsonrpc.services.GenericEndpoint notify
2026-01-31 12:07:00,509 [ERROR] LogOutputStream:75 - [STDERR_REDIRECT] WARNING: Unsupported notification method: didChangeStatus
2026-01-31 12:07:00,509 [ERROR] LogOutputStream:75 - [STDERR_REDIRECT] 
2026-01-31 12:07:01,005 [ERROR] LogOutputStream:75 - [STDERR_REDIRECT] Jan 31, 2026 12:07:01 PM org.eclipse.lsp4j.jsonrpc.services.GenericEndpoint notify
2026-01-31 12:07:01,005 [ERROR] LogOutputStream:75 - [STDERR_REDIRECT] WARNING: Unsupported notification method: statusNotification
2026-01-31 12:07:01,006 [ERROR] LogOutputStream:75 - [STDERR_REDIRECT] 
2026-01-31 12:07:01,006 [ERROR] LogOutputStream:75 - [STDERR_REDIRECT] Jan 31, 2026 12:07:01 PM org.eclipse.lsp4j.jsonrpc.services.GenericEndpoint notify
2026-01-31 12:07:01,006 [ERROR] LogOutputStream:75 - [STDERR_REDIRECT] WARNING: Unsupported notification method: didChangeStatus
2026-01-31 12:07:01,007 [ERROR] LogOutputStream:75 - [STDERR_REDIRECT] 
2026-01-31 12:07:01,063 [ERROR] LogOutputStream:75 - [STDERR_REDIRECT] Jan 31, 2026 12:07:01 PM org.eclipse.lsp4j.jsonrpc.services.GenericEndpoint notify
2026-01-31 12:07:01,064 [ERROR] LogOutputStream:75 - [STDERR_REDIRECT] WARNING: Unsupported notification method: statusNotification
2026-01-31 12:07:01,064 [ERROR] LogOutputStream:75 - [STDERR_REDIRECT] 
2026-01-31 12:07:01,065 [ERROR] LogOutputStream:75 - [STDERR_REDIRECT] Jan 31, 2026 12:07:01 PM org.eclipse.lsp4j.jsonrpc.services.GenericEndpoint notify
2026-01-31 12:07:01,065 [ERROR] LogOutputStream:75 - [STDERR_REDIRECT] WARNING: Unsupported notification method: didChangeStatus
2026-01-31 12:07:01,065 [ERROR] LogOutputStream:75 - [STDERR_REDIRECT] 
2026-01-31 12:07:01,509 [ERROR] LogOutputStream:75 - [STDERR_REDIRECT] Jan 31, 2026 12:07:01 PM org.eclipse.lsp4j.jsonrpc.services.GenericEndpoint notify
2026-01-31 12:07:01,509 [ERROR] LogOutputStream:75 - [STDERR_REDIRECT] WARNING: Unsupported notification method: statusNotification
2026-01-31 12:07:01,509 [ERROR] LogOutputStream:75 - [STDERR_REDIRECT] 
2026-01-31 12:07:01,510 [ERROR] LogOutputStream:75 - [STDERR_REDIRECT] Jan 31, 2026 12:07:01 PM org.eclipse.lsp4j.jsonrpc.services.GenericEndpoint notify
2026-01-31 12:07:01,511 [ERROR] LogOutputStream:75 - [STDERR_REDIRECT] WARNING: Unsupported notification method: didChangeStatus
2026-01-31 12:07:01,511 [ERROR] LogOutputStream:75 - [STDERR_REDIRECT] 
2026-01-31 12:07:12,390 [ERROR] LogOutputStream:75 - [STDERR_REDIRECT] Jan 31, 2026 12:07:12 PM org.eclipse.lsp4j.jsonrpc.services.GenericEndpoint notify
2026-01-31 12:07:12,390 [ERROR] LogOutputStream:75 - [STDERR_REDIRECT] WARNING: Unsupported notification method: statusNotification
2026-01-31 12:07:12,391 [ERROR] LogOutputStream:75 - [STDERR_REDIRECT] 
2026-01-31 12:07:12,392 [ERROR] LogOutputStream:75 - [STDERR_REDIRECT] Jan 31, 2026 12:07:12 PM org.eclipse.lsp4j.jsonrpc.services.GenericEndpoint notify
2026-01-31 12:07:12,392 [ERROR] LogOutputStream:75 - [STDERR_REDIRECT] WARNING: Unsupported notification method: didChangeStatus
2026-01-31 12:07:12,392 [ERROR] LogOutputStream:75 - [STDERR_REDIRECT] 
2026-01-31 12:07:13,377 [ERROR] LogOutputStream:75 - [STDERR_REDIRECT] Jan 31, 2026 12:07:13 PM org.eclipse.lsp4j.jsonrpc.services.GenericEndpoint notify
2026-01-31 12:07:13,377 [ERROR] LogOutputStream:75 - [STDERR_REDIRECT] WARNING: Unsupported notification method: statusNotification
2026-01-31 12:07:13,377 [ERROR] LogOutputStream:75 - [STDERR_REDIRECT] 
2026-01-31 12:07:13,378 [ERROR] LogOutputStream:75 - [STDERR_REDIRECT] Jan 31, 2026 12:07:13 PM org.eclipse.lsp4j.jsonrpc.services.GenericEndpoint notify
2026-01-31 12:07:13,379 [ERROR] LogOutputStream:75 - [STDERR_REDIRECT] WARNING: Unsupported notification method: didChangeStatus
2026-01-31 12:07:13,379 [ERROR] LogOutputStream:75 - [STDERR_REDIRECT] 
2026-01-31 12:07:13,519 [ERROR] LogOutputStream:75 - [STDERR_REDIRECT] Jan 31, 2026 12:07:13 PM org.eclipse.lsp4j.jsonrpc.services.GenericEndpoint notify
2026-01-31 12:07:13,520 [ERROR] LogOutputStream:75 - [STDERR_REDIRECT] WARNING: Unsupported notification method: statusNotification
2026-01-31 12:07:13,520 [ERROR] LogOutputStream:75 - [STDERR_REDIRECT] 
2026-01-31 12:07:13,521 [ERROR] LogOutputStream:75 - [STDERR_REDIRECT] Jan 31, 2026 12:07:13 PM org.eclipse.lsp4j.jsonrpc.services.GenericEndpoint notify
2026-01-31 12:07:13,521 [ERROR] LogOutputStream:75 - [STDERR_REDIRECT] WARNING: Unsupported notification method: didChangeStatus
2026-01-31 12:07:13,521 [ERROR] LogOutputStream:75 - [STDERR_REDIRECT] 
2026-01-31 12:07:15,870 [ERROR] LogOutputStream:75 - [STDERR_REDIRECT] Jan 31, 2026 12:07:15 PM org.eclipse.lsp4j.jsonrpc.services.GenericEndpoint notify
2026-01-31 12:07:15,870 [ERROR] LogOutputStream:75 - [STDERR_REDIRECT] WARNING: Unsupported notification method: statusNotification
2026-01-31 12:07:15,870 [ERROR] LogOutputStream:75 - [STDERR_REDIRECT] 
2026-01-31 12:07:15,872 [ERROR] LogOutputStream:75 - [STDERR_REDIRECT] Jan 31, 2026 12:07:15 PM org.eclipse.lsp4j.jsonrpc.services.GenericEndpoint notify
2026-01-31 12:07:15,872 [ERROR] LogOutputStream:75 - [STDERR_REDIRECT] WARNING: Unsupported notification method: didChangeStatus
2026-01-31 12:07:15,872 [ERROR] LogOutputStream:75 - [STDERR_REDIRECT] 
2026-01-31 12:07:15,958 [ERROR] LogOutputStream:75 - [STDERR_REDIRECT] Jan 31, 2026 12:07:15 PM org.eclipse.lsp4j.jsonrpc.services.GenericEndpoint notify
2026-01-31 12:07:15,958 [ERROR] LogOutputStream:75 - [STDERR_REDIRECT] WARNING: Unsupported notification method: statusNotification
2026-01-31 12:07:15,958 [ERROR] LogOutputStream:75 - [STDERR_REDIRECT] 
2026-01-31 12:07:15,958 [ERROR] LogOutputStream:75 - [STDERR_REDIRECT] Jan 31, 2026 12:07:15 PM org.eclipse.lsp4j.jsonrpc.services.GenericEndpoint notify
2026-01-31 12:07:15,958 [ERROR] LogOutputStream:75 - [STDERR_REDIRECT] WARNING: Unsupported notification method: didChangeStatus
2026-01-31 12:07:15,958 [ERROR] LogOutputStream:75 - [STDERR_REDIRECT] 
2026-01-31 12:07:16,752 [ERROR] LogOutputStream:75 - [STDERR_REDIRECT] Jan 31, 2026 12:07:16 PM org.eclipse.lsp4j.jsonrpc.services.GenericEndpoint notify
2026-01-31 12:07:16,752 [ERROR] LogOutputStream:75 - [STDERR_REDIRECT] WARNING: Unsupported notification method: statusNotification
2026-01-31 12:07:16,753 [ERROR] LogOutputStream:75 - [STDERR_REDIRECT] 
2026-01-31 12:07:16,753 [ERROR] LogOutputStream:75 - [STDERR_REDIRECT] Jan 31, 2026 12:07:16 PM org.eclipse.lsp4j.jsonrpc.services.GenericEndpoint notify
2026-01-31 12:07:16,753 [ERROR] LogOutputStream:75 - [STDERR_REDIRECT] WARNING: Unsupported notification method: didChangeStatus
2026-01-31 12:07:16,753 [ERROR] LogOutputStream:75 - [STDERR_REDIRECT] 
2026-01-31 12:07:16,781 [ERROR] LogOutputStream:75 - [STDERR_REDIRECT] Jan 31, 2026 12:07:16 PM org.eclipse.lsp4j.jsonrpc.services.GenericEndpoint notify
2026-01-31 12:07:16,781 [ERROR] LogOutputStream:75 - [STDERR_REDIRECT] WARNING: Unsupported notification method: statusNotification
2026-01-31 12:07:16,781 [ERROR] LogOutputStream:75 - [STDERR_REDIRECT] 
2026-01-31 12:07:16,781 [ERROR] LogOutputStream:75 - [STDERR_REDIRECT] Jan 31, 2026 12:07:16 PM org.eclipse.lsp4j.jsonrpc.services.GenericEndpoint notify
2026-01-31 12:07:16,781 [ERROR] LogOutputStream:75 - [STDERR_REDIRECT] WARNING: Unsupported notification method: didChangeStatus
2026-01-31 12:07:16,781 [ERROR] LogOutputStream:75 - [STDERR_REDIRECT] 
2026-01-31 12:07:17,877 [ERROR] LogOutputStream:75 - [STDERR_REDIRECT] Jan 31, 2026 12:07:17 PM org.eclipse.lsp4j.jsonrpc.services.GenericEndpoint notify
2026-01-31 12:07:17,878 [ERROR] LogOutputStream:75 - [STDERR_REDIRECT] WARNING: Unsupported notification method: statusNotification
2026-01-31 12:07:17,878 [ERROR] LogOutputStream:75 - [STDERR_REDIRECT] 
2026-01-31 12:07:17,878 [ERROR] LogOutputStream:75 - [STDERR_REDIRECT] Jan 31, 2026 12:07:17 PM org.eclipse.lsp4j.jsonrpc.services.GenericEndpoint notify
2026-01-31 12:07:17,878 [ERROR] LogOutputStream:75 - [STDERR_REDIRECT] WARNING: Unsupported notification method: didChangeStatus
2026-01-31 12:07:17,878 [ERROR] LogOutputStream:75 - [STDERR_REDIRECT] 
2026-01-31 12:07:17,895 [ERROR] LogOutputStream:75 - [STDERR_REDIRECT] Jan 31, 2026 12:07:17 PM org.eclipse.lsp4j.jsonrpc.services.GenericEndpoint notify
2026-01-31 12:07:17,895 [ERROR] LogOutputStream:75 - [STDERR_REDIRECT] WARNING: Unsupported notification method: statusNotification
2026-01-31 12:07:17,895 [ERROR] LogOutputStream:75 - [STDERR_REDIRECT] 
2026-01-31 12:07:17,896 [ERROR] LogOutputStream:75 - [STDERR_REDIRECT] Jan 31, 2026 12:07:17 PM org.eclipse.lsp4j.jsonrpc.services.GenericEndpoint notify
2026-01-31 12:07:17,896 [ERROR] LogOutputStream:75 - [STDERR_REDIRECT] WARNING: Unsupported notification method: didChangeStatus
2026-01-31 12:07:17,896 [ERROR] LogOutputStream:75 - [STDERR_REDIRECT] 
2026-01-31 12:07:18,594 [ERROR] LogOutputStream:75 - [STDERR_REDIRECT] Jan 31, 2026 12:07:18 PM org.eclipse.lsp4j.jsonrpc.services.GenericEndpoint notify
2026-01-31 12:07:18,594 [ERROR] LogOutputStream:75 - [STDERR_REDIRECT] WARNING: Unsupported notification method: statusNotification
2026-01-31 12:07:18,595 [ERROR] LogOutputStream:75 - [STDERR_REDIRECT] 
2026-01-31 12:07:18,595 [ERROR] LogOutputStream:75 - [STDERR_REDIRECT] Jan 31, 2026 12:07:18 PM org.eclipse.lsp4j.jsonrpc.services.GenericEndpoint notify
2026-01-31 12:07:18,595 [ERROR] LogOutputStream:75 - [STDERR_REDIRECT] WARNING: Unsupported notification method: didChangeStatus
2026-01-31 12:07:18,595 [ERROR] LogOutputStream:75 - [STDERR_REDIRECT] 
2026-01-31 12:07:18,616 [ERROR] LogOutputStream:75 - [STDERR_REDIRECT] Jan 31, 2026 12:07:18 PM org.eclipse.lsp4j.jsonrpc.services.GenericEndpoint notify
2026-01-31 12:07:18,616 [ERROR] LogOutputStream:75 - [STDERR_REDIRECT] WARNING: Unsupported notification method: statusNotification
2026-01-31 12:07:18,616 [ERROR] LogOutputStream:75 - [STDERR_REDIRECT] 
2026-01-31 12:07:18,617 [ERROR] LogOutputStream:75 - [STDERR_REDIRECT] Jan 31, 2026 12:07:18 PM org.eclipse.lsp4j.jsonrpc.services.GenericEndpoint notify
2026-01-31 12:07:18,617 [ERROR] LogOutputStream:75 - [STDERR_REDIRECT] WARNING: Unsupported notification method: didChangeStatus
2026-01-31 12:07:18,617 [ERROR] LogOutputStream:75 - [STDERR_REDIRECT] 
2026-01-31 12:07:19,534 [ERROR] LogOutputStream:75 - [STDERR_REDIRECT] Jan 31, 2026 12:07:19 PM org.eclipse.lsp4j.jsonrpc.services.GenericEndpoint notify
2026-01-31 12:07:19,535 [ERROR] LogOutputStream:75 - [STDERR_REDIRECT] WARNING: Unsupported notification method: statusNotification
2026-01-31 12:07:19,535 [ERROR] LogOutputStream:75 - [STDERR_REDIRECT] 
2026-01-31 12:07:19,535 [ERROR] LogOutputStream:75 - [STDERR_REDIRECT] Jan 31, 2026 12:07:19 PM org.eclipse.lsp4j.jsonrpc.services.GenericEndpoint notify
2026-01-31 12:07:19,535 [ERROR] LogOutputStream:75 - [STDERR_REDIRECT] WARNING: Unsupported notification method: didChangeStatus
2026-01-31 12:07:19,536 [ERROR] LogOutputStream:75 - [STDERR_REDIRECT] 
2026-01-31 12:07:19,557 [ERROR] LogOutputStream:75 - [STDERR_REDIRECT] Jan 31, 2026 12:07:19 PM org.eclipse.lsp4j.jsonrpc.services.GenericEndpoint notify
2026-01-31 12:07:19,557 [ERROR] LogOutputStream:75 - [STDERR_REDIRECT] WARNING: Unsupported notification method: statusNotification
2026-01-31 12:07:19,557 [ERROR] LogOutputStream:75 - [STDERR_REDIRECT] 
2026-01-31 12:07:19,557 [ERROR] LogOutputStream:75 - [STDERR_REDIRECT] Jan 31, 2026 12:07:19 PM org.eclipse.lsp4j.jsonrpc.services.GenericEndpoint notify
2026-01-31 12:07:19,557 [ERROR] LogOutputStream:75 - [STDERR_REDIRECT] WARNING: Unsupported notification method: didChangeStatus
2026-01-31 12:07:19,557 [ERROR] LogOutputStream:75 - [STDERR_REDIRECT] 
2026-01-31 12:07:20,435 [ERROR] LogOutputStream:75 - [STDERR_REDIRECT] Jan 31, 2026 12:07:20 PM org.eclipse.lsp4j.jsonrpc.services.GenericEndpoint notify
2026-01-31 12:07:20,435 [ERROR] LogOutputStream:75 - [STDERR_REDIRECT] WARNING: Unsupported notification method: statusNotification
2026-01-31 12:07:20,435 [ERROR] LogOutputStream:75 - [STDERR_REDIRECT] 
2026-01-31 12:07:20,435 [ERROR] LogOutputStream:75 - [STDERR_REDIRECT] Jan 31, 2026 12:07:20 PM org.eclipse.lsp4j.jsonrpc.services.GenericEndpoint notify
2026-01-31 12:07:20,435 [ERROR] LogOutputStream:75 - [STDERR_REDIRECT] WARNING: Unsupported notification method: didChangeStatus
2026-01-31 12:07:20,435 [ERROR] LogOutputStream:75 - [STDERR_REDIRECT] 
2026-01-31 12:07:20,455 [ERROR] LogOutputStream:75 - [STDERR_REDIRECT] Jan 31, 2026 12:07:20 PM org.eclipse.lsp4j.jsonrpc.services.GenericEndpoint notify
2026-01-31 12:07:20,456 [ERROR] LogOutputStream:75 - [STDERR_REDIRECT] WARNING: Unsupported notification method: statusNotification
2026-01-31 12:07:20,456 [ERROR] LogOutputStream:75 - [STDERR_REDIRECT] 
2026-01-31 12:07:20,456 [ERROR] LogOutputStream:75 - [STDERR_REDIRECT] Jan 31, 2026 12:07:20 PM org.eclipse.lsp4j.jsonrpc.services.GenericEndpoint notify
2026-01-31 12:07:20,456 [ERROR] LogOutputStream:75 - [STDERR_REDIRECT] WARNING: Unsupported notification method: didChangeStatus
2026-01-31 12:07:20,456 [ERROR] LogOutputStream:75 - [STDERR_REDIRECT] 
2026-01-31 12:07:20,456 [ERROR] LogOutputStream:75 - [STDERR_REDIRECT] Jan 31, 2026 12:07:20 PM org.eclipse.lsp4j.jsonrpc.services.GenericEndpoint notify
2026-01-31 12:07:20,456 [ERROR] LogOutputStream:75 - [STDERR_REDIRECT] WARNING: Unsupported notification method: statusNotification
2026-01-31 12:07:20,456 [ERROR] LogOutputStream:75 - [STDERR_REDIRECT] 
2026-01-31 12:07:20,456 [ERROR] LogOutputStream:75 - [STDERR_REDIRECT] Jan 31, 2026 12:07:20 PM org.eclipse.lsp4j.jsonrpc.services.GenericEndpoint notify
2026-01-31 12:07:20,457 [ERROR] LogOutputStream:75 - [STDERR_REDIRECT] WARNING: Unsupported notification method: didChangeStatus
2026-01-31 12:07:20,457 [ERROR] LogOutputStream:75 - [STDERR_REDIRECT] 
2026-01-31 12:07:20,485 [ERROR] LogOutputStream:75 - [STDERR_REDIRECT] Jan 31, 2026 12:07:20 PM org.eclipse.lsp4j.jsonrpc.services.GenericEndpoint notify
2026-01-31 12:07:20,485 [ERROR] LogOutputStream:75 - [STDERR_REDIRECT] WARNING: Unsupported notification method: statusNotification
2026-01-31 12:07:20,485 [ERROR] LogOutputStream:75 - [STDERR_REDIRECT] 
2026-01-31 12:07:20,486 [ERROR] LogOutputStream:75 - [STDERR_REDIRECT] Jan 31, 2026 12:07:20 PM org.eclipse.lsp4j.jsonrpc.services.GenericEndpoint notify
2026-01-31 12:07:20,486 [ERROR] LogOutputStream:75 - [STDERR_REDIRECT] WARNING: Unsupported notification method: didChangeStatus
2026-01-31 12:07:20,486 [ERROR] LogOutputStream:75 - [STDERR_REDIRECT] 
2026-01-31 12:07:21,261 [ERROR] LogOutputStream:75 - [STDERR_REDIRECT] Jan 31, 2026 12:07:21 PM org.eclipse.lsp4j.jsonrpc.services.GenericEndpoint notify
2026-01-31 12:07:21,261 [ERROR] LogOutputStream:75 - [STDERR_REDIRECT] WARNING: Unsupported notification method: statusNotification
2026-01-31 12:07:21,261 [ERROR] LogOutputStream:75 - [STDERR_REDIRECT] 
2026-01-31 12:07:21,261 [ERROR] LogOutputStream:75 - [STDERR_REDIRECT] Jan 31, 2026 12:07:21 PM org.eclipse.lsp4j.jsonrpc.services.GenericEndpoint notify
2026-01-31 12:07:21,262 [ERROR] LogOutputStream:75 - [STDERR_REDIRECT] WARNING: Unsupported notification method: didChangeStatus
2026-01-31 12:07:21,262 [ERROR] LogOutputStream:75 - [STDERR_REDIRECT] 
2026-01-31 12:07:37,912 [ERROR] LogOutputStream:75 - [STDERR_REDIRECT] Jan 31, 2026 12:07:37 PM org.eclipse.lsp4j.jsonrpc.services.GenericEndpoint notify
2026-01-31 12:07:37,912 [ERROR] LogOutputStream:75 - [STDERR_REDIRECT] WARNING: Unsupported notification method: statusNotification
2026-01-31 12:07:37,912 [ERROR] LogOutputStream:75 - [STDERR_REDIRECT] 
2026-01-31 12:07:37,912 [ERROR] LogOutputStream:75 - [STDERR_REDIRECT] Jan 31, 2026 12:07:37 PM org.eclipse.lsp4j.jsonrpc.services.GenericEndpoint notify
2026-01-31 12:07:37,912 [ERROR] LogOutputStream:75 - [STDERR_REDIRECT] WARNING: Unsupported notification method: didChangeStatus
2026-01-31 12:07:37,912 [ERROR] LogOutputStream:75 - [STDERR_REDIRECT] 
2026-01-31 12:07:38,637 [ERROR] LogOutputStream:75 - [STDERR_REDIRECT] Jan 31, 2026 12:07:38 PM org.eclipse.lsp4j.jsonrpc.services.GenericEndpoint notify
2026-01-31 12:07:38,637 [ERROR] LogOutputStream:75 - [STDERR_REDIRECT] WARNING: Unsupported notification method: statusNotification
2026-01-31 12:07:38,638 [ERROR] LogOutputStream:75 - [STDERR_REDIRECT] 
2026-01-31 12:07:38,638 [ERROR] LogOutputStream:75 - [STDERR_REDIRECT] Jan 31, 2026 12:07:38 PM org.eclipse.lsp4j.jsonrpc.services.GenericEndpoint notify
2026-01-31 12:07:38,638 [ERROR] LogOutputStream:75 - [STDERR_REDIRECT] WARNING: Unsupported notification method: didChangeStatus
2026-01-31 12:07:38,638 [ERROR] LogOutputStream:75 - [STDERR_REDIRECT] 
2026-01-31 12:07:38,652 [ERROR] LogOutputStream:75 - [STDERR_REDIRECT] Jan 31, 2026 12:07:38 PM org.eclipse.lsp4j.jsonrpc.services.GenericEndpoint notify
2026-01-31 12:07:38,653 [ERROR] LogOutputStream:75 - [STDERR_REDIRECT] WARNING: Unsupported notification method: statusNotification
2026-01-31 12:07:38,653 [ERROR] LogOutputStream:75 - [STDERR_REDIRECT] 
2026-01-31 12:07:38,653 [ERROR] LogOutputStream:75 - [STDERR_REDIRECT] Jan 31, 2026 12:07:38 PM org.eclipse.lsp4j.jsonrpc.services.GenericEndpoint notify
2026-01-31 12:07:38,653 [ERROR] LogOutputStream:75 - [STDERR_REDIRECT] WARNING: Unsupported notification method: didChangeStatus
2026-01-31 12:07:38,653 [ERROR] LogOutputStream:75 - [STDERR_REDIRECT] 
2026-01-31 12:07:39,402 [ERROR] LogOutputStream:75 - [STDERR_REDIRECT] Jan 31, 2026 12:07:39 PM org.eclipse.lsp4j.jsonrpc.services.GenericEndpoint notify
2026-01-31 12:07:39,402 [ERROR] LogOutputStream:75 - [STDERR_REDIRECT] WARNING: Unsupported notification method: statusNotification
2026-01-31 12:07:39,403 [ERROR] LogOutputStream:75 - [STDERR_REDIRECT] 
2026-01-31 12:07:39,403 [ERROR] LogOutputStream:75 - [STDERR_REDIRECT] Jan 31, 2026 12:07:39 PM org.eclipse.lsp4j.jsonrpc.services.GenericEndpoint notify
2026-01-31 12:07:39,403 [ERROR] LogOutputStream:75 - [STDERR_REDIRECT] WARNING: Unsupported notification method: didChangeStatus
2026-01-31 12:07:39,404 [ERROR] LogOutputStream:75 - [STDERR_REDIRECT] 
2026-01-31 12:07:40,399 [ERROR] LogOutputStream:75 - [STDERR_REDIRECT] Jan 31, 2026 12:07:40 PM org.eclipse.lsp4j.jsonrpc.services.GenericEndpoint notify
2026-01-31 12:07:40,399 [ERROR] LogOutputStream:75 - [STDERR_REDIRECT] WARNING: Unsupported notification method: statusNotification
2026-01-31 12:07:40,399 [ERROR] LogOutputStream:75 - [STDERR_REDIRECT] 
2026-01-31 12:07:40,400 [ERROR] LogOutputStream:75 - [STDERR_REDIRECT] Jan 31, 2026 12:07:40 PM org.eclipse.lsp4j.jsonrpc.services.GenericEndpoint notify
2026-01-31 12:07:40,400 [ERROR] LogOutputStream:75 - [STDERR_REDIRECT] WARNING: Unsupported notification method: didChangeStatus
2026-01-31 12:07:40,400 [ERROR] LogOutputStream:75 - [STDERR_REDIRECT] 
2026-01-31 12:07:41,253 [ERROR] LogOutputStream:75 - [STDERR_REDIRECT] Jan 31, 2026 12:07:41 PM org.eclipse.lsp4j.jsonrpc.services.GenericEndpoint notify
2026-01-31 12:07:41,253 [ERROR] LogOutputStream:75 - [STDERR_REDIRECT] WARNING: Unsupported notification method: statusNotification
2026-01-31 12:07:41,254 [ERROR] LogOutputStream:75 - [STDERR_REDIRECT] 
2026-01-31 12:07:41,254 [ERROR] LogOutputStream:75 - [STDERR_REDIRECT] Jan 31, 2026 12:07:41 PM org.eclipse.lsp4j.jsonrpc.services.GenericEndpoint notify
2026-01-31 12:07:41,254 [ERROR] LogOutputStream:75 - [STDERR_REDIRECT] WARNING: Unsupported notification method: didChangeStatus
2026-01-31 12:07:41,254 [ERROR] LogOutputStream:75 - [STDERR_REDIRECT] 
2026-01-31 12:07:41,271 [ERROR] LogOutputStream:75 - [STDERR_REDIRECT] Jan 31, 2026 12:07:41 PM org.eclipse.lsp4j.jsonrpc.services.GenericEndpoint notify
2026-01-31 12:07:41,271 [ERROR] LogOutputStream:75 - [STDERR_REDIRECT] WARNING: Unsupported notification method: statusNotification
2026-01-31 12:07:41,271 [ERROR] LogOutputStream:75 - [STDERR_REDIRECT] 
2026-01-31 12:07:41,272 [ERROR] LogOutputStream:75 - [STDERR_REDIRECT] Jan 31, 2026 12:07:41 PM org.eclipse.lsp4j.jsonrpc.services.GenericEndpoint notify
2026-01-31 12:07:41,272 [ERROR] LogOutputStream:75 - [STDERR_REDIRECT] WARNING: Unsupported notification method: didChangeStatus
2026-01-31 12:07:41,272 [ERROR] LogOutputStream:75 - [STDERR_REDIRECT] 
2026-01-31 12:07:41,704 [ERROR] LogOutputStream:75 - [STDERR_REDIRECT] Jan 31, 2026 12:07:41 PM org.eclipse.lsp4j.jsonrpc.services.GenericEndpoint notify
2026-01-31 12:07:41,704 [ERROR] LogOutputStream:75 - [STDERR_REDIRECT] WARNING: Unsupported notification method: statusNotification
2026-01-31 12:07:41,704 [ERROR] LogOutputStream:75 - [STDERR_REDIRECT] 
2026-01-31 12:07:41,704 [ERROR] LogOutputStream:75 - [STDERR_REDIRECT] Jan 31, 2026 12:07:41 PM org.eclipse.lsp4j.jsonrpc.services.GenericEndpoint notify
2026-01-31 12:07:41,704 [ERROR] LogOutputStream:75 - [STDERR_REDIRECT] WARNING: Unsupported notification method: didChangeStatus
2026-01-31 12:07:41,704 [ERROR] LogOutputStream:75 - [STDERR_REDIRECT] 
2026-01-31 12:07:41,732 [ERROR] LogOutputStream:75 - [STDERR_REDIRECT] Jan 31, 2026 12:07:41 PM org.eclipse.lsp4j.jsonrpc.services.GenericEndpoint notify
2026-01-31 12:07:41,732 [ERROR] LogOutputStream:75 - [STDERR_REDIRECT] WARNING: Unsupported notification method: statusNotification
2026-01-31 12:07:41,732 [ERROR] LogOutputStream:75 - [STDERR_REDIRECT] 
2026-01-31 12:07:41,732 [ERROR] LogOutputStream:75 - [STDERR_REDIRECT] Jan 31, 2026 12:07:41 PM org.eclipse.lsp4j.jsonrpc.services.GenericEndpoint notify
2026-01-31 12:07:41,732 [ERROR] LogOutputStream:75 - [STDERR_REDIRECT] WARNING: Unsupported notification method: didChangeStatus
2026-01-31 12:07:41,732 [ERROR] LogOutputStream:75 - [STDERR_REDIRECT] 
2026-01-31 12:07:42,248 [ERROR] LogOutputStream:75 - [STDERR_REDIRECT] Jan 31, 2026 12:07:42 PM org.eclipse.lsp4j.jsonrpc.services.GenericEndpoint notify
2026-01-31 12:07:42,248 [ERROR] LogOutputStream:75 - [STDERR_REDIRECT] WARNING: Unsupported notification method: statusNotification
2026-01-31 12:07:42,248 [ERROR] LogOutputStream:75 - [STDERR_REDIRECT] 
2026-01-31 12:07:42,248 [ERROR] LogOutputStream:75 - [STDERR_REDIRECT] Jan 31, 2026 12:07:42 PM org.eclipse.lsp4j.jsonrpc.services.GenericEndpoint notify
2026-01-31 12:07:42,249 [ERROR] LogOutputStream:75 - [STDERR_REDIRECT] WARNING: Unsupported notification method: didChangeStatus
2026-01-31 12:07:42,249 [ERROR] LogOutputStream:75 - [STDERR_REDIRECT] 
2026-01-31 12:08:32,949 [ERROR] LogOutputStream:75 - [STDERR_REDIRECT] Jan 31, 2026 12:08:32 PM org.eclipse.lsp4j.jsonrpc.services.GenericEndpoint notify
2026-01-31 12:08:32,949 [ERROR] LogOutputStream:75 - [STDERR_REDIRECT] WARNING: Unsupported notification method: statusNotification
2026-01-31 12:08:32,949 [ERROR] LogOutputStream:75 - [STDERR_REDIRECT] 
2026-01-31 12:08:32,949 [ERROR] LogOutputStream:75 - [STDERR_REDIRECT] Jan 31, 2026 12:08:32 PM org.eclipse.lsp4j.jsonrpc.services.GenericEndpoint notify
2026-01-31 12:08:32,949 [ERROR] LogOutputStream:75 - [STDERR_REDIRECT] WARNING: Unsupported notification method: didChangeStatus
2026-01-31 12:08:32,949 [ERROR] LogOutputStream:75 - [STDERR_REDIRECT] 
2026-01-31 12:08:33,779 [ERROR] LogOutputStream:75 - [STDERR_REDIRECT] Jan 31, 2026 12:08:33 PM org.eclipse.lsp4j.jsonrpc.services.GenericEndpoint notify
2026-01-31 12:08:33,779 [ERROR] LogOutputStream:75 - [STDERR_REDIRECT] WARNING: Unsupported notification method: statusNotification
2026-01-31 12:08:33,779 [ERROR] LogOutputStream:75 - [STDERR_REDIRECT] 
2026-01-31 12:08:33,780 [ERROR] LogOutputStream:75 - [STDERR_REDIRECT] Jan 31, 2026 12:08:33 PM org.eclipse.lsp4j.jsonrpc.services.GenericEndpoint notify
2026-01-31 12:08:33,780 [ERROR] LogOutputStream:75 - [STDERR_REDIRECT] WARNING: Unsupported notification method: didChangeStatus
2026-01-31 12:08:33,780 [ERROR] LogOutputStream:75 - [STDERR_REDIRECT] 
2026-01-31 12:08:33,809 [ERROR] LogOutputStream:75 - [STDERR_REDIRECT] Jan 31, 2026 12:08:33 PM org.eclipse.lsp4j.jsonrpc.services.GenericEndpoint notify
2026-01-31 12:08:33,809 [ERROR] LogOutputStream:75 - [STDERR_REDIRECT] WARNING: Unsupported notification method: statusNotification
2026-01-31 12:08:33,809 [ERROR] LogOutputStream:75 - [STDERR_REDIRECT] 
2026-01-31 12:08:33,809 [ERROR] LogOutputStream:75 - [STDERR_REDIRECT] Jan 31, 2026 12:08:33 PM org.eclipse.lsp4j.jsonrpc.services.GenericEndpoint notify
2026-01-31 12:08:33,810 [ERROR] LogOutputStream:75 - [STDERR_REDIRECT] WARNING: Unsupported notification method: didChangeStatus
2026-01-31 12:08:33,810 [ERROR] LogOutputStream:75 - [STDERR_REDIRECT] 
2026-01-31 12:08:34,475 [ERROR] LogOutputStream:75 - [STDERR_REDIRECT] Jan 31, 2026 12:08:34 PM org.eclipse.lsp4j.jsonrpc.services.GenericEndpoint notify
2026-01-31 12:08:34,475 [ERROR] LogOutputStream:75 - [STDERR_REDIRECT] WARNING: Unsupported notification method: statusNotification
2026-01-31 12:08:34,475 [ERROR] LogOutputStream:75 - [STDERR_REDIRECT] 
2026-01-31 12:08:34,475 [ERROR] LogOutputStream:75 - [STDERR_REDIRECT] Jan 31, 2026 12:08:34 PM org.eclipse.lsp4j.jsonrpc.services.GenericEndpoint notify
2026-01-31 12:08:34,475 [ERROR] LogOutputStream:75 - [STDERR_REDIRECT] WARNING: Unsupported notification method: didChangeStatus
2026-01-31 12:08:34,475 [ERROR] LogOutputStream:75 - [STDERR_REDIRECT] 
2026-01-31 12:08:34,875 [ERROR] LogOutputStream:75 - [STDERR_REDIRECT] Jan 31, 2026 12:08:34 PM org.eclipse.lsp4j.jsonrpc.services.GenericEndpoint notify
2026-01-31 12:08:34,876 [ERROR] LogOutputStream:75 - [STDERR_REDIRECT] WARNING: Unsupported notification method: statusNotification
2026-01-31 12:08:34,876 [ERROR] LogOutputStream:75 - [STDERR_REDIRECT] 
2026-01-31 12:08:34,876 [ERROR] LogOutputStream:75 - [STDERR_REDIRECT] Jan 31, 2026 12:08:34 PM org.eclipse.lsp4j.jsonrpc.services.GenericEndpoint notify
2026-01-31 12:08:34,877 [ERROR] LogOutputStream:75 - [STDERR_REDIRECT] WARNING: Unsupported notification method: didChangeStatus
2026-01-31 12:08:34,877 [ERROR] LogOutputStream:75 - [STDERR_REDIRECT] 
2026-01-31 12:08:34,877 [ERROR] LogOutputStream:75 - [STDERR_REDIRECT] Jan 31, 2026 12:08:34 PM org.eclipse.lsp4j.jsonrpc.services.GenericEndpoint notify
2026-01-31 12:08:34,877 [ERROR] LogOutputStream:75 - [STDERR_REDIRECT] WARNING: Unsupported notification method: statusNotification
2026-01-31 12:08:34,877 [ERROR] LogOutputStream:75 - [STDERR_REDIRECT] 
2026-01-31 12:08:34,877 [ERROR] LogOutputStream:75 - [STDERR_REDIRECT] Jan 31, 2026 12:08:34 PM org.eclipse.lsp4j.jsonrpc.services.GenericEndpoint notify
2026-01-31 12:08:34,877 [ERROR] LogOutputStream:75 - [STDERR_REDIRECT] WARNING: Unsupported notification method: didChangeStatus
2026-01-31 12:08:34,877 [ERROR] LogOutputStream:75 - [STDERR_REDIRECT] 
2026-01-31 12:08:35,153 [ERROR] LogOutputStream:75 - [STDERR_REDIRECT] Jan 31, 2026 12:08:35 PM org.eclipse.lsp4j.jsonrpc.services.GenericEndpoint notify
2026-01-31 12:08:35,153 [ERROR] LogOutputStream:75 - [STDERR_REDIRECT] WARNING: Unsupported notification method: statusNotification
2026-01-31 12:08:35,153 [ERROR] LogOutputStream:75 - [STDERR_REDIRECT] 
2026-01-31 12:08:35,154 [ERROR] LogOutputStream:75 - [STDERR_REDIRECT] Jan 31, 2026 12:08:35 PM org.eclipse.lsp4j.jsonrpc.services.GenericEndpoint notify
2026-01-31 12:08:35,154 [ERROR] LogOutputStream:75 - [STDERR_REDIRECT] WARNING: Unsupported notification method: didChangeStatus
2026-01-31 12:08:35,154 [ERROR] LogOutputStream:75 - [STDERR_REDIRECT] 
2026-01-31 12:08:35,154 [ERROR] LogOutputStream:75 - [STDERR_REDIRECT] Jan 31, 2026 12:08:35 PM org.eclipse.lsp4j.jsonrpc.services.GenericEndpoint notify
2026-01-31 12:08:35,154 [ERROR] LogOutputStream:75 - [STDERR_REDIRECT] WARNING: Unsupported notification method: statusNotification
2026-01-31 12:08:35,154 [ERROR] LogOutputStream:75 - [STDERR_REDIRECT] 
2026-01-31 12:08:35,154 [ERROR] LogOutputStream:75 - [STDERR_REDIRECT] Jan 31, 2026 12:08:35 PM org.eclipse.lsp4j.jsonrpc.services.GenericEndpoint notify
2026-01-31 12:08:35,154 [ERROR] LogOutputStream:75 - [STDERR_REDIRECT] WARNING: Unsupported notification method: didChangeStatus
2026-01-31 12:08:35,154 [ERROR] LogOutputStream:75 - [STDERR_REDIRECT] 
2026-01-31 12:08:35,538 [ERROR] LogOutputStream:75 - [STDERR_REDIRECT] Jan 31, 2026 12:08:35 PM org.eclipse.lsp4j.jsonrpc.services.GenericEndpoint notify
2026-01-31 12:08:35,538 [ERROR] LogOutputStream:75 - [STDERR_REDIRECT] WARNING: Unsupported notification method: statusNotification
2026-01-31 12:08:35,538 [ERROR] LogOutputStream:75 - [STDERR_REDIRECT] 
2026-01-31 12:08:35,538 [ERROR] LogOutputStream:75 - [STDERR_REDIRECT] Jan 31, 2026 12:08:35 PM org.eclipse.lsp4j.jsonrpc.services.GenericEndpoint notify
2026-01-31 12:08:35,538 [ERROR] LogOutputStream:75 - [STDERR_REDIRECT] WARNING: Unsupported notification method: didChangeStatus
2026-01-31 12:08:35,538 [ERROR] LogOutputStream:75 - [STDERR_REDIRECT] 
2026-01-31 12:08:35,539 [ERROR] LogOutputStream:75 - [STDERR_REDIRECT] Jan 31, 2026 12:08:35 PM org.eclipse.lsp4j.jsonrpc.services.GenericEndpoint notify
2026-01-31 12:08:35,539 [ERROR] LogOutputStream:75 - [STDERR_REDIRECT] WARNING: Unsupported notification method: statusNotification
2026-01-31 12:08:35,539 [ERROR] LogOutputStream:75 - [STDERR_REDIRECT] 
2026-01-31 12:08:35,539 [ERROR] LogOutputStream:75 - [STDERR_REDIRECT] Jan 31, 2026 12:08:35 PM org.eclipse.lsp4j.jsonrpc.services.GenericEndpoint notify
2026-01-31 12:08:35,539 [ERROR] LogOutputStream:75 - [STDERR_REDIRECT] WARNING: Unsupported notification method: didChangeStatus
2026-01-31 12:08:35,539 [ERROR] LogOutputStream:75 - [STDERR_REDIRECT] 
2026-01-31 12:08:35,786 [ERROR] LogOutputStream:75 - [STDERR_REDIRECT] Jan 31, 2026 12:08:35 PM org.eclipse.lsp4j.jsonrpc.services.GenericEndpoint notify
2026-01-31 12:08:35,786 [ERROR] LogOutputStream:75 - [STDERR_REDIRECT] WARNING: Unsupported notification method: statusNotification
2026-01-31 12:08:35,786 [ERROR] LogOutputStream:75 - [STDERR_REDIRECT] 
2026-01-31 12:08:35,786 [ERROR] LogOutputStream:75 - [STDERR_REDIRECT] Jan 31, 2026 12:08:35 PM org.eclipse.lsp4j.jsonrpc.services.GenericEndpoint notify
2026-01-31 12:08:35,786 [ERROR] LogOutputStream:75 - [STDERR_REDIRECT] WARNING: Unsupported notification method: didChangeStatus
2026-01-31 12:08:35,786 [ERROR] LogOutputStream:75 - [STDERR_REDIRECT] 
2026-01-31 12:08:36,511 [ERROR] LogOutputStream:75 - [STDERR_REDIRECT] Jan 31, 2026 12:08:36 PM org.eclipse.lsp4j.jsonrpc.services.GenericEndpoint notify
2026-01-31 12:08:36,511 [ERROR] LogOutputStream:75 - [STDERR_REDIRECT] WARNING: Unsupported notification method: statusNotification
2026-01-31 12:08:36,512 [ERROR] LogOutputStream:75 - [STDERR_REDIRECT] 
2026-01-31 12:08:36,512 [ERROR] LogOutputStream:75 - [STDERR_REDIRECT] Jan 31, 2026 12:08:36 PM org.eclipse.lsp4j.jsonrpc.services.GenericEndpoint notify
2026-01-31 12:08:36,512 [ERROR] LogOutputStream:75 - [STDERR_REDIRECT] WARNING: Unsupported notification method: didChangeStatus
2026-01-31 12:08:36,512 [ERROR] LogOutputStream:75 - [STDERR_REDIRECT] 
2026-01-31 12:08:36,556 [ERROR] LogOutputStream:75 - [STDERR_REDIRECT] Jan 31, 2026 12:08:36 PM org.eclipse.lsp4j.jsonrpc.services.GenericEndpoint notify
2026-01-31 12:08:36,556 [ERROR] LogOutputStream:75 - [STDERR_REDIRECT] WARNING: Unsupported notification method: statusNotification
2026-01-31 12:08:36,557 [ERROR] LogOutputStream:75 - [STDERR_REDIRECT] 
2026-01-31 12:08:36,557 [ERROR] LogOutputStream:75 - [STDERR_REDIRECT] Jan 31, 2026 12:08:36 PM org.eclipse.lsp4j.jsonrpc.services.GenericEndpoint notify
2026-01-31 12:08:36,557 [ERROR] LogOutputStream:75 - [STDERR_REDIRECT] WARNING: Unsupported notification method: didChangeStatus
2026-01-31 12:08:36,557 [ERROR] LogOutputStream:75 - [STDERR_REDIRECT] 
2026-01-31 12:08:37,288 [ERROR] LogOutputStream:75 - [STDERR_REDIRECT] Jan 31, 2026 12:08:37 PM org.eclipse.lsp4j.jsonrpc.services.GenericEndpoint notify
2026-01-31 12:08:37,288 [ERROR] LogOutputStream:75 - [STDERR_REDIRECT] WARNING: Unsupported notification method: statusNotification
2026-01-31 12:08:37,288 [ERROR] LogOutputStream:75 - [STDERR_REDIRECT] 
2026-01-31 12:08:37,289 [ERROR] LogOutputStream:75 - [STDERR_REDIRECT] Jan 31, 2026 12:08:37 PM org.eclipse.lsp4j.jsonrpc.services.GenericEndpoint notify
2026-01-31 12:08:37,289 [ERROR] LogOutputStream:75 - [STDERR_REDIRECT] WARNING: Unsupported notification method: didChangeStatus
2026-01-31 12:08:37,289 [ERROR] LogOutputStream:75 - [STDERR_REDIRECT] 
2026-01-31 12:08:37,371 [ERROR] LogOutputStream:75 - [STDERR_REDIRECT] Jan 31, 2026 12:08:37 PM org.eclipse.lsp4j.jsonrpc.services.GenericEndpoint notify
2026-01-31 12:08:37,371 [ERROR] LogOutputStream:75 - [STDERR_REDIRECT] WARNING: Unsupported notification method: statusNotification
2026-01-31 12:08:37,371 [ERROR] LogOutputStream:75 - [STDERR_REDIRECT] 
2026-01-31 12:08:37,371 [ERROR] LogOutputStream:75 - [STDERR_REDIRECT] Jan 31, 2026 12:08:37 PM org.eclipse.lsp4j.jsonrpc.services.GenericEndpoint notify
2026-01-31 12:08:37,371 [ERROR] LogOutputStream:75 - [STDERR_REDIRECT] WARNING: Unsupported notification method: didChangeStatus
2026-01-31 12:08:37,371 [ERROR] LogOutputStream:75 - [STDERR_REDIRECT] 
2026-01-31 12:08:37,371 [ERROR] LogOutputStream:75 - [STDERR_REDIRECT] Jan 31, 2026 12:08:37 PM org.eclipse.lsp4j.jsonrpc.services.GenericEndpoint notify
2026-01-31 12:08:37,371 [ERROR] LogOutputStream:75 - [STDERR_REDIRECT] WARNING: Unsupported notification method: statusNotification
2026-01-31 12:08:37,371 [ERROR] LogOutputStream:75 - [STDERR_REDIRECT] 
2026-01-31 12:08:37,371 [ERROR] LogOutputStream:75 - [STDERR_REDIRECT] Jan 31, 2026 12:08:37 PM org.eclipse.lsp4j.jsonrpc.services.GenericEndpoint notify
2026-01-31 12:08:37,371 [ERROR] LogOutputStream:75 - [STDERR_REDIRECT] WARNING: Unsupported notification method: didChangeStatus
2026-01-31 12:08:37,371 [ERROR] LogOutputStream:75 - [STDERR_REDIRECT] 
2026-01-31 12:08:37,388 [ERROR] LogOutputStream:75 - [STDERR_REDIRECT] Jan 31, 2026 12:08:37 PM org.eclipse.lsp4j.jsonrpc.services.GenericEndpoint notify
2026-01-31 12:08:37,389 [ERROR] LogOutputStream:75 - [STDERR_REDIRECT] WARNING: Unsupported notification method: statusNotification
2026-01-31 12:08:37,389 [ERROR] LogOutputStream:75 - [STDERR_REDIRECT] 
2026-01-31 12:08:37,389 [ERROR] LogOutputStream:75 - [STDERR_REDIRECT] Jan 31, 2026 12:08:37 PM org.eclipse.lsp4j.jsonrpc.services.GenericEndpoint notify
2026-01-31 12:08:37,389 [ERROR] LogOutputStream:75 - [STDERR_REDIRECT] WARNING: Unsupported notification method: didChangeStatus
2026-01-31 12:08:37,389 [ERROR] LogOutputStream:75 - [STDERR_REDIRECT] 
2026-01-31 12:08:37,389 [ERROR] LogOutputStream:75 - [STDERR_REDIRECT] Jan 31, 2026 12:08:37 PM org.eclipse.lsp4j.jsonrpc.services.GenericEndpoint notify
2026-01-31 12:08:37,389 [ERROR] LogOutputStream:75 - [STDERR_REDIRECT] WARNING: Unsupported notification method: statusNotification
2026-01-31 12:08:37,389 [ERROR] LogOutputStream:75 - [STDERR_REDIRECT] 
2026-01-31 12:08:37,389 [ERROR] LogOutputStream:75 - [STDERR_REDIRECT] Jan 31, 2026 12:08:37 PM org.eclipse.lsp4j.jsonrpc.services.GenericEndpoint notify
2026-01-31 12:08:37,389 [ERROR] LogOutputStream:75 - [STDERR_REDIRECT] WARNING: Unsupported notification method: didChangeStatus
2026-01-31 12:08:37,389 [ERROR] LogOutputStream:75 - [STDERR_REDIRECT] 
2026-01-31 12:08:38,109 [ERROR] LogOutputStream:75 - [STDERR_REDIRECT] Jan 31, 2026 12:08:38 PM org.eclipse.lsp4j.jsonrpc.services.GenericEndpoint notify
2026-01-31 12:08:38,109 [ERROR] LogOutputStream:75 - [STDERR_REDIRECT] WARNING: Unsupported notification method: statusNotification
2026-01-31 12:08:38,109 [ERROR] LogOutputStream:75 - [STDERR_REDIRECT] 
2026-01-31 12:08:38,109 [ERROR] LogOutputStream:75 - [STDERR_REDIRECT] Jan 31, 2026 12:08:38 PM org.eclipse.lsp4j.jsonrpc.services.GenericEndpoint notify
2026-01-31 12:08:38,109 [ERROR] LogOutputStream:75 - [STDERR_REDIRECT] WARNING: Unsupported notification method: didChangeStatus
2026-01-31 12:08:38,109 [ERROR] LogOutputStream:75 - [STDERR_REDIRECT] 
2026-01-31 12:08:38,109 [ERROR] LogOutputStream:75 - [STDERR_REDIRECT] Jan 31, 2026 12:08:38 PM org.eclipse.lsp4j.jsonrpc.services.GenericEndpoint notify
2026-01-31 12:08:38,109 [ERROR] LogOutputStream:75 - [STDERR_REDIRECT] WARNING: Unsupported notification method: statusNotification
2026-01-31 12:08:38,109 [ERROR] LogOutputStream:75 - [STDERR_REDIRECT] 
2026-01-31 12:08:38,110 [ERROR] LogOutputStream:75 - [STDERR_REDIRECT] Jan 31, 2026 12:08:38 PM org.eclipse.lsp4j.jsonrpc.services.GenericEndpoint notify
2026-01-31 12:08:38,110 [ERROR] LogOutputStream:75 - [STDERR_REDIRECT] WARNING: Unsupported notification method: didChangeStatus
2026-01-31 12:08:38,110 [ERROR] LogOutputStream:75 - [STDERR_REDIRECT] 
2026-01-31 12:08:38,583 [ERROR] LogOutputStream:75 - [STDERR_REDIRECT] Jan 31, 2026 12:08:38 PM org.eclipse.lsp4j.jsonrpc.services.GenericEndpoint notify
2026-01-31 12:08:38,583 [ERROR] LogOutputStream:75 - [STDERR_REDIRECT] WARNING: Unsupported notification method: statusNotification
2026-01-31 12:08:38,583 [ERROR] LogOutputStream:75 - [STDERR_REDIRECT] 
2026-01-31 12:08:38,583 [ERROR] LogOutputStream:75 - [STDERR_REDIRECT] Jan 31, 2026 12:08:38 PM org.eclipse.lsp4j.jsonrpc.services.GenericEndpoint notify
2026-01-31 12:08:38,583 [ERROR] LogOutputStream:75 - [STDERR_REDIRECT] WARNING: Unsupported notification method: didChangeStatus
2026-01-31 12:08:38,583 [ERROR] LogOutputStream:75 - [STDERR_REDIRECT] 
2026-01-31 12:08:38,584 [ERROR] LogOutputStream:75 - [STDERR_REDIRECT] Jan 31, 2026 12:08:38 PM org.eclipse.lsp4j.jsonrpc.services.GenericEndpoint notify
2026-01-31 12:08:38,584 [ERROR] LogOutputStream:75 - [STDERR_REDIRECT] WARNING: Unsupported notification method: statusNotification
2026-01-31 12:08:38,584 [ERROR] LogOutputStream:75 - [STDERR_REDIRECT] 
2026-01-31 12:08:38,584 [ERROR] LogOutputStream:75 - [STDERR_REDIRECT] Jan 31, 2026 12:08:38 PM org.eclipse.lsp4j.jsonrpc.services.GenericEndpoint notify
2026-01-31 12:08:38,584 [ERROR] LogOutputStream:75 - [STDERR_REDIRECT] WARNING: Unsupported notification method: didChangeStatus
2026-01-31 12:08:38,584 [ERROR] LogOutputStream:75 - [STDERR_REDIRECT] 
2026-01-31 12:08:48,338 [ERROR] LogOutputStream:75 - [STDERR_REDIRECT] Jan 31, 2026 12:08:48 PM org.eclipse.lsp4j.jsonrpc.services.GenericEndpoint notify
2026-01-31 12:08:48,338 [ERROR] LogOutputStream:75 - [STDERR_REDIRECT] WARNING: Unsupported notification method: statusNotification
2026-01-31 12:08:48,338 [ERROR] LogOutputStream:75 - [STDERR_REDIRECT] 
2026-01-31 12:08:48,339 [ERROR] LogOutputStream:75 - [STDERR_REDIRECT] Jan 31, 2026 12:08:48 PM org.eclipse.lsp4j.jsonrpc.services.GenericEndpoint notify
2026-01-31 12:08:48,339 [ERROR] LogOutputStream:75 - [STDERR_REDIRECT] WARNING: Unsupported notification method: didChangeStatus
2026-01-31 12:08:48,339 [ERROR] LogOutputStream:75 - [STDERR_REDIRECT] 
2026-01-31 12:08:49,226 [ERROR] LogOutputStream:75 - [STDERR_REDIRECT] Jan 31, 2026 12:08:49 PM org.eclipse.lsp4j.jsonrpc.services.GenericEndpoint notify
2026-01-31 12:08:49,226 [ERROR] LogOutputStream:75 - [STDERR_REDIRECT] WARNING: Unsupported notification method: statusNotification
2026-01-31 12:08:49,226 [ERROR] LogOutputStream:75 - [STDERR_REDIRECT] 
2026-01-31 12:08:49,227 [ERROR] LogOutputStream:75 - [STDERR_REDIRECT] Jan 31, 2026 12:08:49 PM org.eclipse.lsp4j.jsonrpc.services.GenericEndpoint notify
2026-01-31 12:08:49,227 [ERROR] LogOutputStream:75 - [STDERR_REDIRECT] WARNING: Unsupported notification method: didChangeStatus
2026-01-31 12:08:49,227 [ERROR] LogOutputStream:75 - [STDERR_REDIRECT] 
2026-01-31 12:08:49,296 [ERROR] LogOutputStream:75 - [STDERR_REDIRECT] Jan 31, 2026 12:08:49 PM org.eclipse.lsp4j.jsonrpc.services.GenericEndpoint notify
2026-01-31 12:08:49,296 [ERROR] LogOutputStream:75 - [STDERR_REDIRECT] WARNING: Unsupported notification method: statusNotification
2026-01-31 12:08:49,296 [ERROR] LogOutputStream:75 - [STDERR_REDIRECT] 
2026-01-31 12:08:49,297 [ERROR] LogOutputStream:75 - [STDERR_REDIRECT] Jan 31, 2026 12:08:49 PM org.eclipse.lsp4j.jsonrpc.services.GenericEndpoint notify
2026-01-31 12:08:49,297 [ERROR] LogOutputStream:75 - [STDERR_REDIRECT] WARNING: Unsupported notification method: didChangeStatus
2026-01-31 12:08:49,297 [ERROR] LogOutputStream:75 - [STDERR_REDIRECT] 
2026-01-31 12:08:49,942 [ERROR] LogOutputStream:75 - [STDERR_REDIRECT] Jan 31, 2026 12:08:49 PM org.eclipse.lsp4j.jsonrpc.services.GenericEndpoint notify
2026-01-31 12:08:49,942 [ERROR] LogOutputStream:75 - [STDERR_REDIRECT] WARNING: Unsupported notification method: statusNotification
2026-01-31 12:08:49,943 [ERROR] LogOutputStream:75 - [STDERR_REDIRECT] 
2026-01-31 12:08:49,943 [ERROR] LogOutputStream:75 - [STDERR_REDIRECT] Jan 31, 2026 12:08:49 PM org.eclipse.lsp4j.jsonrpc.services.GenericEndpoint notify
2026-01-31 12:08:49,943 [ERROR] LogOutputStream:75 - [STDERR_REDIRECT] WARNING: Unsupported notification method: didChangeStatus
2026-01-31 12:08:49,943 [ERROR] LogOutputStream:75 - [STDERR_REDIRECT] 
2026-01-31 12:08:49,994 [ERROR] LogOutputStream:75 - [STDERR_REDIRECT] Jan 31, 2026 12:08:49 PM org.eclipse.lsp4j.jsonrpc.services.GenericEndpoint notify
2026-01-31 12:08:49,994 [ERROR] LogOutputStream:75 - [STDERR_REDIRECT] WARNING: Unsupported notification method: statusNotification
2026-01-31 12:08:49,994 [ERROR] LogOutputStream:75 - [STDERR_REDIRECT] 
2026-01-31 12:08:49,995 [ERROR] LogOutputStream:75 - [STDERR_REDIRECT] Jan 31, 2026 12:08:49 PM org.eclipse.lsp4j.jsonrpc.services.GenericEndpoint notify
2026-01-31 12:08:49,995 [ERROR] LogOutputStream:75 - [STDERR_REDIRECT] WARNING: Unsupported notification method: didChangeStatus
2026-01-31 12:08:49,995 [ERROR] LogOutputStream:75 - [STDERR_REDIRECT] 
2026-01-31 12:08:50,375 [ERROR] LogOutputStream:75 - [STDERR_REDIRECT] Jan 31, 2026 12:08:50 PM org.eclipse.lsp4j.jsonrpc.services.GenericEndpoint notify
2026-01-31 12:08:50,376 [ERROR] LogOutputStream:75 - [STDERR_REDIRECT] WARNING: Unsupported notification method: statusNotification
2026-01-31 12:08:50,376 [ERROR] LogOutputStream:75 - [STDERR_REDIRECT] 
2026-01-31 12:08:50,376 [ERROR] LogOutputStream:75 - [STDERR_REDIRECT] Jan 31, 2026 12:08:50 PM org.eclipse.lsp4j.jsonrpc.services.GenericEndpoint notify
2026-01-31 12:08:50,376 [ERROR] LogOutputStream:75 - [STDERR_REDIRECT] WARNING: Unsupported notification method: didChangeStatus
2026-01-31 12:08:50,377 [ERROR] LogOutputStream:75 - [STDERR_REDIRECT] 
2026-01-31 12:08:52,466 [ERROR] LogOutputStream:75 - [STDERR_REDIRECT] Jan 31, 2026 12:08:52 PM org.eclipse.lsp4j.jsonrpc.services.GenericEndpoint notify
2026-01-31 12:08:52,466 [ERROR] LogOutputStream:75 - [STDERR_REDIRECT] WARNING: Unsupported notification method: statusNotification
2026-01-31 12:08:52,466 [ERROR] LogOutputStream:75 - [STDERR_REDIRECT] 
2026-01-31 12:08:52,467 [ERROR] LogOutputStream:75 - [STDERR_REDIRECT] Jan 31, 2026 12:08:52 PM org.eclipse.lsp4j.jsonrpc.services.GenericEndpoint notify
2026-01-31 12:08:52,467 [ERROR] LogOutputStream:75 - [STDERR_REDIRECT] WARNING: Unsupported notification method: didChangeStatus
2026-01-31 12:08:52,467 [ERROR] LogOutputStream:75 - [STDERR_REDIRECT] 
2026-01-31 12:08:53,113 [ERROR] LogOutputStream:75 - [STDERR_REDIRECT] Jan 31, 2026 12:08:53 PM org.eclipse.lsp4j.jsonrpc.services.GenericEndpoint notify
2026-01-31 12:08:53,114 [ERROR] LogOutputStream:75 - [STDERR_REDIRECT] WARNING: Unsupported notification method: statusNotification
2026-01-31 12:08:53,114 [ERROR] LogOutputStream:75 - [STDERR_REDIRECT] 
2026-01-31 12:08:53,114 [ERROR] LogOutputStream:75 - [STDERR_REDIRECT] Jan 31, 2026 12:08:53 PM org.eclipse.lsp4j.jsonrpc.services.GenericEndpoint notify
2026-01-31 12:08:53,114 [ERROR] LogOutputStream:75 - [STDERR_REDIRECT] WARNING: Unsupported notification method: didChangeStatus
2026-01-31 12:08:53,114 [ERROR] LogOutputStream:75 - [STDERR_REDIRECT] 
2026-01-31 12:08:53,157 [ERROR] LogOutputStream:75 - [STDERR_REDIRECT] Jan 31, 2026 12:08:53 PM org.eclipse.lsp4j.jsonrpc.services.GenericEndpoint notify
2026-01-31 12:08:53,158 [ERROR] LogOutputStream:75 - [STDERR_REDIRECT] WARNING: Unsupported notification method: statusNotification
2026-01-31 12:08:53,158 [ERROR] LogOutputStream:75 - [STDERR_REDIRECT] 
2026-01-31 12:08:53,158 [ERROR] LogOutputStream:75 - [STDERR_REDIRECT] Jan 31, 2026 12:08:53 PM org.eclipse.lsp4j.jsonrpc.services.GenericEndpoint notify
2026-01-31 12:08:53,158 [ERROR] LogOutputStream:75 - [STDERR_REDIRECT] WARNING: Unsupported notification method: didChangeStatus
2026-01-31 12:08:53,158 [ERROR] LogOutputStream:75 - [STDERR_REDIRECT] 
2026-01-31 12:08:53,564 [ERROR] LogOutputStream:75 - [STDERR_REDIRECT] Jan 31, 2026 12:08:53 PM org.eclipse.lsp4j.jsonrpc.services.GenericEndpoint notify
2026-01-31 12:08:53,565 [ERROR] LogOutputStream:75 - [STDERR_REDIRECT] WARNING: Unsupported notification method: statusNotification
2026-01-31 12:08:53,565 [ERROR] LogOutputStream:75 - [STDERR_REDIRECT] 
2026-01-31 12:08:53,565 [ERROR] LogOutputStream:75 - [STDERR_REDIRECT] Jan 31, 2026 12:08:53 PM org.eclipse.lsp4j.jsonrpc.services.GenericEndpoint notify
2026-01-31 12:08:53,566 [ERROR] LogOutputStream:75 - [STDERR_REDIRECT] WARNING: Unsupported notification method: didChangeStatus
2026-01-31 12:08:53,566 [ERROR] LogOutputStream:75 - [STDERR_REDIRECT] 
2026-01-31 12:08:53,704 [ERROR] LogOutputStream:75 - [STDERR_REDIRECT] Jan 31, 2026 12:08:53 PM org.eclipse.lsp4j.jsonrpc.services.GenericEndpoint notify
2026-01-31 12:08:53,704 [ERROR] LogOutputStream:75 - [STDERR_REDIRECT] WARNING: Unsupported notification method: statusNotification
2026-01-31 12:08:53,704 [ERROR] LogOutputStream:75 - [STDERR_REDIRECT] 
2026-01-31 12:08:53,704 [ERROR] LogOutputStream:75 - [STDERR_REDIRECT] Jan 31, 2026 12:08:53 PM org.eclipse.lsp4j.jsonrpc.services.GenericEndpoint notify
2026-01-31 12:08:53,705 [ERROR] LogOutputStream:75 - [STDERR_REDIRECT] WARNING: Unsupported notification method: didChangeStatus
2026-01-31 12:08:53,705 [ERROR] LogOutputStream:75 - [STDERR_REDIRECT] 
2026-01-31 12:08:53,705 [ERROR] LogOutputStream:75 - [STDERR_REDIRECT] Jan 31, 2026 12:08:53 PM org.eclipse.lsp4j.jsonrpc.services.GenericEndpoint notify
2026-01-31 12:08:53,705 [ERROR] LogOutputStream:75 - [STDERR_REDIRECT] WARNING: Unsupported notification method: statusNotification
2026-01-31 12:08:53,705 [ERROR] LogOutputStream:75 - [STDERR_REDIRECT] 
2026-01-31 12:08:53,705 [ERROR] LogOutputStream:75 - [STDERR_REDIRECT] Jan 31, 2026 12:08:53 PM org.eclipse.lsp4j.jsonrpc.services.GenericEndpoint notify
2026-01-31 12:08:53,705 [ERROR] LogOutputStream:75 - [STDERR_REDIRECT] WARNING: Unsupported notification method: didChangeStatus
2026-01-31 12:08:53,706 [ERROR] LogOutputStream:75 - [STDERR_REDIRECT] 
2026-01-31 12:08:53,881 [ERROR] LogOutputStream:75 - [STDERR_REDIRECT] Jan 31, 2026 12:08:53 PM org.eclipse.lsp4j.jsonrpc.services.GenericEndpoint notify
2026-01-31 12:08:53,881 [ERROR] LogOutputStream:75 - [STDERR_REDIRECT] WARNING: Unsupported notification method: statusNotification
2026-01-31 12:08:53,881 [ERROR] LogOutputStream:75 - [STDERR_REDIRECT] 
2026-01-31 12:08:53,881 [ERROR] LogOutputStream:75 - [STDERR_REDIRECT] Jan 31, 2026 12:08:53 PM org.eclipse.lsp4j.jsonrpc.services.GenericEndpoint notify
2026-01-31 12:08:53,881 [ERROR] LogOutputStream:75 - [STDERR_REDIRECT] WARNING: Unsupported notification method: didChangeStatus
2026-01-31 12:08:53,881 [ERROR] LogOutputStream:75 - [STDERR_REDIRECT] 
2026-01-31 12:08:53,882 [ERROR] LogOutputStream:75 - [STDERR_REDIRECT] Jan 31, 2026 12:08:53 PM org.eclipse.lsp4j.jsonrpc.services.GenericEndpoint notify
2026-01-31 12:08:53,882 [ERROR] LogOutputStream:75 - [STDERR_REDIRECT] WARNING: Unsupported notification method: statusNotification
2026-01-31 12:08:53,882 [ERROR] LogOutputStream:75 - [STDERR_REDIRECT] 
2026-01-31 12:08:53,882 [ERROR] LogOutputStream:75 - [STDERR_REDIRECT] Jan 31, 2026 12:08:53 PM org.eclipse.lsp4j.jsonrpc.services.GenericEndpoint notify
2026-01-31 12:08:53,882 [ERROR] LogOutputStream:75 - [STDERR_REDIRECT] WARNING: Unsupported notification method: didChangeStatus
2026-01-31 12:08:53,882 [ERROR] LogOutputStream:75 - [STDERR_REDIRECT] 
2026-01-31 12:08:54,195 [ERROR] LogOutputStream:75 - [STDERR_REDIRECT] Jan 31, 2026 12:08:54 PM org.eclipse.lsp4j.jsonrpc.services.GenericEndpoint notify
2026-01-31 12:08:54,195 [ERROR] LogOutputStream:75 - [STDERR_REDIRECT] WARNING: Unsupported notification method: statusNotification
2026-01-31 12:08:54,195 [ERROR] LogOutputStream:75 - [STDERR_REDIRECT] 
2026-01-31 12:08:54,196 [ERROR] LogOutputStream:75 - [STDERR_REDIRECT] Jan 31, 2026 12:08:54 PM org.eclipse.lsp4j.jsonrpc.services.GenericEndpoint notify
2026-01-31 12:08:54,196 [ERROR] LogOutputStream:75 - [STDERR_REDIRECT] WARNING: Unsupported notification method: didChangeStatus
2026-01-31 12:08:54,196 [ERROR] LogOutputStream:75 - [STDERR_REDIRECT] 
2026-01-31 12:08:54,983 [ERROR] LogOutputStream:75 - [STDERR_REDIRECT] Jan 31, 2026 12:08:54 PM org.eclipse.lsp4j.jsonrpc.services.GenericEndpoint notify
2026-01-31 12:08:54,983 [ERROR] LogOutputStream:75 - [STDERR_REDIRECT] WARNING: Unsupported notification method: statusNotification
2026-01-31 12:08:54,984 [ERROR] LogOutputStream:75 - [STDERR_REDIRECT] 
2026-01-31 12:08:54,984 [ERROR] LogOutputStream:75 - [STDERR_REDIRECT] Jan 31, 2026 12:08:54 PM org.eclipse.lsp4j.jsonrpc.services.GenericEndpoint notify
2026-01-31 12:08:54,984 [ERROR] LogOutputStream:75 - [STDERR_REDIRECT] WARNING: Unsupported notification method: didChangeStatus
2026-01-31 12:08:54,985 [ERROR] LogOutputStream:75 - [STDERR_REDIRECT] 
2026-01-31 12:08:55,026 [ERROR] LogOutputStream:75 - [STDERR_REDIRECT] Jan 31, 2026 12:08:55 PM org.eclipse.lsp4j.jsonrpc.services.GenericEndpoint notify
2026-01-31 12:08:55,026 [ERROR] LogOutputStream:75 - [STDERR_REDIRECT] WARNING: Unsupported notification method: statusNotification
2026-01-31 12:08:55,027 [ERROR] LogOutputStream:75 - [STDERR_REDIRECT] 
2026-01-31 12:08:55,028 [ERROR] LogOutputStream:75 - [STDERR_REDIRECT] Jan 31, 2026 12:08:55 PM org.eclipse.lsp4j.jsonrpc.services.GenericEndpoint notify
2026-01-31 12:08:55,028 [ERROR] LogOutputStream:75 - [STDERR_REDIRECT] WARNING: Unsupported notification method: didChangeStatus
2026-01-31 12:08:55,028 [ERROR] LogOutputStream:75 - [STDERR_REDIRECT] 
2026-01-31 12:08:55,493 [ERROR] LogOutputStream:75 - [STDERR_REDIRECT] Jan 31, 2026 12:08:55 PM org.eclipse.lsp4j.jsonrpc.services.GenericEndpoint notify
2026-01-31 12:08:55,494 [ERROR] LogOutputStream:75 - [STDERR_REDIRECT] WARNING: Unsupported notification method: statusNotification
2026-01-31 12:08:55,494 [ERROR] LogOutputStream:75 - [STDERR_REDIRECT] 
2026-01-31 12:08:55,495 [ERROR] LogOutputStream:75 - [STDERR_REDIRECT] Jan 31, 2026 12:08:55 PM org.eclipse.lsp4j.jsonrpc.services.GenericEndpoint notify
2026-01-31 12:08:55,495 [ERROR] LogOutputStream:75 - [STDERR_REDIRECT] WARNING: Unsupported notification method: didChangeStatus
2026-01-31 12:08:55,495 [ERROR] LogOutputStream:75 - [STDERR_REDIRECT] 
2026-01-31 12:09:08,318 [ERROR] LogOutputStream:75 - [STDERR_REDIRECT] Jan 31, 2026 12:09:08 PM org.eclipse.lsp4j.jsonrpc.services.GenericEndpoint notify
2026-01-31 12:09:08,318 [ERROR] LogOutputStream:75 - [STDERR_REDIRECT] WARNING: Unsupported notification method: statusNotification
2026-01-31 12:09:08,318 [ERROR] LogOutputStream:75 - [STDERR_REDIRECT] 
2026-01-31 12:09:08,318 [ERROR] LogOutputStream:75 - [STDERR_REDIRECT] Jan 31, 2026 12:09:08 PM org.eclipse.lsp4j.jsonrpc.services.GenericEndpoint notify
2026-01-31 12:09:08,319 [ERROR] LogOutputStream:75 - [STDERR_REDIRECT] WARNING: Unsupported notification method: didChangeStatus
2026-01-31 12:09:08,319 [ERROR] LogOutputStream:75 - [STDERR_REDIRECT] 
2026-01-31 12:09:09,079 [ERROR] LogOutputStream:75 - [STDERR_REDIRECT] Jan 31, 2026 12:09:09 PM org.eclipse.lsp4j.jsonrpc.services.GenericEndpoint notify
2026-01-31 12:09:09,080 [ERROR] LogOutputStream:75 - [STDERR_REDIRECT] WARNING: Unsupported notification method: statusNotification
2026-01-31 12:09:09,080 [ERROR] LogOutputStream:75 - [STDERR_REDIRECT] 
2026-01-31 12:09:09,080 [ERROR] LogOutputStream:75 - [STDERR_REDIRECT] Jan 31, 2026 12:09:09 PM org.eclipse.lsp4j.jsonrpc.services.GenericEndpoint notify
2026-01-31 12:09:09,080 [ERROR] LogOutputStream:75 - [STDERR_REDIRECT] WARNING: Unsupported notification method: didChangeStatus
2026-01-31 12:09:09,080 [ERROR] LogOutputStream:75 - [STDERR_REDIRECT] 
2026-01-31 12:09:09,151 [ERROR] LogOutputStream:75 - [STDERR_REDIRECT] Jan 31, 2026 12:09:09 PM org.eclipse.lsp4j.jsonrpc.services.GenericEndpoint notify
2026-01-31 12:09:09,151 [ERROR] LogOutputStream:75 - [STDERR_REDIRECT] WARNING: Unsupported notification method: statusNotification
2026-01-31 12:09:09,151 [ERROR] LogOutputStream:75 - [STDERR_REDIRECT] 
2026-01-31 12:09:09,152 [ERROR] LogOutputStream:75 - [STDERR_REDIRECT] Jan 31, 2026 12:09:09 PM org.eclipse.lsp4j.jsonrpc.services.GenericEndpoint notify
2026-01-31 12:09:09,152 [ERROR] LogOutputStream:75 - [STDERR_REDIRECT] WARNING: Unsupported notification method: didChangeStatus
2026-01-31 12:09:09,152 [ERROR] LogOutputStream:75 - [STDERR_REDIRECT] 
2026-01-31 12:09:09,696 [ERROR] LogOutputStream:75 - [STDERR_REDIRECT] Jan 31, 2026 12:09:09 PM org.eclipse.lsp4j.jsonrpc.services.GenericEndpoint notify
2026-01-31 12:09:09,697 [ERROR] LogOutputStream:75 - [STDERR_REDIRECT] WARNING: Unsupported notification method: statusNotification
2026-01-31 12:09:09,697 [ERROR] LogOutputStream:75 - [STDERR_REDIRECT] 
2026-01-31 12:09:09,697 [ERROR] LogOutputStream:75 - [STDERR_REDIRECT] Jan 31, 2026 12:09:09 PM org.eclipse.lsp4j.jsonrpc.services.GenericEndpoint notify
2026-01-31 12:09:09,697 [ERROR] LogOutputStream:75 - [STDERR_REDIRECT] WARNING: Unsupported notification method: didChangeStatus
2026-01-31 12:09:09,697 [ERROR] LogOutputStream:75 - [STDERR_REDIRECT] 
2026-01-31 12:09:09,728 [ERROR] LogOutputStream:75 - [STDERR_REDIRECT] Jan 31, 2026 12:09:09 PM org.eclipse.lsp4j.jsonrpc.services.GenericEndpoint notify
2026-01-31 12:09:09,728 [ERROR] LogOutputStream:75 - [STDERR_REDIRECT] WARNING: Unsupported notification method: statusNotification
2026-01-31 12:09:09,729 [ERROR] LogOutputStream:75 - [STDERR_REDIRECT] 
2026-01-31 12:09:09,729 [ERROR] LogOutputStream:75 - [STDERR_REDIRECT] Jan 31, 2026 12:09:09 PM org.eclipse.lsp4j.jsonrpc.services.GenericEndpoint notify
2026-01-31 12:09:09,729 [ERROR] LogOutputStream:75 - [STDERR_REDIRECT] WARNING: Unsupported notification method: didChangeStatus
2026-01-31 12:09:09,729 [ERROR] LogOutputStream:75 - [STDERR_REDIRECT] 
2026-01-31 12:09:10,386 [ERROR] LogOutputStream:75 - [STDERR_REDIRECT] Jan 31, 2026 12:09:10 PM org.eclipse.lsp4j.jsonrpc.services.GenericEndpoint notify
2026-01-31 12:09:10,386 [ERROR] LogOutputStream:75 - [STDERR_REDIRECT] WARNING: Unsupported notification method: statusNotification
2026-01-31 12:09:10,386 [ERROR] LogOutputStream:75 - [STDERR_REDIRECT] 
2026-01-31 12:09:10,387 [ERROR] LogOutputStream:75 - [STDERR_REDIRECT] Jan 31, 2026 12:09:10 PM org.eclipse.lsp4j.jsonrpc.services.GenericEndpoint notify
2026-01-31 12:09:10,387 [ERROR] LogOutputStream:75 - [STDERR_REDIRECT] WARNING: Unsupported notification method: didChangeStatus
2026-01-31 12:09:10,387 [ERROR] LogOutputStream:75 - [STDERR_REDIRECT] 
2026-01-31 12:09:10,419 [ERROR] LogOutputStream:75 - [STDERR_REDIRECT] Jan 31, 2026 12:09:10 PM org.eclipse.lsp4j.jsonrpc.services.GenericEndpoint notify
2026-01-31 12:09:10,419 [ERROR] LogOutputStream:75 - [STDERR_REDIRECT] WARNING: Unsupported notification method: statusNotification
2026-01-31 12:09:10,419 [ERROR] LogOutputStream:75 - [STDERR_REDIRECT] 
2026-01-31 12:09:10,420 [ERROR] LogOutputStream:75 - [STDERR_REDIRECT] Jan 31, 2026 12:09:10 PM org.eclipse.lsp4j.jsonrpc.services.GenericEndpoint notify
2026-01-31 12:09:10,420 [ERROR] LogOutputStream:75 - [STDERR_REDIRECT] WARNING: Unsupported notification method: didChangeStatus
2026-01-31 12:09:10,420 [ERROR] LogOutputStream:75 - [STDERR_REDIRECT] 
2026-01-31 12:09:11,008 [ERROR] LogOutputStream:75 - [STDERR_REDIRECT] Jan 31, 2026 12:09:11 PM org.eclipse.lsp4j.jsonrpc.services.GenericEndpoint notify
2026-01-31 12:09:11,008 [ERROR] LogOutputStream:75 - [STDERR_REDIRECT] WARNING: Unsupported notification method: statusNotification
2026-01-31 12:09:11,009 [ERROR] LogOutputStream:75 - [STDERR_REDIRECT] 
2026-01-31 12:09:11,009 [ERROR] LogOutputStream:75 - [STDERR_REDIRECT] Jan 31, 2026 12:09:11 PM org.eclipse.lsp4j.jsonrpc.services.GenericEndpoint notify
2026-01-31 12:09:11,010 [ERROR] LogOutputStream:75 - [STDERR_REDIRECT] WARNING: Unsupported notification method: didChangeStatus
2026-01-31 12:09:11,010 [ERROR] LogOutputStream:75 - [STDERR_REDIRECT] 
2026-01-31 12:09:11,042 [ERROR] LogOutputStream:75 - [STDERR_REDIRECT] Jan 31, 2026 12:09:11 PM org.eclipse.lsp4j.jsonrpc.services.GenericEndpoint notify
2026-01-31 12:09:11,042 [ERROR] LogOutputStream:75 - [STDERR_REDIRECT] WARNING: Unsupported notification method: statusNotification
2026-01-31 12:09:11,043 [ERROR] LogOutputStream:75 - [STDERR_REDIRECT] 
2026-01-31 12:09:11,043 [ERROR] LogOutputStream:75 - [STDERR_REDIRECT] Jan 31, 2026 12:09:11 PM org.eclipse.lsp4j.jsonrpc.services.GenericEndpoint notify
2026-01-31 12:09:11,043 [ERROR] LogOutputStream:75 - [STDERR_REDIRECT] WARNING: Unsupported notification method: didChangeStatus
2026-01-31 12:09:11,043 [ERROR] LogOutputStream:75 - [STDERR_REDIRECT] 
2026-01-31 12:09:11,642 [ERROR] LogOutputStream:75 - [STDERR_REDIRECT] Jan 31, 2026 12:09:11 PM org.eclipse.lsp4j.jsonrpc.services.GenericEndpoint notify
2026-01-31 12:09:11,643 [ERROR] LogOutputStream:75 - [STDERR_REDIRECT] WARNING: Unsupported notification method: statusNotification
2026-01-31 12:09:11,643 [ERROR] LogOutputStream:75 - [STDERR_REDIRECT] 
2026-01-31 12:09:11,643 [ERROR] LogOutputStream:75 - [STDERR_REDIRECT] Jan 31, 2026 12:09:11 PM org.eclipse.lsp4j.jsonrpc.services.GenericEndpoint notify
2026-01-31 12:09:11,643 [ERROR] LogOutputStream:75 - [STDERR_REDIRECT] WARNING: Unsupported notification method: didChangeStatus
2026-01-31 12:09:11,643 [ERROR] LogOutputStream:75 - [STDERR_REDIRECT] 
2026-01-31 12:09:14,081 [ERROR] LogOutputStream:75 - [STDERR_REDIRECT] Jan 31, 2026 12:09:14 PM org.eclipse.lsp4j.jsonrpc.services.GenericEndpoint notify
2026-01-31 12:09:14,081 [ERROR] LogOutputStream:75 - [STDERR_REDIRECT] WARNING: Unsupported notification method: statusNotification
2026-01-31 12:09:14,081 [ERROR] LogOutputStream:75 - [STDERR_REDIRECT] 
2026-01-31 12:09:14,082 [ERROR] LogOutputStream:75 - [STDERR_REDIRECT] Jan 31, 2026 12:09:14 PM org.eclipse.lsp4j.jsonrpc.services.GenericEndpoint notify
2026-01-31 12:09:14,082 [ERROR] LogOutputStream:75 - [STDERR_REDIRECT] WARNING: Unsupported notification method: didChangeStatus
2026-01-31 12:09:14,082 [ERROR] LogOutputStream:75 - [STDERR_REDIRECT] 
2026-01-31 12:09:14,817 [ERROR] LogOutputStream:75 - [STDERR_REDIRECT] Jan 31, 2026 12:09:14 PM org.eclipse.lsp4j.jsonrpc.services.GenericEndpoint notify
2026-01-31 12:09:14,817 [ERROR] LogOutputStream:75 - [STDERR_REDIRECT] WARNING: Unsupported notification method: statusNotification
2026-01-31 12:09:14,817 [ERROR] LogOutputStream:75 - [STDERR_REDIRECT] 
2026-01-31 12:09:14,817 [ERROR] LogOutputStream:75 - [STDERR_REDIRECT] Jan 31, 2026 12:09:14 PM org.eclipse.lsp4j.jsonrpc.services.GenericEndpoint notify
2026-01-31 12:09:14,817 [ERROR] LogOutputStream:75 - [STDERR_REDIRECT] WARNING: Unsupported notification method: didChangeStatus
2026-01-31 12:09:14,817 [ERROR] LogOutputStream:75 - [STDERR_REDIRECT] 
2026-01-31 12:09:35,355 [ERROR] LogOutputStream:75 - [STDERR_REDIRECT] Jan 31, 2026 12:09:35 PM org.eclipse.lsp4j.jsonrpc.services.GenericEndpoint notify
2026-01-31 12:09:35,356 [ERROR] LogOutputStream:75 - [STDERR_REDIRECT] WARNING: Unsupported notification method: statusNotification
2026-01-31 12:09:35,356 [ERROR] LogOutputStream:75 - [STDERR_REDIRECT] 
2026-01-31 12:09:35,356 [ERROR] LogOutputStream:75 - [STDERR_REDIRECT] Jan 31, 2026 12:09:35 PM org.eclipse.lsp4j.jsonrpc.services.GenericEndpoint notify
2026-01-31 12:09:35,356 [ERROR] LogOutputStream:75 - [STDERR_REDIRECT] WARNING: Unsupported notification method: didChangeStatus
2026-01-31 12:09:35,356 [ERROR] LogOutputStream:75 - [STDERR_REDIRECT] 
2026-01-31 12:09:36,137 [ERROR] LogOutputStream:75 - [STDERR_REDIRECT] Jan 31, 2026 12:09:36 PM org.eclipse.lsp4j.jsonrpc.services.GenericEndpoint notify
2026-01-31 12:09:36,152 [ERROR] LogOutputStream:75 - [STDERR_REDIRECT] WARNING: Unsupported notification method: statusNotification
2026-01-31 12:09:36,152 [ERROR] LogOutputStream:75 - [STDERR_REDIRECT] 
2026-01-31 12:09:36,153 [ERROR] LogOutputStream:75 - [STDERR_REDIRECT] Jan 31, 2026 12:09:36 PM org.eclipse.lsp4j.jsonrpc.services.GenericEndpoint notify
2026-01-31 12:09:36,153 [ERROR] LogOutputStream:75 - [STDERR_REDIRECT] WARNING: Unsupported notification method: didChangeStatus
2026-01-31 12:09:36,153 [ERROR] LogOutputStream:75 - [STDERR_REDIRECT] 
2026-01-31 12:09:36,178 [ERROR] LogOutputStream:75 - [STDERR_REDIRECT] Jan 31, 2026 12:09:36 PM org.eclipse.lsp4j.jsonrpc.services.GenericEndpoint notify
2026-01-31 12:09:36,178 [ERROR] LogOutputStream:75 - [STDERR_REDIRECT] WARNING: Unsupported notification method: statusNotification
2026-01-31 12:09:36,179 [ERROR] LogOutputStream:75 - [STDERR_REDIRECT] 
2026-01-31 12:09:36,179 [ERROR] LogOutputStream:75 - [STDERR_REDIRECT] Jan 31, 2026 12:09:36 PM org.eclipse.lsp4j.jsonrpc.services.GenericEndpoint notify
2026-01-31 12:09:36,179 [ERROR] LogOutputStream:75 - [STDERR_REDIRECT] WARNING: Unsupported notification method: didChangeStatus
2026-01-31 12:09:36,179 [ERROR] LogOutputStream:75 - [STDERR_REDIRECT] 
2026-01-31 12:09:36,839 [ERROR] LogOutputStream:75 - [STDERR_REDIRECT] Jan 31, 2026 12:09:36 PM org.eclipse.lsp4j.jsonrpc.services.GenericEndpoint notify
2026-01-31 12:09:36,840 [ERROR] LogOutputStream:75 - [STDERR_REDIRECT] WARNING: Unsupported notification method: statusNotification
2026-01-31 12:09:36,840 [ERROR] LogOutputStream:75 - [STDERR_REDIRECT] 
2026-01-31 12:09:36,840 [ERROR] LogOutputStream:75 - [STDERR_REDIRECT] Jan 31, 2026 12:09:36 PM org.eclipse.lsp4j.jsonrpc.services.GenericEndpoint notify
2026-01-31 12:09:36,840 [ERROR] LogOutputStream:75 - [STDERR_REDIRECT] WARNING: Unsupported notification method: didChangeStatus
2026-01-31 12:09:36,840 [ERROR] LogOutputStream:75 - [STDERR_REDIRECT] 
2026-01-31 12:09:36,867 [ERROR] LogOutputStream:75 - [STDERR_REDIRECT] Jan 31, 2026 12:09:36 PM org.eclipse.lsp4j.jsonrpc.services.GenericEndpoint notify
2026-01-31 12:09:36,867 [ERROR] LogOutputStream:75 - [STDERR_REDIRECT] WARNING: Unsupported notification method: statusNotification
2026-01-31 12:09:36,868 [ERROR] LogOutputStream:75 - [STDERR_REDIRECT] 
2026-01-31 12:09:36,868 [ERROR] LogOutputStream:75 - [STDERR_REDIRECT] Jan 31, 2026 12:09:36 PM org.eclipse.lsp4j.jsonrpc.services.GenericEndpoint notify
2026-01-31 12:09:36,868 [ERROR] LogOutputStream:75 - [STDERR_REDIRECT] WARNING: Unsupported notification method: didChangeStatus
2026-01-31 12:09:36,868 [ERROR] LogOutputStream:75 - [STDERR_REDIRECT] 
2026-01-31 12:09:37,551 [ERROR] LogOutputStream:75 - [STDERR_REDIRECT] Jan 31, 2026 12:09:37 PM org.eclipse.lsp4j.jsonrpc.services.GenericEndpoint notify
2026-01-31 12:09:37,551 [ERROR] LogOutputStream:75 - [STDERR_REDIRECT] WARNING: Unsupported notification method: statusNotification
2026-01-31 12:09:37,551 [ERROR] LogOutputStream:75 - [STDERR_REDIRECT] 
2026-01-31 12:09:37,552 [ERROR] LogOutputStream:75 - [STDERR_REDIRECT] Jan 31, 2026 12:09:37 PM org.eclipse.lsp4j.jsonrpc.services.GenericEndpoint notify
2026-01-31 12:09:37,552 [ERROR] LogOutputStream:75 - [STDERR_REDIRECT] WARNING: Unsupported notification method: didChangeStatus
2026-01-31 12:09:37,552 [ERROR] LogOutputStream:75 - [STDERR_REDIRECT] 
2026-01-31 12:09:37,572 [ERROR] LogOutputStream:75 - [STDERR_REDIRECT] Jan 31, 2026 12:09:37 PM org.eclipse.lsp4j.jsonrpc.services.GenericEndpoint notify
2026-01-31 12:09:37,572 [ERROR] LogOutputStream:75 - [STDERR_REDIRECT] WARNING: Unsupported notification method: statusNotification
2026-01-31 12:09:37,573 [ERROR] LogOutputStream:75 - [STDERR_REDIRECT] 
2026-01-31 12:09:37,573 [ERROR] LogOutputStream:75 - [STDERR_REDIRECT] Jan 31, 2026 12:09:37 PM org.eclipse.lsp4j.jsonrpc.services.GenericEndpoint notify
2026-01-31 12:09:37,573 [ERROR] LogOutputStream:75 - [STDERR_REDIRECT] WARNING: Unsupported notification method: didChangeStatus
2026-01-31 12:09:37,573 [ERROR] LogOutputStream:75 - [STDERR_REDIRECT] 
2026-01-31 12:09:38,007 [ERROR] LogOutputStream:75 - [STDERR_REDIRECT] Jan 31, 2026 12:09:38 PM org.eclipse.lsp4j.jsonrpc.services.GenericEndpoint notify
2026-01-31 12:09:38,007 [ERROR] LogOutputStream:75 - [STDERR_REDIRECT] WARNING: Unsupported notification method: statusNotification
2026-01-31 12:09:38,007 [ERROR] LogOutputStream:75 - [STDERR_REDIRECT] 
2026-01-31 12:09:38,007 [ERROR] LogOutputStream:75 - [STDERR_REDIRECT] Jan 31, 2026 12:09:38 PM org.eclipse.lsp4j.jsonrpc.services.GenericEndpoint notify
2026-01-31 12:09:38,008 [ERROR] LogOutputStream:75 - [STDERR_REDIRECT] WARNING: Unsupported notification method: didChangeStatus
2026-01-31 12:09:38,008 [ERROR] LogOutputStream:75 - [STDERR_REDIRECT] 
2026-01-31 12:09:38,024 [ERROR] LogOutputStream:75 - [STDERR_REDIRECT] Jan 31, 2026 12:09:38 PM org.eclipse.lsp4j.jsonrpc.services.GenericEndpoint notify
2026-01-31 12:09:38,024 [ERROR] LogOutputStream:75 - [STDERR_REDIRECT] WARNING: Unsupported notification method: statusNotification
2026-01-31 12:09:38,024 [ERROR] LogOutputStream:75 - [STDERR_REDIRECT] 
2026-01-31 12:09:38,024 [ERROR] LogOutputStream:75 - [STDERR_REDIRECT] Jan 31, 2026 12:09:38 PM org.eclipse.lsp4j.jsonrpc.services.GenericEndpoint notify
2026-01-31 12:09:38,024 [ERROR] LogOutputStream:75 - [STDERR_REDIRECT] WARNING: Unsupported notification method: didChangeStatus
2026-01-31 12:09:38,024 [ERROR] LogOutputStream:75 - [STDERR_REDIRECT] 
2026-01-31 12:09:38,569 [ERROR] LogOutputStream:75 - [STDERR_REDIRECT] Jan 31, 2026 12:09:38 PM org.eclipse.lsp4j.jsonrpc.services.GenericEndpoint notify
2026-01-31 12:09:38,569 [ERROR] LogOutputStream:75 - [STDERR_REDIRECT] WARNING: Unsupported notification method: statusNotification
2026-01-31 12:09:38,569 [ERROR] LogOutputStream:75 - [STDERR_REDIRECT] 
2026-01-31 12:09:38,570 [ERROR] LogOutputStream:75 - [STDERR_REDIRECT] Jan 31, 2026 12:09:38 PM org.eclipse.lsp4j.jsonrpc.services.GenericEndpoint notify
2026-01-31 12:09:38,570 [ERROR] LogOutputStream:75 - [STDERR_REDIRECT] WARNING: Unsupported notification method: didChangeStatus
2026-01-31 12:09:38,570 [ERROR] LogOutputStream:75 - [STDERR_REDIRECT] 
2026-01-31 12:09:40,013 [ERROR] LogOutputStream:75 - [STDERR_REDIRECT] Jan 31, 2026 12:09:40 PM org.eclipse.lsp4j.jsonrpc.services.GenericEndpoint notify
2026-01-31 12:09:40,014 [ERROR] LogOutputStream:75 - [STDERR_REDIRECT] WARNING: Unsupported notification method: statusNotification
2026-01-31 12:09:40,014 [ERROR] LogOutputStream:75 - [STDERR_REDIRECT] 
2026-01-31 12:09:40,014 [ERROR] LogOutputStream:75 - [STDERR_REDIRECT] Jan 31, 2026 12:09:40 PM org.eclipse.lsp4j.jsonrpc.services.GenericEndpoint notify
2026-01-31 12:09:40,014 [ERROR] LogOutputStream:75 - [STDERR_REDIRECT] WARNING: Unsupported notification method: didChangeStatus
2026-01-31 12:09:40,014 [ERROR] LogOutputStream:75 - [STDERR_REDIRECT] 
2026-01-31 12:09:40,820 [ERROR] LogOutputStream:75 - [STDERR_REDIRECT] Jan 31, 2026 12:09:40 PM org.eclipse.lsp4j.jsonrpc.services.GenericEndpoint notify
2026-01-31 12:09:40,821 [ERROR] LogOutputStream:75 - [STDERR_REDIRECT] WARNING: Unsupported notification method: statusNotification
2026-01-31 12:09:40,821 [ERROR] LogOutputStream:75 - [STDERR_REDIRECT] 
2026-01-31 12:09:40,821 [ERROR] LogOutputStream:75 - [STDERR_REDIRECT] Jan 31, 2026 12:09:40 PM org.eclipse.lsp4j.jsonrpc.services.GenericEndpoint notify
2026-01-31 12:09:40,821 [ERROR] LogOutputStream:75 - [STDERR_REDIRECT] WARNING: Unsupported notification method: didChangeStatus
2026-01-31 12:09:40,821 [ERROR] LogOutputStream:75 - [STDERR_REDIRECT] 
2026-01-31 12:09:40,844 [ERROR] LogOutputStream:75 - [STDERR_REDIRECT] Jan 31, 2026 12:09:40 PM org.eclipse.lsp4j.jsonrpc.services.GenericEndpoint notify
2026-01-31 12:09:40,845 [ERROR] LogOutputStream:75 - [STDERR_REDIRECT] WARNING: Unsupported notification method: statusNotification
2026-01-31 12:09:40,845 [ERROR] LogOutputStream:75 - [STDERR_REDIRECT] 
2026-01-31 12:09:40,845 [ERROR] LogOutputStream:75 - [STDERR_REDIRECT] Jan 31, 2026 12:09:40 PM org.eclipse.lsp4j.jsonrpc.services.GenericEndpoint notify
2026-01-31 12:09:40,845 [ERROR] LogOutputStream:75 - [STDERR_REDIRECT] WARNING: Unsupported notification method: didChangeStatus
2026-01-31 12:09:40,845 [ERROR] LogOutputStream:75 - [STDERR_REDIRECT] 
2026-01-31 12:09:40,846 [ERROR] LogOutputStream:75 - [STDERR_REDIRECT] Jan 31, 2026 12:09:40 PM org.eclipse.lsp4j.jsonrpc.services.GenericEndpoint notify
2026-01-31 12:09:40,846 [ERROR] LogOutputStream:75 - [STDERR_REDIRECT] WARNING: Unsupported notification method: statusNotification
2026-01-31 12:09:40,846 [ERROR] LogOutputStream:75 - [STDERR_REDIRECT] 
2026-01-31 12:09:40,846 [ERROR] LogOutputStream:75 - [STDERR_REDIRECT] Jan 31, 2026 12:09:40 PM org.eclipse.lsp4j.jsonrpc.services.GenericEndpoint notify
2026-01-31 12:09:40,846 [ERROR] LogOutputStream:75 - [STDERR_REDIRECT] WARNING: Unsupported notification method: didChangeStatus
2026-01-31 12:09:40,846 [ERROR] LogOutputStream:75 - [STDERR_REDIRECT] 
2026-01-31 12:09:40,880 [ERROR] LogOutputStream:75 - [STDERR_REDIRECT] Jan 31, 2026 12:09:40 PM org.eclipse.lsp4j.jsonrpc.services.GenericEndpoint notify
2026-01-31 12:09:40,880 [ERROR] LogOutputStream:75 - [STDERR_REDIRECT] WARNING: Unsupported notification method: statusNotification
2026-01-31 12:09:40,880 [ERROR] LogOutputStream:75 - [STDERR_REDIRECT] 
2026-01-31 12:09:40,880 [ERROR] LogOutputStream:75 - [STDERR_REDIRECT] Jan 31, 2026 12:09:40 PM org.eclipse.lsp4j.jsonrpc.services.GenericEndpoint notify
2026-01-31 12:09:40,880 [ERROR] LogOutputStream:75 - [STDERR_REDIRECT] WARNING: Unsupported notification method: didChangeStatus
2026-01-31 12:09:40,880 [ERROR] LogOutputStream:75 - [STDERR_REDIRECT] 
2026-01-31 12:09:41,881 [ERROR] LogOutputStream:75 - [STDERR_REDIRECT] Jan 31, 2026 12:09:41 PM org.eclipse.lsp4j.jsonrpc.services.GenericEndpoint notify
2026-01-31 12:09:41,881 [ERROR] LogOutputStream:75 - [STDERR_REDIRECT] WARNING: Unsupported notification method: statusNotification
2026-01-31 12:09:41,881 [ERROR] LogOutputStream:75 - [STDERR_REDIRECT] 
2026-01-31 12:09:41,882 [ERROR] LogOutputStream:75 - [STDERR_REDIRECT] Jan 31, 2026 12:09:41 PM org.eclipse.lsp4j.jsonrpc.services.GenericEndpoint notify
2026-01-31 12:09:41,882 [ERROR] LogOutputStream:75 - [STDERR_REDIRECT] WARNING: Unsupported notification method: didChangeStatus
2026-01-31 12:09:41,882 [ERROR] LogOutputStream:75 - [STDERR_REDIRECT] 
2026-01-31 12:09:41,928 [ERROR] LogOutputStream:75 - [STDERR_REDIRECT] Jan 31, 2026 12:09:41 PM org.eclipse.lsp4j.jsonrpc.services.GenericEndpoint notify
2026-01-31 12:09:41,928 [ERROR] LogOutputStream:75 - [STDERR_REDIRECT] WARNING: Unsupported notification method: statusNotification
2026-01-31 12:09:41,928 [ERROR] LogOutputStream:75 - [STDERR_REDIRECT] 
2026-01-31 12:09:41,929 [ERROR] LogOutputStream:75 - [STDERR_REDIRECT] Jan 31, 2026 12:09:41 PM org.eclipse.lsp4j.jsonrpc.services.GenericEndpoint notify
2026-01-31 12:09:41,929 [ERROR] LogOutputStream:75 - [STDERR_REDIRECT] WARNING: Unsupported notification method: didChangeStatus
2026-01-31 12:09:41,929 [ERROR] LogOutputStream:75 - [STDERR_REDIRECT] 
2026-01-31 12:09:42,696 [ERROR] LogOutputStream:75 - [STDERR_REDIRECT] Jan 31, 2026 12:09:42 PM org.eclipse.lsp4j.jsonrpc.services.GenericEndpoint notify
2026-01-31 12:09:42,696 [ERROR] LogOutputStream:75 - [STDERR_REDIRECT] WARNING: Unsupported notification method: statusNotification
2026-01-31 12:09:42,696 [ERROR] LogOutputStream:75 - [STDERR_REDIRECT] 
2026-01-31 12:09:42,697 [ERROR] LogOutputStream:75 - [STDERR_REDIRECT] Jan 31, 2026 12:09:42 PM org.eclipse.lsp4j.jsonrpc.services.GenericEndpoint notify
2026-01-31 12:09:42,697 [ERROR] LogOutputStream:75 - [STDERR_REDIRECT] WARNING: Unsupported notification method: didChangeStatus
2026-01-31 12:09:42,697 [ERROR] LogOutputStream:75 - [STDERR_REDIRECT] 
2026-01-31 12:09:44,841 [ERROR] LogOutputStream:75 - [STDERR_REDIRECT] Jan 31, 2026 12:09:44 PM org.eclipse.lsp4j.jsonrpc.services.GenericEndpoint notify
2026-01-31 12:09:44,841 [ERROR] LogOutputStream:75 - [STDERR_REDIRECT] WARNING: Unsupported notification method: statusNotification
2026-01-31 12:09:44,842 [ERROR] LogOutputStream:75 - [STDERR_REDIRECT] 
2026-01-31 12:09:44,842 [ERROR] LogOutputStream:75 - [STDERR_REDIRECT] Jan 31, 2026 12:09:44 PM org.eclipse.lsp4j.jsonrpc.services.GenericEndpoint notify
2026-01-31 12:09:44,843 [ERROR] LogOutputStream:75 - [STDERR_REDIRECT] WARNING: Unsupported notification method: didChangeStatus
2026-01-31 12:09:44,843 [ERROR] LogOutputStream:75 - [STDERR_REDIRECT] 
2026-01-31 12:09:45,648 [ERROR] LogOutputStream:75 - [STDERR_REDIRECT] Jan 31, 2026 12:09:45 PM org.eclipse.lsp4j.jsonrpc.services.GenericEndpoint notify
2026-01-31 12:09:45,649 [ERROR] LogOutputStream:75 - [STDERR_REDIRECT] WARNING: Unsupported notification method: statusNotification
2026-01-31 12:09:45,649 [ERROR] LogOutputStream:75 - [STDERR_REDIRECT] 
2026-01-31 12:09:45,649 [ERROR] LogOutputStream:75 - [STDERR_REDIRECT] Jan 31, 2026 12:09:45 PM org.eclipse.lsp4j.jsonrpc.services.GenericEndpoint notify
2026-01-31 12:09:45,650 [ERROR] LogOutputStream:75 - [STDERR_REDIRECT] WARNING: Unsupported notification method: didChangeStatus
2026-01-31 12:09:45,650 [ERROR] LogOutputStream:75 - [STDERR_REDIRECT] 
2026-01-31 12:09:45,686 [ERROR] LogOutputStream:75 - [STDERR_REDIRECT] Jan 31, 2026 12:09:45 PM org.eclipse.lsp4j.jsonrpc.services.GenericEndpoint notify
2026-01-31 12:09:45,686 [ERROR] LogOutputStream:75 - [STDERR_REDIRECT] WARNING: Unsupported notification method: statusNotification
2026-01-31 12:09:45,686 [ERROR] LogOutputStream:75 - [STDERR_REDIRECT] 
2026-01-31 12:09:45,687 [ERROR] LogOutputStream:75 - [STDERR_REDIRECT] Jan 31, 2026 12:09:45 PM org.eclipse.lsp4j.jsonrpc.services.GenericEndpoint notify
2026-01-31 12:09:45,687 [ERROR] LogOutputStream:75 - [STDERR_REDIRECT] WARNING: Unsupported notification method: didChangeStatus
2026-01-31 12:09:45,687 [ERROR] LogOutputStream:75 - [STDERR_REDIRECT] 
2026-01-31 12:09:46,397 [ERROR] LogOutputStream:75 - [STDERR_REDIRECT] Jan 31, 2026 12:09:46 PM org.eclipse.lsp4j.jsonrpc.services.GenericEndpoint notify
2026-01-31 12:09:46,397 [ERROR] LogOutputStream:75 - [STDERR_REDIRECT] WARNING: Unsupported notification method: statusNotification
2026-01-31 12:09:46,398 [ERROR] LogOutputStream:75 - [STDERR_REDIRECT] 
2026-01-31 12:09:46,398 [ERROR] LogOutputStream:75 - [STDERR_REDIRECT] Jan 31, 2026 12:09:46 PM org.eclipse.lsp4j.jsonrpc.services.GenericEndpoint notify
2026-01-31 12:09:46,398 [ERROR] LogOutputStream:75 - [STDERR_REDIRECT] WARNING: Unsupported notification method: didChangeStatus
2026-01-31 12:09:46,398 [ERROR] LogOutputStream:75 - [STDERR_REDIRECT] 
2026-01-31 12:09:46,509 [ERROR] LogOutputStream:75 - [STDERR_REDIRECT] Jan 31, 2026 12:09:46 PM org.eclipse.lsp4j.jsonrpc.services.GenericEndpoint notify
2026-01-31 12:09:46,510 [ERROR] LogOutputStream:75 - [STDERR_REDIRECT] WARNING: Unsupported notification method: statusNotification
2026-01-31 12:09:46,510 [ERROR] LogOutputStream:75 - [STDERR_REDIRECT] 
2026-01-31 12:09:46,510 [ERROR] LogOutputStream:75 - [STDERR_REDIRECT] Jan 31, 2026 12:09:46 PM org.eclipse.lsp4j.jsonrpc.services.GenericEndpoint notify
2026-01-31 12:09:46,511 [ERROR] LogOutputStream:75 - [STDERR_REDIRECT] WARNING: Unsupported notification method: didChangeStatus
2026-01-31 12:09:46,511 [ERROR] LogOutputStream:75 - [STDERR_REDIRECT] 
2026-01-31 12:09:47,059 [ERROR] LogOutputStream:75 - [STDERR_REDIRECT] Jan 31, 2026 12:09:47 PM org.eclipse.lsp4j.jsonrpc.services.GenericEndpoint notify
2026-01-31 12:09:47,059 [ERROR] LogOutputStream:75 - [STDERR_REDIRECT] WARNING: Unsupported notification method: statusNotification
2026-01-31 12:09:47,059 [ERROR] LogOutputStream:75 - [STDERR_REDIRECT] 
2026-01-31 12:09:47,060 [ERROR] LogOutputStream:75 - [STDERR_REDIRECT] Jan 31, 2026 12:09:47 PM org.eclipse.lsp4j.jsonrpc.services.GenericEndpoint notify
2026-01-31 12:09:47,060 [ERROR] LogOutputStream:75 - [STDERR_REDIRECT] WARNING: Unsupported notification method: didChangeStatus
2026-01-31 12:09:47,060 [ERROR] LogOutputStream:75 - [STDERR_REDIRECT] 
2026-01-31 12:09:47,094 [ERROR] LogOutputStream:75 - [STDERR_REDIRECT] Jan 31, 2026 12:09:47 PM org.eclipse.lsp4j.jsonrpc.services.GenericEndpoint notify
2026-01-31 12:09:47,094 [ERROR] LogOutputStream:75 - [STDERR_REDIRECT] WARNING: Unsupported notification method: statusNotification
2026-01-31 12:09:47,094 [ERROR] LogOutputStream:75 - [STDERR_REDIRECT] 
2026-01-31 12:09:47,095 [ERROR] LogOutputStream:75 - [STDERR_REDIRECT] Jan 31, 2026 12:09:47 PM org.eclipse.lsp4j.jsonrpc.services.GenericEndpoint notify
2026-01-31 12:09:47,095 [ERROR] LogOutputStream:75 - [STDERR_REDIRECT] WARNING: Unsupported notification method: didChangeStatus
2026-01-31 12:09:47,095 [ERROR] LogOutputStream:75 - [STDERR_REDIRECT] 
2026-01-31 12:09:47,534 [ERROR] LogOutputStream:75 - [STDERR_REDIRECT] Jan 31, 2026 12:09:47 PM org.eclipse.lsp4j.jsonrpc.services.GenericEndpoint notify
2026-01-31 12:09:47,535 [ERROR] LogOutputStream:75 - [STDERR_REDIRECT] WARNING: Unsupported notification method: statusNotification
2026-01-31 12:09:47,535 [ERROR] LogOutputStream:75 - [STDERR_REDIRECT] 
2026-01-31 12:09:47,535 [ERROR] LogOutputStream:75 - [STDERR_REDIRECT] Jan 31, 2026 12:09:47 PM org.eclipse.lsp4j.jsonrpc.services.GenericEndpoint notify
2026-01-31 12:09:47,535 [ERROR] LogOutputStream:75 - [STDERR_REDIRECT] WARNING: Unsupported notification method: didChangeStatus
2026-01-31 12:09:47,535 [ERROR] LogOutputStream:75 - [STDERR_REDIRECT] 
2026-01-31 12:09:47,583 [ERROR] LogOutputStream:75 - [STDERR_REDIRECT] Jan 31, 2026 12:09:47 PM org.eclipse.lsp4j.jsonrpc.services.GenericEndpoint notify
2026-01-31 12:09:47,583 [ERROR] LogOutputStream:75 - [STDERR_REDIRECT] WARNING: Unsupported notification method: statusNotification
2026-01-31 12:09:47,583 [ERROR] LogOutputStream:75 - [STDERR_REDIRECT] 
2026-01-31 12:09:47,584 [ERROR] LogOutputStream:75 - [STDERR_REDIRECT] Jan 31, 2026 12:09:47 PM org.eclipse.lsp4j.jsonrpc.services.GenericEndpoint notify
2026-01-31 12:09:47,584 [ERROR] LogOutputStream:75 - [STDERR_REDIRECT] WARNING: Unsupported notification method: didChangeStatus
2026-01-31 12:09:47,584 [ERROR] LogOutputStream:75 - [STDERR_REDIRECT] 
2026-01-31 12:09:48,406 [ERROR] LogOutputStream:75 - [STDERR_REDIRECT] Jan 31, 2026 12:09:48 PM org.eclipse.lsp4j.jsonrpc.services.GenericEndpoint notify
2026-01-31 12:09:48,406 [ERROR] LogOutputStream:75 - [STDERR_REDIRECT] WARNING: Unsupported notification method: statusNotification
2026-01-31 12:09:48,406 [ERROR] LogOutputStream:75 - [STDERR_REDIRECT] 
2026-01-31 12:09:48,407 [ERROR] LogOutputStream:75 - [STDERR_REDIRECT] Jan 31, 2026 12:09:48 PM org.eclipse.lsp4j.jsonrpc.services.GenericEndpoint notify
2026-01-31 12:09:48,407 [ERROR] LogOutputStream:75 - [STDERR_REDIRECT] WARNING: Unsupported notification method: didChangeStatus
2026-01-31 12:09:48,407 [ERROR] LogOutputStream:75 - [STDERR_REDIRECT] 
2026-01-31 12:09:51,321 [ERROR] LogOutputStream:75 - [STDERR_REDIRECT] Jan 31, 2026 12:09:51 PM org.eclipse.lsp4j.jsonrpc.services.GenericEndpoint notify
2026-01-31 12:09:51,321 [ERROR] LogOutputStream:75 - [STDERR_REDIRECT] WARNING: Unsupported notification method: statusNotification
2026-01-31 12:09:51,321 [ERROR] LogOutputStream:75 - [STDERR_REDIRECT] 
2026-01-31 12:09:51,321 [ERROR] LogOutputStream:75 - [STDERR_REDIRECT] Jan 31, 2026 12:09:51 PM org.eclipse.lsp4j.jsonrpc.services.GenericEndpoint notify
2026-01-31 12:09:51,321 [ERROR] LogOutputStream:75 - [STDERR_REDIRECT] WARNING: Unsupported notification method: didChangeStatus
2026-01-31 12:09:51,321 [ERROR] LogOutputStream:75 - [STDERR_REDIRECT] 
2026-01-31 12:09:51,322 [ERROR] LogOutputStream:75 - [STDERR_REDIRECT] Jan 31, 2026 12:09:51 PM org.eclipse.lsp4j.jsonrpc.services.GenericEndpoint notify
2026-01-31 12:09:51,322 [ERROR] LogOutputStream:75 - [STDERR_REDIRECT] WARNING: Unsupported notification method: statusNotification
2026-01-31 12:09:51,322 [ERROR] LogOutputStream:75 - [STDERR_REDIRECT] 
2026-01-31 12:09:51,322 [ERROR] LogOutputStream:75 - [STDERR_REDIRECT] Jan 31, 2026 12:09:51 PM org.eclipse.lsp4j.jsonrpc.services.GenericEndpoint notify
2026-01-31 12:09:51,322 [ERROR] LogOutputStream:75 - [STDERR_REDIRECT] WARNING: Unsupported notification method: didChangeStatus
2026-01-31 12:09:51,322 [ERROR] LogOutputStream:75 - [STDERR_REDIRECT] 
2026-01-31 12:10:00,481 [ERROR] LogOutputStream:75 - [STDERR_REDIRECT] Jan 31, 2026 12:10:00 PM org.eclipse.lsp4j.jsonrpc.services.GenericEndpoint notify
2026-01-31 12:10:00,481 [ERROR] LogOutputStream:75 - [STDERR_REDIRECT] WARNING: Unsupported notification method: statusNotification
2026-01-31 12:10:00,481 [ERROR] LogOutputStream:75 - [STDERR_REDIRECT] 
2026-01-31 12:10:00,482 [ERROR] LogOutputStream:75 - [STDERR_REDIRECT] Jan 31, 2026 12:10:00 PM org.eclipse.lsp4j.jsonrpc.services.GenericEndpoint notify
2026-01-31 12:10:00,482 [ERROR] LogOutputStream:75 - [STDERR_REDIRECT] WARNING: Unsupported notification method: didChangeStatus
2026-01-31 12:10:00,482 [ERROR] LogOutputStream:75 - [STDERR_REDIRECT] 
2026-01-31 12:10:01,231 [ERROR] LogOutputStream:75 - [STDERR_REDIRECT] Jan 31, 2026 12:10:01 PM org.eclipse.lsp4j.jsonrpc.services.GenericEndpoint notify
2026-01-31 12:10:01,231 [ERROR] LogOutputStream:75 - [STDERR_REDIRECT] WARNING: Unsupported notification method: statusNotification
2026-01-31 12:10:01,231 [ERROR] LogOutputStream:75 - [STDERR_REDIRECT] 
2026-01-31 12:10:01,232 [ERROR] LogOutputStream:75 - [STDERR_REDIRECT] Jan 31, 2026 12:10:01 PM org.eclipse.lsp4j.jsonrpc.services.GenericEndpoint notify
2026-01-31 12:10:01,232 [ERROR] LogOutputStream:75 - [STDERR_REDIRECT] WARNING: Unsupported notification method: didChangeStatus
2026-01-31 12:10:01,232 [ERROR] LogOutputStream:75 - [STDERR_REDIRECT] 
2026-01-31 12:10:01,269 [ERROR] LogOutputStream:75 - [STDERR_REDIRECT] Jan 31, 2026 12:10:01 PM org.eclipse.lsp4j.jsonrpc.services.GenericEndpoint notify
2026-01-31 12:10:01,270 [ERROR] LogOutputStream:75 - [STDERR_REDIRECT] WARNING: Unsupported notification method: statusNotification
2026-01-31 12:10:01,270 [ERROR] LogOutputStream:75 - [STDERR_REDIRECT] 
2026-01-31 12:10:01,271 [ERROR] LogOutputStream:75 - [STDERR_REDIRECT] Jan 31, 2026 12:10:01 PM org.eclipse.lsp4j.jsonrpc.services.GenericEndpoint notify
2026-01-31 12:10:01,271 [ERROR] LogOutputStream:75 - [STDERR_REDIRECT] WARNING: Unsupported notification method: didChangeStatus
2026-01-31 12:10:01,271 [ERROR] LogOutputStream:75 - [STDERR_REDIRECT] 
2026-01-31 12:10:01,855 [ERROR] LogOutputStream:75 - [STDERR_REDIRECT] Jan 31, 2026 12:10:01 PM org.eclipse.lsp4j.jsonrpc.services.GenericEndpoint notify
2026-01-31 12:10:01,856 [ERROR] LogOutputStream:75 - [STDERR_REDIRECT] WARNING: Unsupported notification method: statusNotification
2026-01-31 12:10:01,856 [ERROR] LogOutputStream:75 - [STDERR_REDIRECT] 
2026-01-31 12:10:01,857 [ERROR] LogOutputStream:75 - [STDERR_REDIRECT] Jan 31, 2026 12:10:01 PM org.eclipse.lsp4j.jsonrpc.services.GenericEndpoint notify
2026-01-31 12:10:01,857 [ERROR] LogOutputStream:75 - [STDERR_REDIRECT] WARNING: Unsupported notification method: didChangeStatus
2026-01-31 12:10:01,857 [ERROR] LogOutputStream:75 - [STDERR_REDIRECT] 
2026-01-31 12:10:01,964 [ERROR] LogOutputStream:75 - [STDERR_REDIRECT] Jan 31, 2026 12:10:01 PM org.eclipse.lsp4j.jsonrpc.services.GenericEndpoint notify
2026-01-31 12:10:01,965 [ERROR] LogOutputStream:75 - [STDERR_REDIRECT] WARNING: Unsupported notification method: statusNotification
2026-01-31 12:10:01,965 [ERROR] LogOutputStream:75 - [STDERR_REDIRECT] 
2026-01-31 12:10:01,965 [ERROR] LogOutputStream:75 - [STDERR_REDIRECT] Jan 31, 2026 12:10:01 PM org.eclipse.lsp4j.jsonrpc.services.GenericEndpoint notify
2026-01-31 12:10:01,966 [ERROR] LogOutputStream:75 - [STDERR_REDIRECT] WARNING: Unsupported notification method: didChangeStatus
2026-01-31 12:10:01,966 [ERROR] LogOutputStream:75 - [STDERR_REDIRECT] 
2026-01-31 12:10:02,502 [ERROR] LogOutputStream:75 - [STDERR_REDIRECT] Jan 31, 2026 12:10:02 PM org.eclipse.lsp4j.jsonrpc.services.GenericEndpoint notify
2026-01-31 12:10:02,502 [ERROR] LogOutputStream:75 - [STDERR_REDIRECT] WARNING: Unsupported notification method: statusNotification
2026-01-31 12:10:02,502 [ERROR] LogOutputStream:75 - [STDERR_REDIRECT] 
2026-01-31 12:10:02,503 [ERROR] LogOutputStream:75 - [STDERR_REDIRECT] Jan 31, 2026 12:10:02 PM org.eclipse.lsp4j.jsonrpc.services.GenericEndpoint notify
2026-01-31 12:10:02,504 [ERROR] LogOutputStream:75 - [STDERR_REDIRECT] WARNING: Unsupported notification method: didChangeStatus
2026-01-31 12:10:02,504 [ERROR] LogOutputStream:75 - [STDERR_REDIRECT] 
2026-01-31 12:10:02,593 [ERROR] LogOutputStream:75 - [STDERR_REDIRECT] Jan 31, 2026 12:10:02 PM org.eclipse.lsp4j.jsonrpc.services.GenericEndpoint notify
2026-01-31 12:10:02,594 [ERROR] LogOutputStream:75 - [STDERR_REDIRECT] WARNING: Unsupported notification method: statusNotification
2026-01-31 12:10:02,594 [ERROR] LogOutputStream:75 - [STDERR_REDIRECT] 
2026-01-31 12:10:02,594 [ERROR] LogOutputStream:75 - [STDERR_REDIRECT] Jan 31, 2026 12:10:02 PM org.eclipse.lsp4j.jsonrpc.services.GenericEndpoint notify
2026-01-31 12:10:02,595 [ERROR] LogOutputStream:75 - [STDERR_REDIRECT] WARNING: Unsupported notification method: didChangeStatus
2026-01-31 12:10:02,595 [ERROR] LogOutputStream:75 - [STDERR_REDIRECT] 
2026-01-31 12:10:03,076 [ERROR] LogOutputStream:75 - [STDERR_REDIRECT] Jan 31, 2026 12:10:03 PM org.eclipse.lsp4j.jsonrpc.services.GenericEndpoint notify
2026-01-31 12:10:03,076 [ERROR] LogOutputStream:75 - [STDERR_REDIRECT] WARNING: Unsupported notification method: statusNotification
2026-01-31 12:10:03,076 [ERROR] LogOutputStream:75 - [STDERR_REDIRECT] 
2026-01-31 12:10:03,078 [ERROR] LogOutputStream:75 - [STDERR_REDIRECT] Jan 31, 2026 12:10:03 PM org.eclipse.lsp4j.jsonrpc.services.GenericEndpoint notify
2026-01-31 12:10:03,078 [ERROR] LogOutputStream:75 - [STDERR_REDIRECT] WARNING: Unsupported notification method: didChangeStatus
2026-01-31 12:10:03,078 [ERROR] LogOutputStream:75 - [STDERR_REDIRECT] 
2026-01-31 12:10:03,106 [ERROR] LogOutputStream:75 - [STDERR_REDIRECT] Jan 31, 2026 12:10:03 PM org.eclipse.lsp4j.jsonrpc.services.GenericEndpoint notify
2026-01-31 12:10:03,106 [ERROR] LogOutputStream:75 - [STDERR_REDIRECT] WARNING: Unsupported notification method: statusNotification
2026-01-31 12:10:03,106 [ERROR] LogOutputStream:75 - [STDERR_REDIRECT] 
2026-01-31 12:10:03,107 [ERROR] LogOutputStream:75 - [STDERR_REDIRECT] Jan 31, 2026 12:10:03 PM org.eclipse.lsp4j.jsonrpc.services.GenericEndpoint notify
2026-01-31 12:10:03,107 [ERROR] LogOutputStream:75 - [STDERR_REDIRECT] WARNING: Unsupported notification method: didChangeStatus
2026-01-31 12:10:03,107 [ERROR] LogOutputStream:75 - [STDERR_REDIRECT] 
2026-01-31 12:10:03,572 [ERROR] LogOutputStream:75 - [STDERR_REDIRECT] Jan 31, 2026 12:10:03 PM org.eclipse.lsp4j.jsonrpc.services.GenericEndpoint notify
2026-01-31 12:10:03,572 [ERROR] LogOutputStream:75 - [STDERR_REDIRECT] WARNING: Unsupported notification method: statusNotification
2026-01-31 12:10:03,573 [ERROR] LogOutputStream:75 - [STDERR_REDIRECT] 
2026-01-31 12:10:03,573 [ERROR] LogOutputStream:75 - [STDERR_REDIRECT] Jan 31, 2026 12:10:03 PM org.eclipse.lsp4j.jsonrpc.services.GenericEndpoint notify
2026-01-31 12:10:03,573 [ERROR] LogOutputStream:75 - [STDERR_REDIRECT] WARNING: Unsupported notification method: didChangeStatus
2026-01-31 12:10:03,573 [ERROR] LogOutputStream:75 - [STDERR_REDIRECT] 
2026-01-31 12:10:03,662 [ERROR] LogOutputStream:75 - [STDERR_REDIRECT] Jan 31, 2026 12:10:03 PM org.eclipse.lsp4j.jsonrpc.services.GenericEndpoint notify
2026-01-31 12:10:03,663 [ERROR] LogOutputStream:75 - [STDERR_REDIRECT] WARNING: Unsupported notification method: statusNotification
2026-01-31 12:10:03,663 [ERROR] LogOutputStream:75 - [STDERR_REDIRECT] 
2026-01-31 12:10:03,663 [ERROR] LogOutputStream:75 - [STDERR_REDIRECT] Jan 31, 2026 12:10:03 PM org.eclipse.lsp4j.jsonrpc.services.GenericEndpoint notify
2026-01-31 12:10:03,663 [ERROR] LogOutputStream:75 - [STDERR_REDIRECT] WARNING: Unsupported notification method: didChangeStatus
2026-01-31 12:10:03,664 [ERROR] LogOutputStream:75 - [STDERR_REDIRECT] 
2026-01-31 12:10:03,830 [ERROR] LogOutputStream:75 - [STDERR_REDIRECT] Jan 31, 2026 12:10:03 PM org.eclipse.lsp4j.jsonrpc.services.GenericEndpoint notify
2026-01-31 12:10:03,830 [ERROR] LogOutputStream:75 - [STDERR_REDIRECT] WARNING: Unsupported notification method: statusNotification
2026-01-31 12:10:03,830 [ERROR] LogOutputStream:75 - [STDERR_REDIRECT] 
2026-01-31 12:10:03,831 [ERROR] LogOutputStream:75 - [STDERR_REDIRECT] Jan 31, 2026 12:10:03 PM org.eclipse.lsp4j.jsonrpc.services.GenericEndpoint notify
2026-01-31 12:10:03,831 [ERROR] LogOutputStream:75 - [STDERR_REDIRECT] WARNING: Unsupported notification method: didChangeStatus
2026-01-31 12:10:03,831 [ERROR] LogOutputStream:75 - [STDERR_REDIRECT] 
2026-01-31 12:10:03,858 [ERROR] LogOutputStream:75 - [STDERR_REDIRECT] Jan 31, 2026 12:10:03 PM org.eclipse.lsp4j.jsonrpc.services.GenericEndpoint notify
2026-01-31 12:10:03,858 [ERROR] LogOutputStream:75 - [STDERR_REDIRECT] WARNING: Unsupported notification method: statusNotification
2026-01-31 12:10:03,858 [ERROR] LogOutputStream:75 - [STDERR_REDIRECT] 
2026-01-31 12:10:03,859 [ERROR] LogOutputStream:75 - [STDERR_REDIRECT] Jan 31, 2026 12:10:03 PM org.eclipse.lsp4j.jsonrpc.services.GenericEndpoint notify
2026-01-31 12:10:03,859 [ERROR] LogOutputStream:75 - [STDERR_REDIRECT] WARNING: Unsupported notification method: didChangeStatus
2026-01-31 12:10:03,859 [ERROR] LogOutputStream:75 - [STDERR_REDIRECT] 
2026-01-31 12:10:04,380 [ERROR] LogOutputStream:75 - [STDERR_REDIRECT] Jan 31, 2026 12:10:04 PM org.eclipse.lsp4j.jsonrpc.services.GenericEndpoint notify
2026-01-31 12:10:04,380 [ERROR] LogOutputStream:75 - [STDERR_REDIRECT] WARNING: Unsupported notification method: statusNotification
2026-01-31 12:10:04,380 [ERROR] LogOutputStream:75 - [STDERR_REDIRECT] 
2026-01-31 12:10:04,381 [ERROR] LogOutputStream:75 - [STDERR_REDIRECT] Jan 31, 2026 12:10:04 PM org.eclipse.lsp4j.jsonrpc.services.GenericEndpoint notify
2026-01-31 12:10:04,381 [ERROR] LogOutputStream:75 - [STDERR_REDIRECT] WARNING: Unsupported notification method: didChangeStatus
2026-01-31 12:10:04,382 [ERROR] LogOutputStream:75 - [STDERR_REDIRECT] 
2026-01-31 12:10:04,422 [ERROR] LogOutputStream:75 - [STDERR_REDIRECT] Jan 31, 2026 12:10:04 PM org.eclipse.lsp4j.jsonrpc.services.GenericEndpoint notify
2026-01-31 12:10:04,422 [ERROR] LogOutputStream:75 - [STDERR_REDIRECT] WARNING: Unsupported notification method: statusNotification
2026-01-31 12:10:04,422 [ERROR] LogOutputStream:75 - [STDERR_REDIRECT] 
2026-01-31 12:10:04,423 [ERROR] LogOutputStream:75 - [STDERR_REDIRECT] Jan 31, 2026 12:10:04 PM org.eclipse.lsp4j.jsonrpc.services.GenericEndpoint notify
2026-01-31 12:10:04,423 [ERROR] LogOutputStream:75 - [STDERR_REDIRECT] WARNING: Unsupported notification method: didChangeStatus
2026-01-31 12:10:04,423 [ERROR] LogOutputStream:75 - [STDERR_REDIRECT] 
2026-01-31 12:10:04,424 [ERROR] LogOutputStream:75 - [STDERR_REDIRECT] Jan 31, 2026 12:10:04 PM org.eclipse.lsp4j.jsonrpc.services.GenericEndpoint notify
2026-01-31 12:10:04,424 [ERROR] LogOutputStream:75 - [STDERR_REDIRECT] WARNING: Unsupported notification method: statusNotification
2026-01-31 12:10:04,424 [ERROR] LogOutputStream:75 - [STDERR_REDIRECT] 
2026-01-31 12:10:04,424 [ERROR] LogOutputStream:75 - [STDERR_REDIRECT] Jan 31, 2026 12:10:04 PM org.eclipse.lsp4j.jsonrpc.services.GenericEndpoint notify
2026-01-31 12:10:04,424 [ERROR] LogOutputStream:75 - [STDERR_REDIRECT] WARNING: Unsupported notification method: didChangeStatus
2026-01-31 12:10:04,425 [ERROR] LogOutputStream:75 - [STDERR_REDIRECT] 
2026-01-31 12:10:04,474 [ERROR] LogOutputStream:75 - [STDERR_REDIRECT] Jan 31, 2026 12:10:04 PM org.eclipse.lsp4j.jsonrpc.services.GenericEndpoint notify
2026-01-31 12:10:04,474 [ERROR] LogOutputStream:75 - [STDERR_REDIRECT] WARNING: Unsupported notification method: statusNotification
2026-01-31 12:10:04,475 [ERROR] LogOutputStream:75 - [STDERR_REDIRECT] 
2026-01-31 12:10:04,475 [ERROR] LogOutputStream:75 - [STDERR_REDIRECT] Jan 31, 2026 12:10:04 PM org.eclipse.lsp4j.jsonrpc.services.GenericEndpoint notify
2026-01-31 12:10:04,475 [ERROR] LogOutputStream:75 - [STDERR_REDIRECT] WARNING: Unsupported notification method: didChangeStatus
2026-01-31 12:10:04,475 [ERROR] LogOutputStream:75 - [STDERR_REDIRECT] 
2026-01-31 12:10:05,117 [ERROR] LogOutputStream:75 - [STDERR_REDIRECT] Jan 31, 2026 12:10:05 PM org.eclipse.lsp4j.jsonrpc.services.GenericEndpoint notify
2026-01-31 12:10:05,117 [ERROR] LogOutputStream:75 - [STDERR_REDIRECT] WARNING: Unsupported notification method: statusNotification
2026-01-31 12:10:05,118 [ERROR] LogOutputStream:75 - [STDERR_REDIRECT] 
2026-01-31 12:10:05,118 [ERROR] LogOutputStream:75 - [STDERR_REDIRECT] Jan 31, 2026 12:10:05 PM org.eclipse.lsp4j.jsonrpc.services.GenericEndpoint notify
2026-01-31 12:10:05,118 [ERROR] LogOutputStream:75 - [STDERR_REDIRECT] WARNING: Unsupported notification method: didChangeStatus
2026-01-31 12:10:05,118 [ERROR] LogOutputStream:75 - [STDERR_REDIRECT] 
2026-01-31 12:10:05,590 [ERROR] LogOutputStream:75 - [STDERR_REDIRECT] Jan 31, 2026 12:10:05 PM org.eclipse.lsp4j.jsonrpc.services.GenericEndpoint notify
2026-01-31 12:10:05,590 [ERROR] LogOutputStream:75 - [STDERR_REDIRECT] WARNING: Unsupported notification method: statusNotification
2026-01-31 12:10:05,590 [ERROR] LogOutputStream:75 - [STDERR_REDIRECT] 
2026-01-31 12:10:05,590 [ERROR] LogOutputStream:75 - [STDERR_REDIRECT] Jan 31, 2026 12:10:05 PM org.eclipse.lsp4j.jsonrpc.services.GenericEndpoint notify
2026-01-31 12:10:05,590 [ERROR] LogOutputStream:75 - [STDERR_REDIRECT] WARNING: Unsupported notification method: didChangeStatus
2026-01-31 12:10:05,591 [ERROR] LogOutputStream:75 - [STDERR_REDIRECT] 
2026-01-31 12:10:05,591 [ERROR] LogOutputStream:75 - [STDERR_REDIRECT] Jan 31, 2026 12:10:05 PM org.eclipse.lsp4j.jsonrpc.services.GenericEndpoint notify
2026-01-31 12:10:05,591 [ERROR] LogOutputStream:75 - [STDERR_REDIRECT] WARNING: Unsupported notification method: statusNotification
2026-01-31 12:10:05,591 [ERROR] LogOutputStream:75 - [STDERR_REDIRECT] 
2026-01-31 12:10:05,591 [ERROR] LogOutputStream:75 - [STDERR_REDIRECT] Jan 31, 2026 12:10:05 PM org.eclipse.lsp4j.jsonrpc.services.GenericEndpoint notify
2026-01-31 12:10:05,591 [ERROR] LogOutputStream:75 - [STDERR_REDIRECT] WARNING: Unsupported notification method: didChangeStatus
2026-01-31 12:10:05,591 [ERROR] LogOutputStream:75 - [STDERR_REDIRECT] 
2026-01-31 12:10:06,377 [ERROR] LogOutputStream:75 - [STDERR_REDIRECT] Jan 31, 2026 12:10:06 PM org.eclipse.lsp4j.jsonrpc.services.GenericEndpoint notify
2026-01-31 12:10:06,377 [ERROR] LogOutputStream:75 - [STDERR_REDIRECT] WARNING: Unsupported notification method: statusNotification
2026-01-31 12:10:06,377 [ERROR] LogOutputStream:75 - [STDERR_REDIRECT] 
2026-01-31 12:10:06,378 [ERROR] LogOutputStream:75 - [STDERR_REDIRECT] Jan 31, 2026 12:10:06 PM org.eclipse.lsp4j.jsonrpc.services.GenericEndpoint notify
2026-01-31 12:10:06,378 [ERROR] LogOutputStream:75 - [STDERR_REDIRECT] WARNING: Unsupported notification method: didChangeStatus
2026-01-31 12:10:06,378 [ERROR] LogOutputStream:75 - [STDERR_REDIRECT] 
2026-01-31 12:10:06,378 [ERROR] LogOutputStream:75 - [STDERR_REDIRECT] Jan 31, 2026 12:10:06 PM org.eclipse.lsp4j.jsonrpc.services.GenericEndpoint notify
2026-01-31 12:10:06,379 [ERROR] LogOutputStream:75 - [STDERR_REDIRECT] WARNING: Unsupported notification method: statusNotification
2026-01-31 12:10:06,379 [ERROR] LogOutputStream:75 - [STDERR_REDIRECT] 
2026-01-31 12:10:06,379 [ERROR] LogOutputStream:75 - [STDERR_REDIRECT] Jan 31, 2026 12:10:06 PM org.eclipse.lsp4j.jsonrpc.services.GenericEndpoint notify
2026-01-31 12:10:06,379 [ERROR] LogOutputStream:75 - [STDERR_REDIRECT] WARNING: Unsupported notification method: didChangeStatus
2026-01-31 12:10:06,379 [ERROR] LogOutputStream:75 - [STDERR_REDIRECT] 
2026-01-31 12:10:06,631 [ERROR] LogOutputStream:75 - [STDERR_REDIRECT] Jan 31, 2026 12:10:06 PM org.eclipse.lsp4j.jsonrpc.services.GenericEndpoint notify
2026-01-31 12:10:06,631 [ERROR] LogOutputStream:75 - [STDERR_REDIRECT] WARNING: Unsupported notification method: statusNotification
2026-01-31 12:10:06,631 [ERROR] LogOutputStream:75 - [STDERR_REDIRECT] 
2026-01-31 12:10:06,632 [ERROR] LogOutputStream:75 - [STDERR_REDIRECT] Jan 31, 2026 12:10:06 PM org.eclipse.lsp4j.jsonrpc.services.GenericEndpoint notify
2026-01-31 12:10:06,632 [ERROR] LogOutputStream:75 - [STDERR_REDIRECT] WARNING: Unsupported notification method: didChangeStatus
2026-01-31 12:10:06,632 [ERROR] LogOutputStream:75 - [STDERR_REDIRECT] 
2026-01-31 12:10:06,799 [ERROR] LogOutputStream:75 - [STDERR_REDIRECT] Jan 31, 2026 12:10:06 PM org.eclipse.lsp4j.jsonrpc.services.GenericEndpoint notify
2026-01-31 12:10:06,799 [ERROR] LogOutputStream:75 - [STDERR_REDIRECT] WARNING: Unsupported notification method: statusNotification
2026-01-31 12:10:06,799 [ERROR] LogOutputStream:75 - [STDERR_REDIRECT] 
2026-01-31 12:10:06,799 [ERROR] LogOutputStream:75 - [STDERR_REDIRECT] Jan 31, 2026 12:10:06 PM org.eclipse.lsp4j.jsonrpc.services.GenericEndpoint notify
2026-01-31 12:10:06,800 [ERROR] LogOutputStream:75 - [STDERR_REDIRECT] WARNING: Unsupported notification method: didChangeStatus
2026-01-31 12:10:06,800 [ERROR] LogOutputStream:75 - [STDERR_REDIRECT] 
2026-01-31 12:10:06,839 [ERROR] LogOutputStream:75 - [STDERR_REDIRECT] Jan 31, 2026 12:10:06 PM org.eclipse.lsp4j.jsonrpc.services.GenericEndpoint notify
2026-01-31 12:10:06,839 [ERROR] LogOutputStream:75 - [STDERR_REDIRECT] WARNING: Unsupported notification method: statusNotification
2026-01-31 12:10:06,839 [ERROR] LogOutputStream:75 - [STDERR_REDIRECT] 
2026-01-31 12:10:06,840 [ERROR] LogOutputStream:75 - [STDERR_REDIRECT] Jan 31, 2026 12:10:06 PM org.eclipse.lsp4j.jsonrpc.services.GenericEndpoint notify
2026-01-31 12:10:06,840 [ERROR] LogOutputStream:75 - [STDERR_REDIRECT] WARNING: Unsupported notification method: didChangeStatus
2026-01-31 12:10:06,840 [ERROR] LogOutputStream:75 - [STDERR_REDIRECT] 
2026-01-31 12:10:07,574 [ERROR] LogOutputStream:75 - [STDERR_REDIRECT] Jan 31, 2026 12:10:07 PM org.eclipse.lsp4j.jsonrpc.services.GenericEndpoint notify
2026-01-31 12:10:07,575 [ERROR] LogOutputStream:75 - [STDERR_REDIRECT] WARNING: Unsupported notification method: statusNotification
2026-01-31 12:10:07,575 [ERROR] LogOutputStream:75 - [STDERR_REDIRECT] 
2026-01-31 12:10:07,575 [ERROR] LogOutputStream:75 - [STDERR_REDIRECT] Jan 31, 2026 12:10:07 PM org.eclipse.lsp4j.jsonrpc.services.GenericEndpoint notify
2026-01-31 12:10:07,575 [ERROR] LogOutputStream:75 - [STDERR_REDIRECT] WARNING: Unsupported notification method: didChangeStatus
2026-01-31 12:10:07,575 [ERROR] LogOutputStream:75 - [STDERR_REDIRECT] 
2026-01-31 12:10:07,790 [ERROR] LogOutputStream:75 - [STDERR_REDIRECT] Jan 31, 2026 12:10:07 PM org.eclipse.lsp4j.jsonrpc.services.GenericEndpoint notify
2026-01-31 12:10:07,790 [ERROR] LogOutputStream:75 - [STDERR_REDIRECT] WARNING: Unsupported notification method: statusNotification
2026-01-31 12:10:07,790 [ERROR] LogOutputStream:75 - [STDERR_REDIRECT] 
2026-01-31 12:10:07,790 [ERROR] LogOutputStream:75 - [STDERR_REDIRECT] Jan 31, 2026 12:10:07 PM org.eclipse.lsp4j.jsonrpc.services.GenericEndpoint notify
2026-01-31 12:10:07,790 [ERROR] LogOutputStream:75 - [STDERR_REDIRECT] WARNING: Unsupported notification method: didChangeStatus
2026-01-31 12:10:07,790 [ERROR] LogOutputStream:75 - [STDERR_REDIRECT] 
2026-01-31 12:10:07,791 [ERROR] LogOutputStream:75 - [STDERR_REDIRECT] Jan 31, 2026 12:10:07 PM org.eclipse.lsp4j.jsonrpc.services.GenericEndpoint notify
2026-01-31 12:10:07,791 [ERROR] LogOutputStream:75 - [STDERR_REDIRECT] WARNING: Unsupported notification method: statusNotification
2026-01-31 12:10:07,791 [ERROR] LogOutputStream:75 - [STDERR_REDIRECT] 
2026-01-31 12:10:07,791 [ERROR] LogOutputStream:75 - [STDERR_REDIRECT] Jan 31, 2026 12:10:07 PM org.eclipse.lsp4j.jsonrpc.services.GenericEndpoint notify
2026-01-31 12:10:07,792 [ERROR] LogOutputStream:75 - [STDERR_REDIRECT] WARNING: Unsupported notification method: didChangeStatus
2026-01-31 12:10:07,792 [ERROR] LogOutputStream:75 - [STDERR_REDIRECT] 
2026-01-31 12:10:50,017 [ERROR] LogOutputStream:75 - [STDERR_REDIRECT] Jan 31, 2026 12:10:50 PM org.eclipse.lsp4j.jsonrpc.services.GenericEndpoint notify
2026-01-31 12:10:50,017 [ERROR] LogOutputStream:75 - [STDERR_REDIRECT] WARNING: Unsupported notification method: statusNotification
2026-01-31 12:10:50,017 [ERROR] LogOutputStream:75 - [STDERR_REDIRECT] 
2026-01-31 12:10:50,018 [ERROR] LogOutputStream:75 - [STDERR_REDIRECT] Jan 31, 2026 12:10:50 PM org.eclipse.lsp4j.jsonrpc.services.GenericEndpoint notify
2026-01-31 12:10:50,019 [ERROR] LogOutputStream:75 - [STDERR_REDIRECT] WARNING: Unsupported notification method: didChangeStatus
2026-01-31 12:10:50,019 [ERROR] LogOutputStream:75 - [STDERR_REDIRECT] 
2026-01-31 12:10:50,175 [ERROR] LogOutputStream:75 - [STDERR_REDIRECT] Jan 31, 2026 12:10:50 PM org.eclipse.lsp4j.jsonrpc.services.GenericEndpoint notify
2026-01-31 12:10:50,175 [ERROR] LogOutputStream:75 - [STDERR_REDIRECT] WARNING: Unsupported notification method: statusNotification
2026-01-31 12:10:50,175 [ERROR] LogOutputStream:75 - [STDERR_REDIRECT] 
2026-01-31 12:10:50,176 [ERROR] LogOutputStream:75 - [STDERR_REDIRECT] Jan 31, 2026 12:10:50 PM org.eclipse.lsp4j.jsonrpc.services.GenericEndpoint notify
2026-01-31 12:10:50,177 [ERROR] LogOutputStream:75 - [STDERR_REDIRECT] WARNING: Unsupported notification method: didChangeStatus
2026-01-31 12:10:50,177 [ERROR] LogOutputStream:75 - [STDERR_REDIRECT] 
2026-01-31 12:10:50,249 [ERROR] LogOutputStream:75 - [STDERR_REDIRECT] Jan 31, 2026 12:10:50 PM org.eclipse.lsp4j.jsonrpc.services.GenericEndpoint notify
2026-01-31 12:10:50,249 [ERROR] LogOutputStream:75 - [STDERR_REDIRECT] WARNING: Unsupported notification method: statusNotification
2026-01-31 12:10:50,249 [ERROR] LogOutputStream:75 - [STDERR_REDIRECT] 
2026-01-31 12:10:50,249 [ERROR] LogOutputStream:75 - [STDERR_REDIRECT] Jan 31, 2026 12:10:50 PM org.eclipse.lsp4j.jsonrpc.services.GenericEndpoint notify
2026-01-31 12:10:50,249 [ERROR] LogOutputStream:75 - [STDERR_REDIRECT] WARNING: Unsupported notification method: didChangeStatus
2026-01-31 12:10:50,249 [ERROR] LogOutputStream:75 - [STDERR_REDIRECT] 
2026-01-31 12:10:50,409 [ERROR] LogOutputStream:75 - [STDERR_REDIRECT] Jan 31, 2026 12:10:50 PM org.eclipse.lsp4j.jsonrpc.services.GenericEndpoint notify
2026-01-31 12:10:50,409 [ERROR] LogOutputStream:75 - [STDERR_REDIRECT] WARNING: Unsupported notification method: statusNotification
2026-01-31 12:10:50,409 [ERROR] LogOutputStream:75 - [STDERR_REDIRECT] 
2026-01-31 12:10:50,410 [ERROR] LogOutputStream:75 - [STDERR_REDIRECT] Jan 31, 2026 12:10:50 PM org.eclipse.lsp4j.jsonrpc.services.GenericEndpoint notify
2026-01-31 12:10:50,410 [ERROR] LogOutputStream:75 - [STDERR_REDIRECT] WARNING: Unsupported notification method: didChangeStatus
2026-01-31 12:10:50,410 [ERROR] LogOutputStream:75 - [STDERR_REDIRECT] 
2026-01-31 12:10:50,494 [ERROR] LogOutputStream:75 - [STDERR_REDIRECT] Jan 31, 2026 12:10:50 PM org.eclipse.lsp4j.jsonrpc.services.GenericEndpoint notify
2026-01-31 12:10:50,494 [ERROR] LogOutputStream:75 - [STDERR_REDIRECT] WARNING: Unsupported notification method: statusNotification
2026-01-31 12:10:50,494 [ERROR] LogOutputStream:75 - [STDERR_REDIRECT] 
2026-01-31 12:10:50,495 [ERROR] LogOutputStream:75 - [STDERR_REDIRECT] Jan 31, 2026 12:10:50 PM org.eclipse.lsp4j.jsonrpc.services.GenericEndpoint notify
2026-01-31 12:10:50,495 [ERROR] LogOutputStream:75 - [STDERR_REDIRECT] WARNING: Unsupported notification method: didChangeStatus
2026-01-31 12:10:50,495 [ERROR] LogOutputStream:75 - [STDERR_REDIRECT] 
2026-01-31 12:10:50,659 [ERROR] LogOutputStream:75 - [STDERR_REDIRECT] Jan 31, 2026 12:10:50 PM org.eclipse.lsp4j.jsonrpc.services.GenericEndpoint notify
2026-01-31 12:10:50,659 [ERROR] LogOutputStream:75 - [STDERR_REDIRECT] WARNING: Unsupported notification method: statusNotification
2026-01-31 12:10:50,660 [ERROR] LogOutputStream:75 - [STDERR_REDIRECT] 
2026-01-31 12:10:50,660 [ERROR] LogOutputStream:75 - [STDERR_REDIRECT] Jan 31, 2026 12:10:50 PM org.eclipse.lsp4j.jsonrpc.services.GenericEndpoint notify
2026-01-31 12:10:50,660 [ERROR] LogOutputStream:75 - [STDERR_REDIRECT] WARNING: Unsupported notification method: didChangeStatus
2026-01-31 12:10:50,660 [ERROR] LogOutputStream:75 - [STDERR_REDIRECT] 
2026-01-31 12:10:50,694 [ERROR] LogOutputStream:75 - [STDERR_REDIRECT] Jan 31, 2026 12:10:50 PM org.eclipse.lsp4j.jsonrpc.services.GenericEndpoint notify
2026-01-31 12:10:50,694 [ERROR] LogOutputStream:75 - [STDERR_REDIRECT] WARNING: Unsupported notification method: statusNotification
2026-01-31 12:10:50,694 [ERROR] LogOutputStream:75 - [STDERR_REDIRECT] 
2026-01-31 12:10:50,695 [ERROR] LogOutputStream:75 - [STDERR_REDIRECT] Jan 31, 2026 12:10:50 PM org.eclipse.lsp4j.jsonrpc.services.GenericEndpoint notify
2026-01-31 12:10:50,695 [ERROR] LogOutputStream:75 - [STDERR_REDIRECT] WARNING: Unsupported notification method: didChangeStatus
2026-01-31 12:10:50,695 [ERROR] LogOutputStream:75 - [STDERR_REDIRECT] 
2026-01-31 12:10:50,864 [ERROR] LogOutputStream:75 - [STDERR_REDIRECT] Jan 31, 2026 12:10:50 PM org.eclipse.lsp4j.jsonrpc.services.GenericEndpoint notify
2026-01-31 12:10:50,865 [ERROR] LogOutputStream:75 - [STDERR_REDIRECT] WARNING: Unsupported notification method: statusNotification
2026-01-31 12:10:50,865 [ERROR] LogOutputStream:75 - [STDERR_REDIRECT] 
2026-01-31 12:10:50,866 [ERROR] LogOutputStream:75 - [STDERR_REDIRECT] Jan 31, 2026 12:10:50 PM org.eclipse.lsp4j.jsonrpc.services.GenericEndpoint notify
2026-01-31 12:10:50,866 [ERROR] LogOutputStream:75 - [STDERR_REDIRECT] WARNING: Unsupported notification method: didChangeStatus
2026-01-31 12:10:50,867 [ERROR] LogOutputStream:75 - [STDERR_REDIRECT] 
2026-01-31 12:10:50,962 [ERROR] LogOutputStream:75 - [STDERR_REDIRECT] Jan 31, 2026 12:10:50 PM org.eclipse.lsp4j.jsonrpc.services.GenericEndpoint notify
2026-01-31 12:10:50,962 [ERROR] LogOutputStream:75 - [STDERR_REDIRECT] WARNING: Unsupported notification method: statusNotification
2026-01-31 12:10:50,963 [ERROR] LogOutputStream:75 - [STDERR_REDIRECT] 
2026-01-31 12:10:50,963 [ERROR] LogOutputStream:75 - [STDERR_REDIRECT] Jan 31, 2026 12:10:50 PM org.eclipse.lsp4j.jsonrpc.services.GenericEndpoint notify
2026-01-31 12:10:50,964 [ERROR] LogOutputStream:75 - [STDERR_REDIRECT] WARNING: Unsupported notification method: didChangeStatus
2026-01-31 12:10:50,964 [ERROR] LogOutputStream:75 - [STDERR_REDIRECT] 
2026-01-31 12:10:51,721 [ERROR] LogOutputStream:75 - [STDERR_REDIRECT] Jan 31, 2026 12:10:51 PM org.eclipse.lsp4j.jsonrpc.services.GenericEndpoint notify
2026-01-31 12:10:51,721 [ERROR] LogOutputStream:75 - [STDERR_REDIRECT] WARNING: Unsupported notification method: statusNotification
2026-01-31 12:10:51,721 [ERROR] LogOutputStream:75 - [STDERR_REDIRECT] 
2026-01-31 12:10:51,722 [ERROR] LogOutputStream:75 - [STDERR_REDIRECT] Jan 31, 2026 12:10:51 PM org.eclipse.lsp4j.jsonrpc.services.GenericEndpoint notify
2026-01-31 12:10:51,722 [ERROR] LogOutputStream:75 - [STDERR_REDIRECT] WARNING: Unsupported notification method: didChangeStatus
2026-01-31 12:10:51,722 [ERROR] LogOutputStream:75 - [STDERR_REDIRECT] 
2026-01-31 12:10:51,772 [ERROR] LogOutputStream:75 - [STDERR_REDIRECT] Jan 31, 2026 12:10:51 PM org.eclipse.lsp4j.jsonrpc.services.GenericEndpoint notify
2026-01-31 12:10:51,773 [ERROR] LogOutputStream:75 - [STDERR_REDIRECT] WARNING: Unsupported notification method: statusNotification
2026-01-31 12:10:51,773 [ERROR] LogOutputStream:75 - [STDERR_REDIRECT] 
2026-01-31 12:10:51,773 [ERROR] LogOutputStream:75 - [STDERR_REDIRECT] Jan 31, 2026 12:10:51 PM org.eclipse.lsp4j.jsonrpc.services.GenericEndpoint notify
2026-01-31 12:10:51,773 [ERROR] LogOutputStream:75 - [STDERR_REDIRECT] WARNING: Unsupported notification method: didChangeStatus
2026-01-31 12:10:51,774 [ERROR] LogOutputStream:75 - [STDERR_REDIRECT] 
2026-01-31 12:10:52,390 [ERROR] LogOutputStream:75 - [STDERR_REDIRECT] Jan 31, 2026 12:10:52 PM org.eclipse.lsp4j.jsonrpc.services.GenericEndpoint notify
2026-01-31 12:10:52,390 [ERROR] LogOutputStream:75 - [STDERR_REDIRECT] WARNING: Unsupported notification method: statusNotification
2026-01-31 12:10:52,391 [ERROR] LogOutputStream:75 - [STDERR_REDIRECT] 
2026-01-31 12:10:52,391 [ERROR] LogOutputStream:75 - [STDERR_REDIRECT] Jan 31, 2026 12:10:52 PM org.eclipse.lsp4j.jsonrpc.services.GenericEndpoint notify
2026-01-31 12:10:52,391 [ERROR] LogOutputStream:75 - [STDERR_REDIRECT] WARNING: Unsupported notification method: didChangeStatus
2026-01-31 12:10:52,391 [ERROR] LogOutputStream:75 - [STDERR_REDIRECT] 
2026-01-31 12:10:53,215 [ERROR] LogOutputStream:75 - [STDERR_REDIRECT] Jan 31, 2026 12:10:53 PM org.eclipse.lsp4j.jsonrpc.services.GenericEndpoint notify
2026-01-31 12:10:53,215 [ERROR] LogOutputStream:75 - [STDERR_REDIRECT] WARNING: Unsupported notification method: statusNotification
2026-01-31 12:10:53,215 [ERROR] LogOutputStream:75 - [STDERR_REDIRECT] 
2026-01-31 12:10:53,216 [ERROR] LogOutputStream:75 - [STDERR_REDIRECT] Jan 31, 2026 12:10:53 PM org.eclipse.lsp4j.jsonrpc.services.GenericEndpoint notify
2026-01-31 12:10:53,216 [ERROR] LogOutputStream:75 - [STDERR_REDIRECT] WARNING: Unsupported notification method: didChangeStatus
2026-01-31 12:10:53,216 [ERROR] LogOutputStream:75 - [STDERR_REDIRECT] 
2026-01-31 12:10:53,216 [ERROR] LogOutputStream:75 - [STDERR_REDIRECT] Jan 31, 2026 12:10:53 PM org.eclipse.lsp4j.jsonrpc.services.GenericEndpoint notify
2026-01-31 12:10:53,216 [ERROR] LogOutputStream:75 - [STDERR_REDIRECT] WARNING: Unsupported notification method: statusNotification
2026-01-31 12:10:53,216 [ERROR] LogOutputStream:75 - [STDERR_REDIRECT] 
2026-01-31 12:10:53,216 [ERROR] LogOutputStream:75 - [STDERR_REDIRECT] Jan 31, 2026 12:10:53 PM org.eclipse.lsp4j.jsonrpc.services.GenericEndpoint notify
2026-01-31 12:10:53,216 [ERROR] LogOutputStream:75 - [STDERR_REDIRECT] WARNING: Unsupported notification method: didChangeStatus
2026-01-31 12:10:53,216 [ERROR] LogOutputStream:75 - [STDERR_REDIRECT] 
2026-01-31 12:10:56,419 [ERROR] LogOutputStream:75 - [STDERR_REDIRECT] Jan 31, 2026 12:10:56 PM org.eclipse.lsp4j.jsonrpc.services.GenericEndpoint notify
2026-01-31 12:10:56,420 [ERROR] LogOutputStream:75 - [STDERR_REDIRECT] WARNING: Unsupported notification method: statusNotification
2026-01-31 12:10:56,420 [ERROR] LogOutputStream:75 - [STDERR_REDIRECT] 
2026-01-31 12:10:56,420 [ERROR] LogOutputStream:75 - [STDERR_REDIRECT] Jan 31, 2026 12:10:56 PM org.eclipse.lsp4j.jsonrpc.services.GenericEndpoint notify
2026-01-31 12:10:56,420 [ERROR] LogOutputStream:75 - [STDERR_REDIRECT] WARNING: Unsupported notification method: didChangeStatus
2026-01-31 12:10:56,420 [ERROR] LogOutputStream:75 - [STDERR_REDIRECT] 
2026-01-31 12:10:56,421 [ERROR] LogOutputStream:75 - [STDERR_REDIRECT] Jan 31, 2026 12:10:56 PM org.eclipse.lsp4j.jsonrpc.services.GenericEndpoint notify
2026-01-31 12:10:56,421 [ERROR] LogOutputStream:75 - [STDERR_REDIRECT] WARNING: Unsupported notification method: statusNotification
2026-01-31 12:10:56,421 [ERROR] LogOutputStream:75 - [STDERR_REDIRECT] 
2026-01-31 12:10:56,421 [ERROR] LogOutputStream:75 - [STDERR_REDIRECT] Jan 31, 2026 12:10:56 PM org.eclipse.lsp4j.jsonrpc.services.GenericEndpoint notify
2026-01-31 12:10:56,421 [ERROR] LogOutputStream:75 - [STDERR_REDIRECT] WARNING: Unsupported notification method: didChangeStatus
2026-01-31 12:10:56,421 [ERROR] LogOutputStream:75 - [STDERR_REDIRECT] 
2026-01-31 12:10:58,247 [ERROR] LogOutputStream:75 - [STDERR_REDIRECT] Jan 31, 2026 12:10:58 PM org.eclipse.lsp4j.jsonrpc.services.GenericEndpoint notify
2026-01-31 12:10:58,248 [ERROR] LogOutputStream:75 - [STDERR_REDIRECT] WARNING: Unsupported notification method: statusNotification
2026-01-31 12:10:58,248 [ERROR] LogOutputStream:75 - [STDERR_REDIRECT] 
2026-01-31 12:10:58,248 [ERROR] LogOutputStream:75 - [STDERR_REDIRECT] Jan 31, 2026 12:10:58 PM org.eclipse.lsp4j.jsonrpc.services.GenericEndpoint notify
2026-01-31 12:10:58,249 [ERROR] LogOutputStream:75 - [STDERR_REDIRECT] WARNING: Unsupported notification method: didChangeStatus
2026-01-31 12:10:58,249 [ERROR] LogOutputStream:75 - [STDERR_REDIRECT] 
2026-01-31 12:10:58,249 [ERROR] LogOutputStream:75 - [STDERR_REDIRECT] Jan 31, 2026 12:10:58 PM org.eclipse.lsp4j.jsonrpc.services.GenericEndpoint notify
2026-01-31 12:10:58,250 [ERROR] LogOutputStream:75 - [STDERR_REDIRECT] WARNING: Unsupported notification method: statusNotification
2026-01-31 12:10:58,250 [ERROR] LogOutputStream:75 - [STDERR_REDIRECT] 
2026-01-31 12:10:58,250 [ERROR] LogOutputStream:75 - [STDERR_REDIRECT] Jan 31, 2026 12:10:58 PM org.eclipse.lsp4j.jsonrpc.services.GenericEndpoint notify
2026-01-31 12:10:58,250 [ERROR] LogOutputStream:75 - [STDERR_REDIRECT] WARNING: Unsupported notification method: didChangeStatus
2026-01-31 12:10:58,250 [ERROR] LogOutputStream:75 - [STDERR_REDIRECT] 
2026-01-31 12:10:59,456 [ERROR] LogOutputStream:75 - [STDERR_REDIRECT] Jan 31, 2026 12:10:59 PM org.eclipse.lsp4j.jsonrpc.services.GenericEndpoint notify
2026-01-31 12:10:59,456 [ERROR] LogOutputStream:75 - [STDERR_REDIRECT] WARNING: Unsupported notification method: statusNotification
2026-01-31 12:10:59,456 [ERROR] LogOutputStream:75 - [STDERR_REDIRECT] 
2026-01-31 12:10:59,457 [ERROR] LogOutputStream:75 - [STDERR_REDIRECT] Jan 31, 2026 12:10:59 PM org.eclipse.lsp4j.jsonrpc.services.GenericEndpoint notify
2026-01-31 12:10:59,457 [ERROR] LogOutputStream:75 - [STDERR_REDIRECT] WARNING: Unsupported notification method: didChangeStatus
2026-01-31 12:10:59,457 [ERROR] LogOutputStream:75 - [STDERR_REDIRECT] 
2026-01-31 12:10:59,458 [ERROR] LogOutputStream:75 - [STDERR_REDIRECT] Jan 31, 2026 12:10:59 PM org.eclipse.lsp4j.jsonrpc.services.GenericEndpoint notify
2026-01-31 12:10:59,458 [ERROR] LogOutputStream:75 - [STDERR_REDIRECT] WARNING: Unsupported notification method: statusNotification
2026-01-31 12:10:59,458 [ERROR] LogOutputStream:75 - [STDERR_REDIRECT] 
2026-01-31 12:10:59,458 [ERROR] LogOutputStream:75 - [STDERR_REDIRECT] Jan 31, 2026 12:10:59 PM org.eclipse.lsp4j.jsonrpc.services.GenericEndpoint notify
2026-01-31 12:10:59,459 [ERROR] LogOutputStream:75 - [STDERR_REDIRECT] WARNING: Unsupported notification method: didChangeStatus
2026-01-31 12:10:59,459 [ERROR] LogOutputStream:75 - [STDERR_REDIRECT] 
2026-01-31 12:10:59,609 [ERROR] LogOutputStream:75 - [STDERR_REDIRECT] Jan 31, 2026 12:10:59 PM org.eclipse.lsp4j.jsonrpc.services.GenericEndpoint notify
2026-01-31 12:10:59,610 [ERROR] LogOutputStream:75 - [STDERR_REDIRECT] WARNING: Unsupported notification method: statusNotification
2026-01-31 12:10:59,610 [ERROR] LogOutputStream:75 - [STDERR_REDIRECT] 
2026-01-31 12:10:59,610 [ERROR] LogOutputStream:75 - [STDERR_REDIRECT] Jan 31, 2026 12:10:59 PM org.eclipse.lsp4j.jsonrpc.services.GenericEndpoint notify
2026-01-31 12:10:59,610 [ERROR] LogOutputStream:75 - [STDERR_REDIRECT] WARNING: Unsupported notification method: didChangeStatus
2026-01-31 12:10:59,611 [ERROR] LogOutputStream:75 - [STDERR_REDIRECT] 
2026-01-31 12:10:59,611 [ERROR] LogOutputStream:75 - [STDERR_REDIRECT] Jan 31, 2026 12:10:59 PM org.eclipse.lsp4j.jsonrpc.services.GenericEndpoint notify
2026-01-31 12:10:59,611 [ERROR] LogOutputStream:75 - [STDERR_REDIRECT] WARNING: Unsupported notification method: statusNotification
2026-01-31 12:10:59,611 [ERROR] LogOutputStream:75 - [STDERR_REDIRECT] 
2026-01-31 12:10:59,611 [ERROR] LogOutputStream:75 - [STDERR_REDIRECT] Jan 31, 2026 12:10:59 PM org.eclipse.lsp4j.jsonrpc.services.GenericEndpoint notify
2026-01-31 12:10:59,611 [ERROR] LogOutputStream:75 - [STDERR_REDIRECT] WARNING: Unsupported notification method: didChangeStatus
2026-01-31 12:10:59,611 [ERROR] LogOutputStream:75 - [STDERR_REDIRECT] 
2026-01-31 12:10:59,762 [ERROR] LogOutputStream:75 - [STDERR_REDIRECT] Jan 31, 2026 12:10:59 PM org.eclipse.lsp4j.jsonrpc.services.GenericEndpoint notify
2026-01-31 12:10:59,762 [ERROR] LogOutputStream:75 - [STDERR_REDIRECT] WARNING: Unsupported notification method: statusNotification
2026-01-31 12:10:59,762 [ERROR] LogOutputStream:75 - [STDERR_REDIRECT] 
2026-01-31 12:10:59,762 [ERROR] LogOutputStream:75 - [STDERR_REDIRECT] Jan 31, 2026 12:10:59 PM org.eclipse.lsp4j.jsonrpc.services.GenericEndpoint notify
2026-01-31 12:10:59,762 [ERROR] LogOutputStream:75 - [STDERR_REDIRECT] WARNING: Unsupported notification method: didChangeStatus
2026-01-31 12:10:59,762 [ERROR] LogOutputStream:75 - [STDERR_REDIRECT] 
2026-01-31 12:11:00,495 [ERROR] LogOutputStream:75 - [STDERR_REDIRECT] Jan 31, 2026 12:11:00 PM org.eclipse.lsp4j.jsonrpc.services.GenericEndpoint notify
2026-01-31 12:11:00,495 [ERROR] LogOutputStream:75 - [STDERR_REDIRECT] WARNING: Unsupported notification method: statusNotification
2026-01-31 12:11:00,496 [ERROR] LogOutputStream:75 - [STDERR_REDIRECT] 
2026-01-31 12:11:00,496 [ERROR] LogOutputStream:75 - [STDERR_REDIRECT] Jan 31, 2026 12:11:00 PM org.eclipse.lsp4j.jsonrpc.services.GenericEndpoint notify
2026-01-31 12:11:00,496 [ERROR] LogOutputStream:75 - [STDERR_REDIRECT] WARNING: Unsupported notification method: didChangeStatus
2026-01-31 12:11:00,496 [ERROR] LogOutputStream:75 - [STDERR_REDIRECT] 
2026-01-31 12:11:00,533 [ERROR] LogOutputStream:75 - [STDERR_REDIRECT] Jan 31, 2026 12:11:00 PM org.eclipse.lsp4j.jsonrpc.services.GenericEndpoint notify
2026-01-31 12:11:00,533 [ERROR] LogOutputStream:75 - [STDERR_REDIRECT] WARNING: Unsupported notification method: statusNotification
2026-01-31 12:11:00,533 [ERROR] LogOutputStream:75 - [STDERR_REDIRECT] 
2026-01-31 12:11:00,534 [ERROR] LogOutputStream:75 - [STDERR_REDIRECT] Jan 31, 2026 12:11:00 PM org.eclipse.lsp4j.jsonrpc.services.GenericEndpoint notify
2026-01-31 12:11:00,534 [ERROR] LogOutputStream:75 - [STDERR_REDIRECT] WARNING: Unsupported notification method: didChangeStatus
2026-01-31 12:11:00,534 [ERROR] LogOutputStream:75 - [STDERR_REDIRECT] 
2026-01-31 12:11:01,217 [ERROR] LogOutputStream:75 - [STDERR_REDIRECT] Jan 31, 2026 12:11:01 PM org.eclipse.lsp4j.jsonrpc.services.GenericEndpoint notify
2026-01-31 12:11:01,217 [ERROR] LogOutputStream:75 - [STDERR_REDIRECT] WARNING: Unsupported notification method: statusNotification
2026-01-31 12:11:01,217 [ERROR] LogOutputStream:75 - [STDERR_REDIRECT] 
2026-01-31 12:11:01,218 [ERROR] LogOutputStream:75 - [STDERR_REDIRECT] Jan 31, 2026 12:11:01 PM org.eclipse.lsp4j.jsonrpc.services.GenericEndpoint notify
2026-01-31 12:11:01,218 [ERROR] LogOutputStream:75 - [STDERR_REDIRECT] WARNING: Unsupported notification method: didChangeStatus
2026-01-31 12:11:01,218 [ERROR] LogOutputStream:75 - [STDERR_REDIRECT] 
2026-01-31 12:11:01,267 [ERROR] LogOutputStream:75 - [STDERR_REDIRECT] Jan 31, 2026 12:11:01 PM org.eclipse.lsp4j.jsonrpc.services.GenericEndpoint notify
2026-01-31 12:11:01,268 [ERROR] LogOutputStream:75 - [STDERR_REDIRECT] WARNING: Unsupported notification method: statusNotification
2026-01-31 12:11:01,268 [ERROR] LogOutputStream:75 - [STDERR_REDIRECT] 
2026-01-31 12:11:01,269 [ERROR] LogOutputStream:75 - [STDERR_REDIRECT] Jan 31, 2026 12:11:01 PM org.eclipse.lsp4j.jsonrpc.services.GenericEndpoint notify
2026-01-31 12:11:01,269 [ERROR] LogOutputStream:75 - [STDERR_REDIRECT] WARNING: Unsupported notification method: didChangeStatus
2026-01-31 12:11:01,269 [ERROR] LogOutputStream:75 - [STDERR_REDIRECT] 
2026-01-31 12:11:01,889 [ERROR] LogOutputStream:75 - [STDERR_REDIRECT] Jan 31, 2026 12:11:01 PM org.eclipse.lsp4j.jsonrpc.services.GenericEndpoint notify
2026-01-31 12:11:01,889 [ERROR] LogOutputStream:75 - [STDERR_REDIRECT] WARNING: Unsupported notification method: statusNotification
2026-01-31 12:11:01,889 [ERROR] LogOutputStream:75 - [STDERR_REDIRECT] 
2026-01-31 12:11:01,890 [ERROR] LogOutputStream:75 - [STDERR_REDIRECT] Jan 31, 2026 12:11:01 PM org.eclipse.lsp4j.jsonrpc.services.GenericEndpoint notify
2026-01-31 12:11:01,890 [ERROR] LogOutputStream:75 - [STDERR_REDIRECT] WARNING: Unsupported notification method: didChangeStatus
2026-01-31 12:11:01,890 [ERROR] LogOutputStream:75 - [STDERR_REDIRECT] 
2026-01-31 12:11:01,963 [ERROR] LogOutputStream:75 - [STDERR_REDIRECT] Jan 31, 2026 12:11:01 PM org.eclipse.lsp4j.jsonrpc.services.GenericEndpoint notify
2026-01-31 12:11:01,964 [ERROR] LogOutputStream:75 - [STDERR_REDIRECT] WARNING: Unsupported notification method: statusNotification
2026-01-31 12:11:01,964 [ERROR] LogOutputStream:75 - [STDERR_REDIRECT] 
2026-01-31 12:11:01,964 [ERROR] LogOutputStream:75 - [STDERR_REDIRECT] Jan 31, 2026 12:11:01 PM org.eclipse.lsp4j.jsonrpc.services.GenericEndpoint notify
2026-01-31 12:11:01,964 [ERROR] LogOutputStream:75 - [STDERR_REDIRECT] WARNING: Unsupported notification method: didChangeStatus
2026-01-31 12:11:01,965 [ERROR] LogOutputStream:75 - [STDERR_REDIRECT] 
2026-01-31 12:11:02,444 [ERROR] LogOutputStream:75 - [STDERR_REDIRECT] Jan 31, 2026 12:11:02 PM org.eclipse.lsp4j.jsonrpc.services.GenericEndpoint notify
2026-01-31 12:11:02,444 [ERROR] LogOutputStream:75 - [STDERR_REDIRECT] WARNING: Unsupported notification method: statusNotification
2026-01-31 12:11:02,444 [ERROR] LogOutputStream:75 - [STDERR_REDIRECT] 
2026-01-31 12:11:02,445 [ERROR] LogOutputStream:75 - [STDERR_REDIRECT] Jan 31, 2026 12:11:02 PM org.eclipse.lsp4j.jsonrpc.services.GenericEndpoint notify
2026-01-31 12:11:02,445 [ERROR] LogOutputStream:75 - [STDERR_REDIRECT] WARNING: Unsupported notification method: didChangeStatus
2026-01-31 12:11:02,445 [ERROR] LogOutputStream:75 - [STDERR_REDIRECT] 
2026-01-31 12:11:06,304 [ERROR] LogOutputStream:75 - [STDERR_REDIRECT] Jan 31, 2026 12:11:06 PM org.eclipse.lsp4j.jsonrpc.services.GenericEndpoint notify
2026-01-31 12:11:06,305 [ERROR] LogOutputStream:75 - [STDERR_REDIRECT] WARNING: Unsupported notification method: statusNotification
2026-01-31 12:11:06,305 [ERROR] LogOutputStream:75 - [STDERR_REDIRECT] 
2026-01-31 12:11:06,305 [ERROR] LogOutputStream:75 - [STDERR_REDIRECT] Jan 31, 2026 12:11:06 PM org.eclipse.lsp4j.jsonrpc.services.GenericEndpoint notify
2026-01-31 12:11:06,305 [ERROR] LogOutputStream:75 - [STDERR_REDIRECT] WARNING: Unsupported notification method: didChangeStatus
2026-01-31 12:11:06,305 [ERROR] LogOutputStream:75 - [STDERR_REDIRECT] 
2026-01-31 12:11:07,076 [ERROR] LogOutputStream:75 - [STDERR_REDIRECT] Jan 31, 2026 12:11:07 PM org.eclipse.lsp4j.jsonrpc.services.GenericEndpoint notify
2026-01-31 12:11:07,076 [ERROR] LogOutputStream:75 - [STDERR_REDIRECT] WARNING: Unsupported notification method: statusNotification
2026-01-31 12:11:07,076 [ERROR] LogOutputStream:75 - [STDERR_REDIRECT] 
2026-01-31 12:11:07,076 [ERROR] LogOutputStream:75 - [STDERR_REDIRECT] Jan 31, 2026 12:11:07 PM org.eclipse.lsp4j.jsonrpc.services.GenericEndpoint notify
2026-01-31 12:11:07,077 [ERROR] LogOutputStream:75 - [STDERR_REDIRECT] WARNING: Unsupported notification method: didChangeStatus
2026-01-31 12:11:07,077 [ERROR] LogOutputStream:75 - [STDERR_REDIRECT] 
2026-01-31 12:11:08,653 [ERROR] LogOutputStream:75 - [STDERR_REDIRECT] Jan 31, 2026 12:11:08 PM org.eclipse.lsp4j.jsonrpc.services.GenericEndpoint notify
2026-01-31 12:11:08,653 [ERROR] LogOutputStream:75 - [STDERR_REDIRECT] WARNING: Unsupported notification method: statusNotification
2026-01-31 12:11:08,653 [ERROR] LogOutputStream:75 - [STDERR_REDIRECT] 
2026-01-31 12:11:08,653 [ERROR] LogOutputStream:75 - [STDERR_REDIRECT] Jan 31, 2026 12:11:08 PM org.eclipse.lsp4j.jsonrpc.services.GenericEndpoint notify
2026-01-31 12:11:08,653 [ERROR] LogOutputStream:75 - [STDERR_REDIRECT] WARNING: Unsupported notification method: didChangeStatus
2026-01-31 12:11:08,654 [ERROR] LogOutputStream:75 - [STDERR_REDIRECT] 
2026-01-31 12:11:09,448 [ERROR] LogOutputStream:75 - [STDERR_REDIRECT] Jan 31, 2026 12:11:09 PM org.eclipse.lsp4j.jsonrpc.services.GenericEndpoint notify
2026-01-31 12:11:09,448 [ERROR] LogOutputStream:75 - [STDERR_REDIRECT] WARNING: Unsupported notification method: statusNotification
2026-01-31 12:11:09,448 [ERROR] LogOutputStream:75 - [STDERR_REDIRECT] 
2026-01-31 12:11:09,448 [ERROR] LogOutputStream:75 - [STDERR_REDIRECT] Jan 31, 2026 12:11:09 PM org.eclipse.lsp4j.jsonrpc.services.GenericEndpoint notify
2026-01-31 12:11:09,448 [ERROR] LogOutputStream:75 - [STDERR_REDIRECT] WARNING: Unsupported notification method: didChangeStatus
2026-01-31 12:11:09,448 [ERROR] LogOutputStream:75 - [STDERR_REDIRECT] 
2026-01-31 12:11:09,475 [ERROR] LogOutputStream:75 - [STDERR_REDIRECT] Jan 31, 2026 12:11:09 PM org.eclipse.lsp4j.jsonrpc.services.GenericEndpoint notify
2026-01-31 12:11:09,476 [ERROR] LogOutputStream:75 - [STDERR_REDIRECT] WARNING: Unsupported notification method: statusNotification
2026-01-31 12:11:09,476 [ERROR] LogOutputStream:75 - [STDERR_REDIRECT] 
2026-01-31 12:11:09,476 [ERROR] LogOutputStream:75 - [STDERR_REDIRECT] Jan 31, 2026 12:11:09 PM org.eclipse.lsp4j.jsonrpc.services.GenericEndpoint notify
2026-01-31 12:11:09,476 [ERROR] LogOutputStream:75 - [STDERR_REDIRECT] WARNING: Unsupported notification method: didChangeStatus
2026-01-31 12:11:09,476 [ERROR] LogOutputStream:75 - [STDERR_REDIRECT] 
2026-01-31 12:11:10,196 [ERROR] LogOutputStream:75 - [STDERR_REDIRECT] Jan 31, 2026 12:11:10 PM org.eclipse.lsp4j.jsonrpc.services.GenericEndpoint notify
2026-01-31 12:11:10,196 [ERROR] LogOutputStream:75 - [STDERR_REDIRECT] WARNING: Unsupported notification method: statusNotification
2026-01-31 12:11:10,197 [ERROR] LogOutputStream:75 - [STDERR_REDIRECT] 
2026-01-31 12:11:10,197 [ERROR] LogOutputStream:75 - [STDERR_REDIRECT] Jan 31, 2026 12:11:10 PM org.eclipse.lsp4j.jsonrpc.services.GenericEndpoint notify
2026-01-31 12:11:10,198 [ERROR] LogOutputStream:75 - [STDERR_REDIRECT] WARNING: Unsupported notification method: didChangeStatus
2026-01-31 12:11:10,198 [ERROR] LogOutputStream:75 - [STDERR_REDIRECT] 
2026-01-31 12:11:10,218 [ERROR] LogOutputStream:75 - [STDERR_REDIRECT] Jan 31, 2026 12:11:10 PM org.eclipse.lsp4j.jsonrpc.services.GenericEndpoint notify
2026-01-31 12:11:10,219 [ERROR] LogOutputStream:75 - [STDERR_REDIRECT] WARNING: Unsupported notification method: statusNotification
2026-01-31 12:11:10,219 [ERROR] LogOutputStream:75 - [STDERR_REDIRECT] 
2026-01-31 12:11:10,219 [ERROR] LogOutputStream:75 - [STDERR_REDIRECT] Jan 31, 2026 12:11:10 PM org.eclipse.lsp4j.jsonrpc.services.GenericEndpoint notify
2026-01-31 12:11:10,219 [ERROR] LogOutputStream:75 - [STDERR_REDIRECT] WARNING: Unsupported notification method: didChangeStatus
2026-01-31 12:11:10,219 [ERROR] LogOutputStream:75 - [STDERR_REDIRECT] 
2026-01-31 12:11:10,677 [ERROR] LogOutputStream:75 - [STDERR_REDIRECT] Jan 31, 2026 12:11:10 PM org.eclipse.lsp4j.jsonrpc.services.GenericEndpoint notify
2026-01-31 12:11:10,677 [ERROR] LogOutputStream:75 - [STDERR_REDIRECT] WARNING: Unsupported notification method: statusNotification
2026-01-31 12:11:10,677 [ERROR] LogOutputStream:75 - [STDERR_REDIRECT] 
2026-01-31 12:11:10,678 [ERROR] LogOutputStream:75 - [STDERR_REDIRECT] Jan 31, 2026 12:11:10 PM org.eclipse.lsp4j.jsonrpc.services.GenericEndpoint notify
2026-01-31 12:11:10,678 [ERROR] LogOutputStream:75 - [STDERR_REDIRECT] WARNING: Unsupported notification method: didChangeStatus
2026-01-31 12:11:10,678 [ERROR] LogOutputStream:75 - [STDERR_REDIRECT] 
2026-01-31 12:11:10,705 [ERROR] LogOutputStream:75 - [STDERR_REDIRECT] Jan 31, 2026 12:11:10 PM org.eclipse.lsp4j.jsonrpc.services.GenericEndpoint notify
2026-01-31 12:11:10,706 [ERROR] LogOutputStream:75 - [STDERR_REDIRECT] WARNING: Unsupported notification method: statusNotification
2026-01-31 12:11:10,706 [ERROR] LogOutputStream:75 - [STDERR_REDIRECT] 
2026-01-31 12:11:10,706 [ERROR] LogOutputStream:75 - [STDERR_REDIRECT] Jan 31, 2026 12:11:10 PM org.eclipse.lsp4j.jsonrpc.services.GenericEndpoint notify
2026-01-31 12:11:10,706 [ERROR] LogOutputStream:75 - [STDERR_REDIRECT] WARNING: Unsupported notification method: didChangeStatus
2026-01-31 12:11:10,707 [ERROR] LogOutputStream:75 - [STDERR_REDIRECT] 
2026-01-31 12:11:11,176 [ERROR] LogOutputStream:75 - [STDERR_REDIRECT] Jan 31, 2026 12:11:11 PM org.eclipse.lsp4j.jsonrpc.services.GenericEndpoint notify
2026-01-31 12:11:11,176 [ERROR] LogOutputStream:75 - [STDERR_REDIRECT] WARNING: Unsupported notification method: statusNotification
2026-01-31 12:11:11,176 [ERROR] LogOutputStream:75 - [STDERR_REDIRECT] 
2026-01-31 12:11:11,176 [ERROR] LogOutputStream:75 - [STDERR_REDIRECT] Jan 31, 2026 12:11:11 PM org.eclipse.lsp4j.jsonrpc.services.GenericEndpoint notify
2026-01-31 12:11:11,177 [ERROR] LogOutputStream:75 - [STDERR_REDIRECT] WARNING: Unsupported notification method: didChangeStatus
2026-01-31 12:11:11,177 [ERROR] LogOutputStream:75 - [STDERR_REDIRECT] 
2026-01-31 12:11:11,203 [ERROR] LogOutputStream:75 - [STDERR_REDIRECT] Jan 31, 2026 12:11:11 PM org.eclipse.lsp4j.jsonrpc.services.GenericEndpoint notify
2026-01-31 12:11:11,203 [ERROR] LogOutputStream:75 - [STDERR_REDIRECT] WARNING: Unsupported notification method: statusNotification
2026-01-31 12:11:11,203 [ERROR] LogOutputStream:75 - [STDERR_REDIRECT] 
2026-01-31 12:11:11,204 [ERROR] LogOutputStream:75 - [STDERR_REDIRECT] Jan 31, 2026 12:11:11 PM org.eclipse.lsp4j.jsonrpc.services.GenericEndpoint notify
2026-01-31 12:11:11,204 [ERROR] LogOutputStream:75 - [STDERR_REDIRECT] WARNING: Unsupported notification method: didChangeStatus
2026-01-31 12:11:11,204 [ERROR] LogOutputStream:75 - [STDERR_REDIRECT] 
2026-01-31 12:11:11,204 [ERROR] LogOutputStream:75 - [STDERR_REDIRECT] Jan 31, 2026 12:11:11 PM org.eclipse.lsp4j.jsonrpc.services.GenericEndpoint notify
2026-01-31 12:11:11,204 [ERROR] LogOutputStream:75 - [STDERR_REDIRECT] WARNING: Unsupported notification method: statusNotification
2026-01-31 12:11:11,204 [ERROR] LogOutputStream:75 - [STDERR_REDIRECT] 
2026-01-31 12:11:11,205 [ERROR] LogOutputStream:75 - [STDERR_REDIRECT] Jan 31, 2026 12:11:11 PM org.eclipse.lsp4j.jsonrpc.services.GenericEndpoint notify
2026-01-31 12:11:11,205 [ERROR] LogOutputStream:75 - [STDERR_REDIRECT] WARNING: Unsupported notification method: didChangeStatus
2026-01-31 12:11:11,205 [ERROR] LogOutputStream:75 - [STDERR_REDIRECT] 
2026-01-31 12:11:11,239 [ERROR] LogOutputStream:75 - [STDERR_REDIRECT] Jan 31, 2026 12:11:11 PM org.eclipse.lsp4j.jsonrpc.services.GenericEndpoint notify
2026-01-31 12:11:11,239 [ERROR] LogOutputStream:75 - [STDERR_REDIRECT] WARNING: Unsupported notification method: statusNotification
2026-01-31 12:11:11,239 [ERROR] LogOutputStream:75 - [STDERR_REDIRECT] 
2026-01-31 12:11:11,240 [ERROR] LogOutputStream:75 - [STDERR_REDIRECT] Jan 31, 2026 12:11:11 PM org.eclipse.lsp4j.jsonrpc.services.GenericEndpoint notify
2026-01-31 12:11:11,240 [ERROR] LogOutputStream:75 - [STDERR_REDIRECT] WARNING: Unsupported notification method: didChangeStatus
2026-01-31 12:11:11,240 [ERROR] LogOutputStream:75 - [STDERR_REDIRECT] 
2026-01-31 12:11:11,240 [ERROR] LogOutputStream:75 - [STDERR_REDIRECT] Jan 31, 2026 12:11:11 PM org.eclipse.lsp4j.jsonrpc.services.GenericEndpoint notify
2026-01-31 12:11:11,240 [ERROR] LogOutputStream:75 - [STDERR_REDIRECT] WARNING: Unsupported notification method: statusNotification
2026-01-31 12:11:11,240 [ERROR] LogOutputStream:75 - [STDERR_REDIRECT] 
2026-01-31 12:11:11,241 [ERROR] LogOutputStream:75 - [STDERR_REDIRECT] Jan 31, 2026 12:11:11 PM org.eclipse.lsp4j.jsonrpc.services.GenericEndpoint notify
2026-01-31 12:11:11,241 [ERROR] LogOutputStream:75 - [STDERR_REDIRECT] WARNING: Unsupported notification method: didChangeStatus
2026-01-31 12:11:11,241 [ERROR] LogOutputStream:75 - [STDERR_REDIRECT] 
2026-01-31 12:11:11,281 [ERROR] LogOutputStream:75 - [STDERR_REDIRECT] Jan 31, 2026 12:11:11 PM org.eclipse.lsp4j.jsonrpc.services.GenericEndpoint notify
2026-01-31 12:11:11,281 [ERROR] LogOutputStream:75 - [STDERR_REDIRECT] WARNING: Unsupported notification method: statusNotification
2026-01-31 12:11:11,281 [ERROR] LogOutputStream:75 - [STDERR_REDIRECT] 
2026-01-31 12:11:11,282 [ERROR] LogOutputStream:75 - [STDERR_REDIRECT] Jan 31, 2026 12:11:11 PM org.eclipse.lsp4j.jsonrpc.services.GenericEndpoint notify
2026-01-31 12:11:11,282 [ERROR] LogOutputStream:75 - [STDERR_REDIRECT] WARNING: Unsupported notification method: didChangeStatus
2026-01-31 12:11:11,282 [ERROR] LogOutputStream:75 - [STDERR_REDIRECT] 
2026-01-31 12:11:11,814 [ERROR] LogOutputStream:75 - [STDERR_REDIRECT] Jan 31, 2026 12:11:11 PM org.eclipse.lsp4j.jsonrpc.services.GenericEndpoint notify
2026-01-31 12:11:11,814 [ERROR] LogOutputStream:75 - [STDERR_REDIRECT] WARNING: Unsupported notification method: statusNotification
2026-01-31 12:11:11,814 [ERROR] LogOutputStream:75 - [STDERR_REDIRECT] 
2026-01-31 12:11:11,814 [ERROR] LogOutputStream:75 - [STDERR_REDIRECT] Jan 31, 2026 12:11:11 PM org.eclipse.lsp4j.jsonrpc.services.GenericEndpoint notify
2026-01-31 12:11:11,814 [ERROR] LogOutputStream:75 - [STDERR_REDIRECT] WARNING: Unsupported notification method: didChangeStatus
2026-01-31 12:11:11,815 [ERROR] LogOutputStream:75 - [STDERR_REDIRECT] 
2026-01-31 12:11:12,313 [ERROR] LogOutputStream:75 - [STDERR_REDIRECT] Jan 31, 2026 12:11:12 PM org.eclipse.lsp4j.jsonrpc.services.GenericEndpoint notify
2026-01-31 12:11:12,313 [ERROR] LogOutputStream:75 - [STDERR_REDIRECT] WARNING: Unsupported notification method: statusNotification
2026-01-31 12:11:12,313 [ERROR] LogOutputStream:75 - [STDERR_REDIRECT] 
2026-01-31 12:11:12,314 [ERROR] LogOutputStream:75 - [STDERR_REDIRECT] Jan 31, 2026 12:11:12 PM org.eclipse.lsp4j.jsonrpc.services.GenericEndpoint notify
2026-01-31 12:11:12,314 [ERROR] LogOutputStream:75 - [STDERR_REDIRECT] WARNING: Unsupported notification method: didChangeStatus
2026-01-31 12:11:12,314 [ERROR] LogOutputStream:75 - [STDERR_REDIRECT] 
2026-01-31 12:11:12,768 [ERROR] LogOutputStream:75 - [STDERR_REDIRECT] Jan 31, 2026 12:11:12 PM org.eclipse.lsp4j.jsonrpc.services.GenericEndpoint notify
2026-01-31 12:11:12,768 [ERROR] LogOutputStream:75 - [STDERR_REDIRECT] WARNING: Unsupported notification method: statusNotification
2026-01-31 12:11:12,768 [ERROR] LogOutputStream:75 - [STDERR_REDIRECT] 
2026-01-31 12:11:12,768 [ERROR] LogOutputStream:75 - [STDERR_REDIRECT] Jan 31, 2026 12:11:12 PM org.eclipse.lsp4j.jsonrpc.services.GenericEndpoint notify
2026-01-31 12:11:12,768 [ERROR] LogOutputStream:75 - [STDERR_REDIRECT] WARNING: Unsupported notification method: didChangeStatus
2026-01-31 12:11:12,768 [ERROR] LogOutputStream:75 - [STDERR_REDIRECT] 
2026-01-31 12:11:12,799 [ERROR] LogOutputStream:75 - [STDERR_REDIRECT] Jan 31, 2026 12:11:12 PM org.eclipse.lsp4j.jsonrpc.services.GenericEndpoint notify
2026-01-31 12:11:12,799 [ERROR] LogOutputStream:75 - [STDERR_REDIRECT] WARNING: Unsupported notification method: statusNotification
2026-01-31 12:11:12,799 [ERROR] LogOutputStream:75 - [STDERR_REDIRECT] 
2026-01-31 12:11:12,799 [ERROR] LogOutputStream:75 - [STDERR_REDIRECT] Jan 31, 2026 12:11:12 PM org.eclipse.lsp4j.jsonrpc.services.GenericEndpoint notify
2026-01-31 12:11:12,799 [ERROR] LogOutputStream:75 - [STDERR_REDIRECT] WARNING: Unsupported notification method: didChangeStatus
2026-01-31 12:11:12,799 [ERROR] LogOutputStream:75 - [STDERR_REDIRECT] 
2026-01-31 12:11:13,349 [ERROR] LogOutputStream:75 - [STDERR_REDIRECT] Jan 31, 2026 12:11:13 PM org.eclipse.lsp4j.jsonrpc.services.GenericEndpoint notify
2026-01-31 12:11:13,350 [ERROR] LogOutputStream:75 - [STDERR_REDIRECT] WARNING: Unsupported notification method: statusNotification
2026-01-31 12:11:13,350 [ERROR] LogOutputStream:75 - [STDERR_REDIRECT] 
2026-01-31 12:11:13,350 [ERROR] LogOutputStream:75 - [STDERR_REDIRECT] Jan 31, 2026 12:11:13 PM org.eclipse.lsp4j.jsonrpc.services.GenericEndpoint notify
2026-01-31 12:11:13,350 [ERROR] LogOutputStream:75 - [STDERR_REDIRECT] WARNING: Unsupported notification method: didChangeStatus
2026-01-31 12:11:13,351 [ERROR] LogOutputStream:75 - [STDERR_REDIRECT] 
2026-01-31 12:11:14,007 [ERROR] LogOutputStream:75 - [STDERR_REDIRECT] Jan 31, 2026 12:11:14 PM org.eclipse.lsp4j.jsonrpc.services.GenericEndpoint notify
2026-01-31 12:11:14,007 [ERROR] LogOutputStream:75 - [STDERR_REDIRECT] WARNING: Unsupported notification method: statusNotification
2026-01-31 12:11:14,007 [ERROR] LogOutputStream:75 - [STDERR_REDIRECT] 
2026-01-31 12:11:14,008 [ERROR] LogOutputStream:75 - [STDERR_REDIRECT] Jan 31, 2026 12:11:14 PM org.eclipse.lsp4j.jsonrpc.services.GenericEndpoint notify
2026-01-31 12:11:14,008 [ERROR] LogOutputStream:75 - [STDERR_REDIRECT] WARNING: Unsupported notification method: didChangeStatus
2026-01-31 12:11:14,008 [ERROR] LogOutputStream:75 - [STDERR_REDIRECT] 
2026-01-31 12:11:14,813 [ERROR] LogOutputStream:75 - [STDERR_REDIRECT] Jan 31, 2026 12:11:14 PM org.eclipse.lsp4j.jsonrpc.services.GenericEndpoint notify
2026-01-31 12:11:14,813 [ERROR] LogOutputStream:75 - [STDERR_REDIRECT] WARNING: Unsupported notification method: statusNotification
2026-01-31 12:11:14,813 [ERROR] LogOutputStream:75 - [STDERR_REDIRECT] 
2026-01-31 12:11:14,813 [ERROR] LogOutputStream:75 - [STDERR_REDIRECT] Jan 31, 2026 12:11:14 PM org.eclipse.lsp4j.jsonrpc.services.GenericEndpoint notify
2026-01-31 12:11:14,813 [ERROR] LogOutputStream:75 - [STDERR_REDIRECT] WARNING: Unsupported notification method: didChangeStatus
2026-01-31 12:11:14,813 [ERROR] LogOutputStream:75 - [STDERR_REDIRECT] 
2026-01-31 12:11:14,848 [ERROR] LogOutputStream:75 - [STDERR_REDIRECT] Jan 31, 2026 12:11:14 PM org.eclipse.lsp4j.jsonrpc.services.GenericEndpoint notify
2026-01-31 12:11:14,848 [ERROR] LogOutputStream:75 - [STDERR_REDIRECT] WARNING: Unsupported notification method: statusNotification
2026-01-31 12:11:14,849 [ERROR] LogOutputStream:75 - [STDERR_REDIRECT] 
2026-01-31 12:11:14,849 [ERROR] LogOutputStream:75 - [STDERR_REDIRECT] Jan 31, 2026 12:11:14 PM org.eclipse.lsp4j.jsonrpc.services.GenericEndpoint notify
2026-01-31 12:11:14,849 [ERROR] LogOutputStream:75 - [STDERR_REDIRECT] WARNING: Unsupported notification method: didChangeStatus
2026-01-31 12:11:14,849 [ERROR] LogOutputStream:75 - [STDERR_REDIRECT] 
2026-01-31 12:11:15,444 [ERROR] LogOutputStream:75 - [STDERR_REDIRECT] Jan 31, 2026 12:11:15 PM org.eclipse.lsp4j.jsonrpc.services.GenericEndpoint notify
2026-01-31 12:11:15,444 [ERROR] LogOutputStream:75 - [STDERR_REDIRECT] WARNING: Unsupported notification method: statusNotification
2026-01-31 12:11:15,444 [ERROR] LogOutputStream:75 - [STDERR_REDIRECT] 
2026-01-31 12:11:15,444 [ERROR] LogOutputStream:75 - [STDERR_REDIRECT] Jan 31, 2026 12:11:15 PM org.eclipse.lsp4j.jsonrpc.services.GenericEndpoint notify
2026-01-31 12:11:15,444 [ERROR] LogOutputStream:75 - [STDERR_REDIRECT] WARNING: Unsupported notification method: didChangeStatus
2026-01-31 12:11:15,444 [ERROR] LogOutputStream:75 - [STDERR_REDIRECT] 
2026-01-31 12:12:00,077 [ERROR] LogOutputStream:75 - [STDERR_REDIRECT] Jan 31, 2026 12:12:00 PM org.eclipse.lsp4j.jsonrpc.services.GenericEndpoint notify
2026-01-31 12:12:00,078 [ERROR] LogOutputStream:75 - [STDERR_REDIRECT] WARNING: Unsupported notification method: statusNotification
2026-01-31 12:12:00,078 [ERROR] LogOutputStream:75 - [STDERR_REDIRECT] 
2026-01-31 12:12:00,079 [ERROR] LogOutputStream:75 - [STDERR_REDIRECT] Jan 31, 2026 12:12:00 PM org.eclipse.lsp4j.jsonrpc.services.GenericEndpoint notify
2026-01-31 12:12:00,079 [ERROR] LogOutputStream:75 - [STDERR_REDIRECT] WARNING: Unsupported notification method: didChangeStatus
2026-01-31 12:12:00,079 [ERROR] LogOutputStream:75 - [STDERR_REDIRECT] 
2026-01-31 12:12:00,808 [ERROR] LogOutputStream:75 - [STDERR_REDIRECT] Jan 31, 2026 12:12:00 PM org.eclipse.lsp4j.jsonrpc.services.GenericEndpoint notify
2026-01-31 12:12:00,808 [ERROR] LogOutputStream:75 - [STDERR_REDIRECT] WARNING: Unsupported notification method: statusNotification
2026-01-31 12:12:00,808 [ERROR] LogOutputStream:75 - [STDERR_REDIRECT] 
2026-01-31 12:12:00,809 [ERROR] LogOutputStream:75 - [STDERR_REDIRECT] Jan 31, 2026 12:12:00 PM org.eclipse.lsp4j.jsonrpc.services.GenericEndpoint notify
2026-01-31 12:12:00,809 [ERROR] LogOutputStream:75 - [STDERR_REDIRECT] WARNING: Unsupported notification method: didChangeStatus
2026-01-31 12:12:00,809 [ERROR] LogOutputStream:75 - [STDERR_REDIRECT] 
2026-01-31 12:12:00,844 [ERROR] LogOutputStream:75 - [STDERR_REDIRECT] Jan 31, 2026 12:12:00 PM org.eclipse.lsp4j.jsonrpc.services.GenericEndpoint notify
2026-01-31 12:12:00,844 [ERROR] LogOutputStream:75 - [STDERR_REDIRECT] WARNING: Unsupported notification method: statusNotification
2026-01-31 12:12:00,845 [ERROR] LogOutputStream:75 - [STDERR_REDIRECT] 
2026-01-31 12:12:00,846 [ERROR] LogOutputStream:75 - [STDERR_REDIRECT] Jan 31, 2026 12:12:00 PM org.eclipse.lsp4j.jsonrpc.services.GenericEndpoint notify
2026-01-31 12:12:00,846 [ERROR] LogOutputStream:75 - [STDERR_REDIRECT] WARNING: Unsupported notification method: didChangeStatus
2026-01-31 12:12:00,846 [ERROR] LogOutputStream:75 - [STDERR_REDIRECT] 
2026-01-31 12:12:01,606 [ERROR] LogOutputStream:75 - [STDERR_REDIRECT] Jan 31, 2026 12:12:01 PM org.eclipse.lsp4j.jsonrpc.services.GenericEndpoint notify
2026-01-31 12:12:01,606 [ERROR] LogOutputStream:75 - [STDERR_REDIRECT] WARNING: Unsupported notification method: statusNotification
2026-01-31 12:12:01,606 [ERROR] LogOutputStream:75 - [STDERR_REDIRECT] 
2026-01-31 12:12:01,607 [ERROR] LogOutputStream:75 - [STDERR_REDIRECT] Jan 31, 2026 12:12:01 PM org.eclipse.lsp4j.jsonrpc.services.GenericEndpoint notify
2026-01-31 12:12:01,607 [ERROR] LogOutputStream:75 - [STDERR_REDIRECT] WARNING: Unsupported notification method: didChangeStatus
2026-01-31 12:12:01,607 [ERROR] LogOutputStream:75 - [STDERR_REDIRECT] 
2026-01-31 12:12:01,639 [ERROR] LogOutputStream:75 - [STDERR_REDIRECT] Jan 31, 2026 12:12:01 PM org.eclipse.lsp4j.jsonrpc.services.GenericEndpoint notify
2026-01-31 12:12:01,639 [ERROR] LogOutputStream:75 - [STDERR_REDIRECT] WARNING: Unsupported notification method: statusNotification
2026-01-31 12:12:01,639 [ERROR] LogOutputStream:75 - [STDERR_REDIRECT] 
2026-01-31 12:12:01,640 [ERROR] LogOutputStream:75 - [STDERR_REDIRECT] Jan 31, 2026 12:12:01 PM org.eclipse.lsp4j.jsonrpc.services.GenericEndpoint notify
2026-01-31 12:12:01,640 [ERROR] LogOutputStream:75 - [STDERR_REDIRECT] WARNING: Unsupported notification method: didChangeStatus
2026-01-31 12:12:01,640 [ERROR] LogOutputStream:75 - [STDERR_REDIRECT] 
2026-01-31 12:12:02,388 [ERROR] LogOutputStream:75 - [STDERR_REDIRECT] Jan 31, 2026 12:12:02 PM org.eclipse.lsp4j.jsonrpc.services.GenericEndpoint notify
2026-01-31 12:12:02,389 [ERROR] LogOutputStream:75 - [STDERR_REDIRECT] WARNING: Unsupported notification method: statusNotification
2026-01-31 12:12:02,389 [ERROR] LogOutputStream:75 - [STDERR_REDIRECT] 
2026-01-31 12:12:02,389 [ERROR] LogOutputStream:75 - [STDERR_REDIRECT] Jan 31, 2026 12:12:02 PM org.eclipse.lsp4j.jsonrpc.services.GenericEndpoint notify
2026-01-31 12:12:02,390 [ERROR] LogOutputStream:75 - [STDERR_REDIRECT] WARNING: Unsupported notification method: didChangeStatus
2026-01-31 12:12:02,390 [ERROR] LogOutputStream:75 - [STDERR_REDIRECT] 
2026-01-31 12:12:02,446 [ERROR] LogOutputStream:75 - [STDERR_REDIRECT] Jan 31, 2026 12:12:02 PM org.eclipse.lsp4j.jsonrpc.services.GenericEndpoint notify
2026-01-31 12:12:02,446 [ERROR] LogOutputStream:75 - [STDERR_REDIRECT] WARNING: Unsupported notification method: statusNotification
2026-01-31 12:12:02,446 [ERROR] LogOutputStream:75 - [STDERR_REDIRECT] 
2026-01-31 12:12:02,447 [ERROR] LogOutputStream:75 - [STDERR_REDIRECT] Jan 31, 2026 12:12:02 PM org.eclipse.lsp4j.jsonrpc.services.GenericEndpoint notify
2026-01-31 12:12:02,447 [ERROR] LogOutputStream:75 - [STDERR_REDIRECT] WARNING: Unsupported notification method: didChangeStatus
2026-01-31 12:12:02,447 [ERROR] LogOutputStream:75 - [STDERR_REDIRECT] 
2026-01-31 12:12:03,164 [ERROR] LogOutputStream:75 - [STDERR_REDIRECT] Jan 31, 2026 12:12:03 PM org.eclipse.lsp4j.jsonrpc.services.GenericEndpoint notify
2026-01-31 12:12:03,165 [ERROR] LogOutputStream:75 - [STDERR_REDIRECT] WARNING: Unsupported notification method: statusNotification
2026-01-31 12:12:03,165 [ERROR] LogOutputStream:75 - [STDERR_REDIRECT] 
2026-01-31 12:12:03,165 [ERROR] LogOutputStream:75 - [STDERR_REDIRECT] Jan 31, 2026 12:12:03 PM org.eclipse.lsp4j.jsonrpc.services.GenericEndpoint notify
2026-01-31 12:12:03,165 [ERROR] LogOutputStream:75 - [STDERR_REDIRECT] WARNING: Unsupported notification method: didChangeStatus
2026-01-31 12:12:03,165 [ERROR] LogOutputStream:75 - [STDERR_REDIRECT] 
2026-01-31 12:12:04,064 [ERROR] LogOutputStream:75 - [STDERR_REDIRECT] Jan 31, 2026 12:12:04 PM org.eclipse.lsp4j.jsonrpc.services.GenericEndpoint notify
2026-01-31 12:12:04,064 [ERROR] LogOutputStream:75 - [STDERR_REDIRECT] WARNING: Unsupported notification method: statusNotification
2026-01-31 12:12:04,064 [ERROR] LogOutputStream:75 - [STDERR_REDIRECT] 
2026-01-31 12:12:04,065 [ERROR] LogOutputStream:75 - [STDERR_REDIRECT] Jan 31, 2026 12:12:04 PM org.eclipse.lsp4j.jsonrpc.services.GenericEndpoint notify
2026-01-31 12:12:04,065 [ERROR] LogOutputStream:75 - [STDERR_REDIRECT] WARNING: Unsupported notification method: didChangeStatus
2026-01-31 12:12:04,065 [ERROR] LogOutputStream:75 - [STDERR_REDIRECT] 
2026-01-31 12:12:04,894 [ERROR] LogOutputStream:75 - [STDERR_REDIRECT] Jan 31, 2026 12:12:04 PM org.eclipse.lsp4j.jsonrpc.services.GenericEndpoint notify
2026-01-31 12:12:04,894 [ERROR] LogOutputStream:75 - [STDERR_REDIRECT] WARNING: Unsupported notification method: statusNotification
2026-01-31 12:12:04,894 [ERROR] LogOutputStream:75 - [STDERR_REDIRECT] 
2026-01-31 12:12:04,895 [ERROR] LogOutputStream:75 - [STDERR_REDIRECT] Jan 31, 2026 12:12:04 PM org.eclipse.lsp4j.jsonrpc.services.GenericEndpoint notify
2026-01-31 12:12:04,895 [ERROR] LogOutputStream:75 - [STDERR_REDIRECT] WARNING: Unsupported notification method: didChangeStatus
2026-01-31 12:12:04,895 [ERROR] LogOutputStream:75 - [STDERR_REDIRECT] 
2026-01-31 12:12:04,926 [ERROR] LogOutputStream:75 - [STDERR_REDIRECT] Jan 31, 2026 12:12:04 PM org.eclipse.lsp4j.jsonrpc.services.GenericEndpoint notify
2026-01-31 12:12:04,926 [ERROR] LogOutputStream:75 - [STDERR_REDIRECT] WARNING: Unsupported notification method: statusNotification
2026-01-31 12:12:04,926 [ERROR] LogOutputStream:75 - [STDERR_REDIRECT] 
2026-01-31 12:12:04,927 [ERROR] LogOutputStream:75 - [STDERR_REDIRECT] Jan 31, 2026 12:12:04 PM org.eclipse.lsp4j.jsonrpc.services.GenericEndpoint notify
2026-01-31 12:12:04,927 [ERROR] LogOutputStream:75 - [STDERR_REDIRECT] WARNING: Unsupported notification method: didChangeStatus
2026-01-31 12:12:04,927 [ERROR] LogOutputStream:75 - [STDERR_REDIRECT] 
2026-01-31 12:12:05,632 [ERROR] LogOutputStream:75 - [STDERR_REDIRECT] Jan 31, 2026 12:12:05 PM org.eclipse.lsp4j.jsonrpc.services.GenericEndpoint notify
2026-01-31 12:12:05,633 [ERROR] LogOutputStream:75 - [STDERR_REDIRECT] WARNING: Unsupported notification method: statusNotification
2026-01-31 12:12:05,633 [ERROR] LogOutputStream:75 - [STDERR_REDIRECT] 
2026-01-31 12:12:05,633 [ERROR] LogOutputStream:75 - [STDERR_REDIRECT] Jan 31, 2026 12:12:05 PM org.eclipse.lsp4j.jsonrpc.services.GenericEndpoint notify
2026-01-31 12:12:05,633 [ERROR] LogOutputStream:75 - [STDERR_REDIRECT] WARNING: Unsupported notification method: didChangeStatus
2026-01-31 12:12:05,633 [ERROR] LogOutputStream:75 - [STDERR_REDIRECT] 
2026-01-31 12:12:05,659 [ERROR] LogOutputStream:75 - [STDERR_REDIRECT] Jan 31, 2026 12:12:05 PM org.eclipse.lsp4j.jsonrpc.services.GenericEndpoint notify
2026-01-31 12:12:05,659 [ERROR] LogOutputStream:75 - [STDERR_REDIRECT] WARNING: Unsupported notification method: statusNotification
2026-01-31 12:12:05,659 [ERROR] LogOutputStream:75 - [STDERR_REDIRECT] 
2026-01-31 12:12:05,659 [ERROR] LogOutputStream:75 - [STDERR_REDIRECT] Jan 31, 2026 12:12:05 PM org.eclipse.lsp4j.jsonrpc.services.GenericEndpoint notify
2026-01-31 12:12:05,659 [ERROR] LogOutputStream:75 - [STDERR_REDIRECT] WARNING: Unsupported notification method: didChangeStatus
2026-01-31 12:12:05,660 [ERROR] LogOutputStream:75 - [STDERR_REDIRECT] 
2026-01-31 12:12:06,319 [ERROR] LogOutputStream:75 - [STDERR_REDIRECT] Jan 31, 2026 12:12:06 PM org.eclipse.lsp4j.jsonrpc.services.GenericEndpoint notify
2026-01-31 12:12:06,320 [ERROR] LogOutputStream:75 - [STDERR_REDIRECT] WARNING: Unsupported notification method: statusNotification
2026-01-31 12:12:06,320 [ERROR] LogOutputStream:75 - [STDERR_REDIRECT] 
2026-01-31 12:12:06,320 [ERROR] LogOutputStream:75 - [STDERR_REDIRECT] Jan 31, 2026 12:12:06 PM org.eclipse.lsp4j.jsonrpc.services.GenericEndpoint notify
2026-01-31 12:12:06,320 [ERROR] LogOutputStream:75 - [STDERR_REDIRECT] WARNING: Unsupported notification method: didChangeStatus
2026-01-31 12:12:06,320 [ERROR] LogOutputStream:75 - [STDERR_REDIRECT] 
2026-01-31 12:12:09,868 [ERROR] LogOutputStream:75 - [STDERR_REDIRECT] Jan 31, 2026 12:12:09 PM org.eclipse.lsp4j.jsonrpc.services.GenericEndpoint notify
2026-01-31 12:12:09,868 [ERROR] LogOutputStream:75 - [STDERR_REDIRECT] WARNING: Unsupported notification method: statusNotification
2026-01-31 12:12:09,868 [ERROR] LogOutputStream:75 - [STDERR_REDIRECT] 
2026-01-31 12:12:09,869 [ERROR] LogOutputStream:75 - [STDERR_REDIRECT] Jan 31, 2026 12:12:09 PM org.eclipse.lsp4j.jsonrpc.services.GenericEndpoint notify
2026-01-31 12:12:09,869 [ERROR] LogOutputStream:75 - [STDERR_REDIRECT] WARNING: Unsupported notification method: didChangeStatus
2026-01-31 12:12:09,870 [ERROR] LogOutputStream:75 - [STDERR_REDIRECT] 
2026-01-31 12:12:10,955 [ERROR] LogOutputStream:75 - [STDERR_REDIRECT] Jan 31, 2026 12:12:10 PM org.eclipse.lsp4j.jsonrpc.services.GenericEndpoint notify
2026-01-31 12:12:10,955 [ERROR] LogOutputStream:75 - [STDERR_REDIRECT] WARNING: Unsupported notification method: statusNotification
2026-01-31 12:12:10,955 [ERROR] LogOutputStream:75 - [STDERR_REDIRECT] 
2026-01-31 12:12:10,955 [ERROR] LogOutputStream:75 - [STDERR_REDIRECT] Jan 31, 2026 12:12:10 PM org.eclipse.lsp4j.jsonrpc.services.GenericEndpoint notify
2026-01-31 12:12:10,955 [ERROR] LogOutputStream:75 - [STDERR_REDIRECT] WARNING: Unsupported notification method: didChangeStatus
2026-01-31 12:12:10,956 [ERROR] LogOutputStream:75 - [STDERR_REDIRECT] 
2026-01-31 12:12:11,036 [ERROR] LogOutputStream:75 - [STDERR_REDIRECT] Jan 31, 2026 12:12:11 PM org.eclipse.lsp4j.jsonrpc.services.GenericEndpoint notify
2026-01-31 12:12:11,036 [ERROR] LogOutputStream:75 - [STDERR_REDIRECT] WARNING: Unsupported notification method: statusNotification
2026-01-31 12:12:11,036 [ERROR] LogOutputStream:75 - [STDERR_REDIRECT] 
2026-01-31 12:12:11,036 [ERROR] LogOutputStream:75 - [STDERR_REDIRECT] Jan 31, 2026 12:12:11 PM org.eclipse.lsp4j.jsonrpc.services.GenericEndpoint notify
2026-01-31 12:12:11,037 [ERROR] LogOutputStream:75 - [STDERR_REDIRECT] WARNING: Unsupported notification method: didChangeStatus
2026-01-31 12:12:11,037 [ERROR] LogOutputStream:75 - [STDERR_REDIRECT] 
2026-01-31 12:12:11,474 [ERROR] LogOutputStream:75 - [STDERR_REDIRECT] Jan 31, 2026 12:12:11 PM org.eclipse.lsp4j.jsonrpc.services.GenericEndpoint notify
2026-01-31 12:12:11,474 [ERROR] LogOutputStream:75 - [STDERR_REDIRECT] WARNING: Unsupported notification method: statusNotification
2026-01-31 12:12:11,474 [ERROR] LogOutputStream:75 - [STDERR_REDIRECT] 
2026-01-31 12:12:11,475 [ERROR] LogOutputStream:75 - [STDERR_REDIRECT] Jan 31, 2026 12:12:11 PM org.eclipse.lsp4j.jsonrpc.services.GenericEndpoint notify
2026-01-31 12:12:11,475 [ERROR] LogOutputStream:75 - [STDERR_REDIRECT] WARNING: Unsupported notification method: didChangeStatus
2026-01-31 12:12:11,475 [ERROR] LogOutputStream:75 - [STDERR_REDIRECT] 
2026-01-31 12:12:22,115 [ERROR] LogOutputStream:75 - [STDERR_REDIRECT] Jan 31, 2026 12:12:22 PM org.eclipse.lsp4j.jsonrpc.services.GenericEndpoint notify
2026-01-31 12:12:22,116 [ERROR] LogOutputStream:75 - [STDERR_REDIRECT] WARNING: Unsupported notification method: statusNotification
2026-01-31 12:12:22,116 [ERROR] LogOutputStream:75 - [STDERR_REDIRECT] 
2026-01-31 12:12:22,116 [ERROR] LogOutputStream:75 - [STDERR_REDIRECT] Jan 31, 2026 12:12:22 PM org.eclipse.lsp4j.jsonrpc.services.GenericEndpoint notify
2026-01-31 12:12:22,116 [ERROR] LogOutputStream:75 - [STDERR_REDIRECT] WARNING: Unsupported notification method: didChangeStatus
2026-01-31 12:12:22,116 [ERROR] LogOutputStream:75 - [STDERR_REDIRECT] 
2026-01-31 12:12:23,030 [ERROR] LogOutputStream:75 - [STDERR_REDIRECT] Jan 31, 2026 12:12:23 PM org.eclipse.lsp4j.jsonrpc.services.GenericEndpoint notify
2026-01-31 12:12:23,030 [ERROR] LogOutputStream:75 - [STDERR_REDIRECT] WARNING: Unsupported notification method: statusNotification
2026-01-31 12:12:23,030 [ERROR] LogOutputStream:75 - [STDERR_REDIRECT] 
2026-01-31 12:12:23,030 [ERROR] LogOutputStream:75 - [STDERR_REDIRECT] Jan 31, 2026 12:12:23 PM org.eclipse.lsp4j.jsonrpc.services.GenericEndpoint notify
2026-01-31 12:12:23,030 [ERROR] LogOutputStream:75 - [STDERR_REDIRECT] WARNING: Unsupported notification method: didChangeStatus
2026-01-31 12:12:23,030 [ERROR] LogOutputStream:75 - [STDERR_REDIRECT] 
2026-01-31 12:12:23,142 [ERROR] LogOutputStream:75 - [STDERR_REDIRECT] Jan 31, 2026 12:12:23 PM org.eclipse.lsp4j.jsonrpc.services.GenericEndpoint notify
2026-01-31 12:12:23,142 [ERROR] LogOutputStream:75 - [STDERR_REDIRECT] WARNING: Unsupported notification method: statusNotification
2026-01-31 12:12:23,142 [ERROR] LogOutputStream:75 - [STDERR_REDIRECT] 
2026-01-31 12:12:23,142 [ERROR] LogOutputStream:75 - [STDERR_REDIRECT] Jan 31, 2026 12:12:23 PM org.eclipse.lsp4j.jsonrpc.services.GenericEndpoint notify
2026-01-31 12:12:23,142 [ERROR] LogOutputStream:75 - [STDERR_REDIRECT] WARNING: Unsupported notification method: didChangeStatus
2026-01-31 12:12:23,142 [ERROR] LogOutputStream:75 - [STDERR_REDIRECT] 
2026-01-31 12:12:23,142 [ERROR] LogOutputStream:75 - [STDERR_REDIRECT] Jan 31, 2026 12:12:23 PM org.eclipse.lsp4j.jsonrpc.services.GenericEndpoint notify
2026-01-31 12:12:23,142 [ERROR] LogOutputStream:75 - [STDERR_REDIRECT] WARNING: Unsupported notification method: statusNotification
2026-01-31 12:12:23,142 [ERROR] LogOutputStream:75 - [STDERR_REDIRECT] 
2026-01-31 12:12:23,142 [ERROR] LogOutputStream:75 - [STDERR_REDIRECT] Jan 31, 2026 12:12:23 PM org.eclipse.lsp4j.jsonrpc.services.GenericEndpoint notify
2026-01-31 12:12:23,142 [ERROR] LogOutputStream:75 - [STDERR_REDIRECT] WARNING: Unsupported notification method: didChangeStatus
2026-01-31 12:12:23,142 [ERROR] LogOutputStream:75 - [STDERR_REDIRECT] 
2026-01-31 12:12:23,176 [ERROR] LogOutputStream:75 - [STDERR_REDIRECT] Jan 31, 2026 12:12:23 PM org.eclipse.lsp4j.jsonrpc.services.GenericEndpoint notify
2026-01-31 12:12:23,176 [ERROR] LogOutputStream:75 - [STDERR_REDIRECT] WARNING: Unsupported notification method: statusNotification
2026-01-31 12:12:23,176 [ERROR] LogOutputStream:75 - [STDERR_REDIRECT] 
2026-01-31 12:12:23,177 [ERROR] LogOutputStream:75 - [STDERR_REDIRECT] Jan 31, 2026 12:12:23 PM org.eclipse.lsp4j.jsonrpc.services.GenericEndpoint notify
2026-01-31 12:12:23,177 [ERROR] LogOutputStream:75 - [STDERR_REDIRECT] WARNING: Unsupported notification method: didChangeStatus
2026-01-31 12:12:23,177 [ERROR] LogOutputStream:75 - [STDERR_REDIRECT] 
2026-01-31 12:12:23,610 [ERROR] LogOutputStream:75 - [STDERR_REDIRECT] Jan 31, 2026 12:12:23 PM org.eclipse.lsp4j.jsonrpc.services.GenericEndpoint notify
2026-01-31 12:12:23,610 [ERROR] LogOutputStream:75 - [STDERR_REDIRECT] WARNING: Unsupported notification method: statusNotification
2026-01-31 12:12:23,610 [ERROR] LogOutputStream:75 - [STDERR_REDIRECT] 
2026-01-31 12:12:23,610 [ERROR] LogOutputStream:75 - [STDERR_REDIRECT] Jan 31, 2026 12:12:23 PM org.eclipse.lsp4j.jsonrpc.services.GenericEndpoint notify
2026-01-31 12:12:23,610 [ERROR] LogOutputStream:75 - [STDERR_REDIRECT] WARNING: Unsupported notification method: didChangeStatus
2026-01-31 12:12:23,610 [ERROR] LogOutputStream:75 - [STDERR_REDIRECT] 
2026-01-31 12:12:23,871 [ERROR] LogOutputStream:75 - [STDERR_REDIRECT] Jan 31, 2026 12:12:23 PM org.eclipse.lsp4j.jsonrpc.services.GenericEndpoint notify
2026-01-31 12:12:23,871 [ERROR] LogOutputStream:75 - [STDERR_REDIRECT] WARNING: Unsupported notification method: statusNotification
2026-01-31 12:12:23,871 [ERROR] LogOutputStream:75 - [STDERR_REDIRECT] 
2026-01-31 12:12:23,872 [ERROR] LogOutputStream:75 - [STDERR_REDIRECT] Jan 31, 2026 12:12:23 PM org.eclipse.lsp4j.jsonrpc.services.GenericEndpoint notify
2026-01-31 12:12:23,872 [ERROR] LogOutputStream:75 - [STDERR_REDIRECT] WARNING: Unsupported notification method: didChangeStatus
2026-01-31 12:12:23,872 [ERROR] LogOutputStream:75 - [STDERR_REDIRECT] 
2026-01-31 12:12:23,872 [ERROR] LogOutputStream:75 - [STDERR_REDIRECT] Jan 31, 2026 12:12:23 PM org.eclipse.lsp4j.jsonrpc.services.GenericEndpoint notify
2026-01-31 12:12:23,872 [ERROR] LogOutputStream:75 - [STDERR_REDIRECT] WARNING: Unsupported notification method: statusNotification
2026-01-31 12:12:23,873 [ERROR] LogOutputStream:75 - [STDERR_REDIRECT] 
2026-01-31 12:12:23,873 [ERROR] LogOutputStream:75 - [STDERR_REDIRECT] Jan 31, 2026 12:12:23 PM org.eclipse.lsp4j.jsonrpc.services.GenericEndpoint notify
2026-01-31 12:12:23,873 [ERROR] LogOutputStream:75 - [STDERR_REDIRECT] WARNING: Unsupported notification method: didChangeStatus
2026-01-31 12:12:23,873 [ERROR] LogOutputStream:75 - [STDERR_REDIRECT] 
2026-01-31 12:12:23,999 [ERROR] LogOutputStream:75 - [STDERR_REDIRECT] Jan 31, 2026 12:12:23 PM org.eclipse.lsp4j.jsonrpc.services.GenericEndpoint notify
2026-01-31 12:12:23,999 [ERROR] LogOutputStream:75 - [STDERR_REDIRECT] WARNING: Unsupported notification method: statusNotification
2026-01-31 12:12:23,999 [ERROR] LogOutputStream:75 - [STDERR_REDIRECT] 
2026-01-31 12:12:23,999 [ERROR] LogOutputStream:75 - [STDERR_REDIRECT] Jan 31, 2026 12:12:23 PM org.eclipse.lsp4j.jsonrpc.services.GenericEndpoint notify
2026-01-31 12:12:23,999 [ERROR] LogOutputStream:75 - [STDERR_REDIRECT] WARNING: Unsupported notification method: didChangeStatus
2026-01-31 12:12:23,999 [ERROR] LogOutputStream:75 - [STDERR_REDIRECT] 
2026-01-31 12:12:24,000 [ERROR] LogOutputStream:75 - [STDERR_REDIRECT] Jan 31, 2026 12:12:23 PM org.eclipse.lsp4j.jsonrpc.services.GenericEndpoint notify
2026-01-31 12:12:24,000 [ERROR] LogOutputStream:75 - [STDERR_REDIRECT] WARNING: Unsupported notification method: statusNotification
2026-01-31 12:12:24,000 [ERROR] LogOutputStream:75 - [STDERR_REDIRECT] 
2026-01-31 12:12:24,000 [ERROR] LogOutputStream:75 - [STDERR_REDIRECT] Jan 31, 2026 12:12:24 PM org.eclipse.lsp4j.jsonrpc.services.GenericEndpoint notify
2026-01-31 12:12:24,000 [ERROR] LogOutputStream:75 - [STDERR_REDIRECT] WARNING: Unsupported notification method: didChangeStatus
2026-01-31 12:12:24,000 [ERROR] LogOutputStream:75 - [STDERR_REDIRECT] 
2026-01-31 12:12:24,303 [ERROR] LogOutputStream:75 - [STDERR_REDIRECT] Jan 31, 2026 12:12:24 PM org.eclipse.lsp4j.jsonrpc.services.GenericEndpoint notify
2026-01-31 12:12:24,303 [ERROR] LogOutputStream:75 - [STDERR_REDIRECT] WARNING: Unsupported notification method: statusNotification
2026-01-31 12:12:24,303 [ERROR] LogOutputStream:75 - [STDERR_REDIRECT] 
2026-01-31 12:12:24,303 [ERROR] LogOutputStream:75 - [STDERR_REDIRECT] Jan 31, 2026 12:12:24 PM org.eclipse.lsp4j.jsonrpc.services.GenericEndpoint notify
2026-01-31 12:12:24,304 [ERROR] LogOutputStream:75 - [STDERR_REDIRECT] WARNING: Unsupported notification method: didChangeStatus
2026-01-31 12:12:24,304 [ERROR] LogOutputStream:75 - [STDERR_REDIRECT] 
2026-01-31 12:12:24,775 [ERROR] LogOutputStream:75 - [STDERR_REDIRECT] Jan 31, 2026 12:12:24 PM org.eclipse.lsp4j.jsonrpc.services.GenericEndpoint notify
2026-01-31 12:12:24,775 [ERROR] LogOutputStream:75 - [STDERR_REDIRECT] WARNING: Unsupported notification method: statusNotification
2026-01-31 12:12:24,775 [ERROR] LogOutputStream:75 - [STDERR_REDIRECT] 
2026-01-31 12:12:24,776 [ERROR] LogOutputStream:75 - [STDERR_REDIRECT] Jan 31, 2026 12:12:24 PM org.eclipse.lsp4j.jsonrpc.services.GenericEndpoint notify
2026-01-31 12:12:24,776 [ERROR] LogOutputStream:75 - [STDERR_REDIRECT] WARNING: Unsupported notification method: didChangeStatus
2026-01-31 12:12:24,776 [ERROR] LogOutputStream:75 - [STDERR_REDIRECT] 
2026-01-31 12:12:24,795 [ERROR] LogOutputStream:75 - [STDERR_REDIRECT] Jan 31, 2026 12:12:24 PM org.eclipse.lsp4j.jsonrpc.services.GenericEndpoint notify
2026-01-31 12:12:24,795 [ERROR] LogOutputStream:75 - [STDERR_REDIRECT] WARNING: Unsupported notification method: statusNotification
2026-01-31 12:12:24,795 [ERROR] LogOutputStream:75 - [STDERR_REDIRECT] 
2026-01-31 12:12:24,796 [ERROR] LogOutputStream:75 - [STDERR_REDIRECT] Jan 31, 2026 12:12:24 PM org.eclipse.lsp4j.jsonrpc.services.GenericEndpoint notify
2026-01-31 12:12:24,796 [ERROR] LogOutputStream:75 - [STDERR_REDIRECT] WARNING: Unsupported notification method: didChangeStatus
2026-01-31 12:12:24,796 [ERROR] LogOutputStream:75 - [STDERR_REDIRECT] 
2026-01-31 12:12:24,978 [ERROR] LogOutputStream:75 - [STDERR_REDIRECT] Jan 31, 2026 12:12:24 PM org.eclipse.lsp4j.jsonrpc.services.GenericEndpoint notify
2026-01-31 12:12:24,978 [ERROR] LogOutputStream:75 - [STDERR_REDIRECT] WARNING: Unsupported notification method: statusNotification
2026-01-31 12:12:24,978 [ERROR] LogOutputStream:75 - [STDERR_REDIRECT] 
2026-01-31 12:12:24,978 [ERROR] LogOutputStream:75 - [STDERR_REDIRECT] Jan 31, 2026 12:12:24 PM org.eclipse.lsp4j.jsonrpc.services.GenericEndpoint notify
2026-01-31 12:12:24,978 [ERROR] LogOutputStream:75 - [STDERR_REDIRECT] WARNING: Unsupported notification method: didChangeStatus
2026-01-31 12:12:24,978 [ERROR] LogOutputStream:75 - [STDERR_REDIRECT] 
2026-01-31 12:12:24,998 [ERROR] LogOutputStream:75 - [STDERR_REDIRECT] Jan 31, 2026 12:12:24 PM org.eclipse.lsp4j.jsonrpc.services.GenericEndpoint notify
2026-01-31 12:12:24,999 [ERROR] LogOutputStream:75 - [STDERR_REDIRECT] WARNING: Unsupported notification method: statusNotification
2026-01-31 12:12:24,999 [ERROR] LogOutputStream:75 - [STDERR_REDIRECT] 
2026-01-31 12:12:24,999 [ERROR] LogOutputStream:75 - [STDERR_REDIRECT] Jan 31, 2026 12:12:24 PM org.eclipse.lsp4j.jsonrpc.services.GenericEndpoint notify
2026-01-31 12:12:24,999 [ERROR] LogOutputStream:75 - [STDERR_REDIRECT] WARNING: Unsupported notification method: didChangeStatus
2026-01-31 12:12:24,999 [ERROR] LogOutputStream:75 - [STDERR_REDIRECT] 
2026-01-31 12:12:25,430 [ERROR] LogOutputStream:75 - [STDERR_REDIRECT] Jan 31, 2026 12:12:25 PM org.eclipse.lsp4j.jsonrpc.services.GenericEndpoint notify
2026-01-31 12:12:25,430 [ERROR] LogOutputStream:75 - [STDERR_REDIRECT] WARNING: Unsupported notification method: statusNotification
2026-01-31 12:12:25,430 [ERROR] LogOutputStream:75 - [STDERR_REDIRECT] 
2026-01-31 12:12:25,430 [ERROR] LogOutputStream:75 - [STDERR_REDIRECT] Jan 31, 2026 12:12:25 PM org.eclipse.lsp4j.jsonrpc.services.GenericEndpoint notify
2026-01-31 12:12:25,430 [ERROR] LogOutputStream:75 - [STDERR_REDIRECT] WARNING: Unsupported notification method: didChangeStatus
2026-01-31 12:12:25,430 [ERROR] LogOutputStream:75 - [STDERR_REDIRECT] 
2026-01-31 12:12:25,459 [ERROR] LogOutputStream:75 - [STDERR_REDIRECT] Jan 31, 2026 12:12:25 PM org.eclipse.lsp4j.jsonrpc.services.GenericEndpoint notify
2026-01-31 12:12:25,459 [ERROR] LogOutputStream:75 - [STDERR_REDIRECT] WARNING: Unsupported notification method: statusNotification
2026-01-31 12:12:25,459 [ERROR] LogOutputStream:75 - [STDERR_REDIRECT] 
2026-01-31 12:12:25,459 [ERROR] LogOutputStream:75 - [STDERR_REDIRECT] Jan 31, 2026 12:12:25 PM org.eclipse.lsp4j.jsonrpc.services.GenericEndpoint notify
2026-01-31 12:12:25,459 [ERROR] LogOutputStream:75 - [STDERR_REDIRECT] WARNING: Unsupported notification method: didChangeStatus
2026-01-31 12:12:25,459 [ERROR] LogOutputStream:75 - [STDERR_REDIRECT] 
2026-01-31 12:12:25,896 [ERROR] LogOutputStream:75 - [STDERR_REDIRECT] Jan 31, 2026 12:12:25 PM org.eclipse.lsp4j.jsonrpc.services.GenericEndpoint notify
2026-01-31 12:12:25,897 [ERROR] LogOutputStream:75 - [STDERR_REDIRECT] WARNING: Unsupported notification method: statusNotification
2026-01-31 12:12:25,897 [ERROR] LogOutputStream:75 - [STDERR_REDIRECT] 
2026-01-31 12:12:25,897 [ERROR] LogOutputStream:75 - [STDERR_REDIRECT] Jan 31, 2026 12:12:25 PM org.eclipse.lsp4j.jsonrpc.services.GenericEndpoint notify
2026-01-31 12:12:25,897 [ERROR] LogOutputStream:75 - [STDERR_REDIRECT] WARNING: Unsupported notification method: didChangeStatus
2026-01-31 12:12:25,897 [ERROR] LogOutputStream:75 - [STDERR_REDIRECT] 
2026-01-31 12:12:25,989 [ERROR] LogOutputStream:75 - [STDERR_REDIRECT] Jan 31, 2026 12:12:25 PM org.eclipse.lsp4j.jsonrpc.services.GenericEndpoint notify
2026-01-31 12:12:25,990 [ERROR] LogOutputStream:75 - [STDERR_REDIRECT] WARNING: Unsupported notification method: statusNotification
2026-01-31 12:12:25,990 [ERROR] LogOutputStream:75 - [STDERR_REDIRECT] 
2026-01-31 12:12:25,990 [ERROR] LogOutputStream:75 - [STDERR_REDIRECT] Jan 31, 2026 12:12:25 PM org.eclipse.lsp4j.jsonrpc.services.GenericEndpoint notify
2026-01-31 12:12:25,990 [ERROR] LogOutputStream:75 - [STDERR_REDIRECT] WARNING: Unsupported notification method: didChangeStatus
2026-01-31 12:12:25,990 [ERROR] LogOutputStream:75 - [STDERR_REDIRECT] 
2026-01-31 12:12:25,990 [ERROR] LogOutputStream:75 - [STDERR_REDIRECT] Jan 31, 2026 12:12:25 PM org.eclipse.lsp4j.jsonrpc.services.GenericEndpoint notify
2026-01-31 12:12:25,990 [ERROR] LogOutputStream:75 - [STDERR_REDIRECT] WARNING: Unsupported notification method: statusNotification
2026-01-31 12:12:25,991 [ERROR] LogOutputStream:75 - [STDERR_REDIRECT] 
2026-01-31 12:12:25,991 [ERROR] LogOutputStream:75 - [STDERR_REDIRECT] Jan 31, 2026 12:12:25 PM org.eclipse.lsp4j.jsonrpc.services.GenericEndpoint notify
2026-01-31 12:12:25,991 [ERROR] LogOutputStream:75 - [STDERR_REDIRECT] WARNING: Unsupported notification method: didChangeStatus
2026-01-31 12:12:25,991 [ERROR] LogOutputStream:75 - [STDERR_REDIRECT] 
2026-01-31 12:12:28,871 [ERROR] LogOutputStream:75 - [STDERR_REDIRECT] Jan 31, 2026 12:12:28 PM org.eclipse.lsp4j.jsonrpc.services.GenericEndpoint notify
2026-01-31 12:12:28,871 [ERROR] LogOutputStream:75 - [STDERR_REDIRECT] WARNING: Unsupported notification method: statusNotification
2026-01-31 12:12:28,871 [ERROR] LogOutputStream:75 - [STDERR_REDIRECT] 
2026-01-31 12:12:28,872 [ERROR] LogOutputStream:75 - [STDERR_REDIRECT] Jan 31, 2026 12:12:28 PM org.eclipse.lsp4j.jsonrpc.services.GenericEndpoint notify
2026-01-31 12:12:28,872 [ERROR] LogOutputStream:75 - [STDERR_REDIRECT] WARNING: Unsupported notification method: didChangeStatus
2026-01-31 12:12:28,872 [ERROR] LogOutputStream:75 - [STDERR_REDIRECT] 
2026-01-31 12:12:29,808 [ERROR] LogOutputStream:75 - [STDERR_REDIRECT] Jan 31, 2026 12:12:29 PM org.eclipse.lsp4j.jsonrpc.services.GenericEndpoint notify
2026-01-31 12:12:29,808 [ERROR] LogOutputStream:75 - [STDERR_REDIRECT] WARNING: Unsupported notification method: statusNotification
2026-01-31 12:12:29,808 [ERROR] LogOutputStream:75 - [STDERR_REDIRECT] 
2026-01-31 12:12:29,808 [ERROR] LogOutputStream:75 - [STDERR_REDIRECT] Jan 31, 2026 12:12:29 PM org.eclipse.lsp4j.jsonrpc.services.GenericEndpoint notify
2026-01-31 12:12:29,808 [ERROR] LogOutputStream:75 - [STDERR_REDIRECT] WARNING: Unsupported notification method: didChangeStatus
2026-01-31 12:12:29,808 [ERROR] LogOutputStream:75 - [STDERR_REDIRECT] 
2026-01-31 12:12:31,942 [ERROR] LogOutputStream:75 - [STDERR_REDIRECT] Jan 31, 2026 12:12:31 PM org.eclipse.lsp4j.jsonrpc.services.GenericEndpoint notify
2026-01-31 12:12:31,942 [ERROR] LogOutputStream:75 - [STDERR_REDIRECT] WARNING: Unsupported notification method: statusNotification
2026-01-31 12:12:31,942 [ERROR] LogOutputStream:75 - [STDERR_REDIRECT] 
2026-01-31 12:12:31,942 [ERROR] LogOutputStream:75 - [STDERR_REDIRECT] Jan 31, 2026 12:12:31 PM org.eclipse.lsp4j.jsonrpc.services.GenericEndpoint notify
2026-01-31 12:12:31,942 [ERROR] LogOutputStream:75 - [STDERR_REDIRECT] WARNING: Unsupported notification method: didChangeStatus
2026-01-31 12:12:31,942 [ERROR] LogOutputStream:75 - [STDERR_REDIRECT] 
2026-01-31 12:12:33,004 [ERROR] LogOutputStream:75 - [STDERR_REDIRECT] Jan 31, 2026 12:12:33 PM org.eclipse.lsp4j.jsonrpc.services.GenericEndpoint notify
2026-01-31 12:12:33,004 [ERROR] LogOutputStream:75 - [STDERR_REDIRECT] WARNING: Unsupported notification method: statusNotification
2026-01-31 12:12:33,004 [ERROR] LogOutputStream:75 - [STDERR_REDIRECT] 
2026-01-31 12:12:33,004 [ERROR] LogOutputStream:75 - [STDERR_REDIRECT] Jan 31, 2026 12:12:33 PM org.eclipse.lsp4j.jsonrpc.services.GenericEndpoint notify
2026-01-31 12:12:33,004 [ERROR] LogOutputStream:75 - [STDERR_REDIRECT] WARNING: Unsupported notification method: didChangeStatus
2026-01-31 12:12:33,004 [ERROR] LogOutputStream:75 - [STDERR_REDIRECT] 
2026-01-31 12:12:33,031 [ERROR] LogOutputStream:75 - [STDERR_REDIRECT] Jan 31, 2026 12:12:33 PM org.eclipse.lsp4j.jsonrpc.services.GenericEndpoint notify
2026-01-31 12:12:33,031 [ERROR] LogOutputStream:75 - [STDERR_REDIRECT] WARNING: Unsupported notification method: statusNotification
2026-01-31 12:12:33,031 [ERROR] LogOutputStream:75 - [STDERR_REDIRECT] 
2026-01-31 12:12:33,031 [ERROR] LogOutputStream:75 - [STDERR_REDIRECT] Jan 31, 2026 12:12:33 PM org.eclipse.lsp4j.jsonrpc.services.GenericEndpoint notify
2026-01-31 12:12:33,032 [ERROR] LogOutputStream:75 - [STDERR_REDIRECT] WARNING: Unsupported notification method: didChangeStatus
2026-01-31 12:12:33,032 [ERROR] LogOutputStream:75 - [STDERR_REDIRECT] 
2026-01-31 12:12:33,678 [ERROR] LogOutputStream:75 - [STDERR_REDIRECT] Jan 31, 2026 12:12:33 PM org.eclipse.lsp4j.jsonrpc.services.GenericEndpoint notify
2026-01-31 12:12:33,679 [ERROR] LogOutputStream:75 - [STDERR_REDIRECT] WARNING: Unsupported notification method: statusNotification
2026-01-31 12:12:33,679 [ERROR] LogOutputStream:75 - [STDERR_REDIRECT] 
2026-01-31 12:12:33,679 [ERROR] LogOutputStream:75 - [STDERR_REDIRECT] Jan 31, 2026 12:12:33 PM org.eclipse.lsp4j.jsonrpc.services.GenericEndpoint notify
2026-01-31 12:12:33,679 [ERROR] LogOutputStream:75 - [STDERR_REDIRECT] WARNING: Unsupported notification method: didChangeStatus
2026-01-31 12:12:33,679 [ERROR] LogOutputStream:75 - [STDERR_REDIRECT] 
2026-01-31 12:12:37,085 [ERROR] LogOutputStream:75 - [STDERR_REDIRECT] Jan 31, 2026 12:12:37 PM org.eclipse.lsp4j.jsonrpc.services.GenericEndpoint notify
2026-01-31 12:12:37,085 [ERROR] LogOutputStream:75 - [STDERR_REDIRECT] WARNING: Unsupported notification method: statusNotification
2026-01-31 12:12:37,085 [ERROR] LogOutputStream:75 - [STDERR_REDIRECT] 
2026-01-31 12:12:37,085 [ERROR] LogOutputStream:75 - [STDERR_REDIRECT] Jan 31, 2026 12:12:37 PM org.eclipse.lsp4j.jsonrpc.services.GenericEndpoint notify
2026-01-31 12:12:37,086 [ERROR] LogOutputStream:75 - [STDERR_REDIRECT] WARNING: Unsupported notification method: didChangeStatus
2026-01-31 12:12:37,087 [ERROR] LogOutputStream:75 - [STDERR_REDIRECT] 
2026-01-31 12:12:37,794 [ERROR] LogOutputStream:75 - [STDERR_REDIRECT] Jan 31, 2026 12:12:37 PM org.eclipse.lsp4j.jsonrpc.services.GenericEndpoint notify
2026-01-31 12:12:37,794 [ERROR] LogOutputStream:75 - [STDERR_REDIRECT] WARNING: Unsupported notification method: statusNotification
2026-01-31 12:12:37,794 [ERROR] LogOutputStream:75 - [STDERR_REDIRECT] 
2026-01-31 12:12:37,794 [ERROR] LogOutputStream:75 - [STDERR_REDIRECT] Jan 31, 2026 12:12:37 PM org.eclipse.lsp4j.jsonrpc.services.GenericEndpoint notify
2026-01-31 12:12:37,794 [ERROR] LogOutputStream:75 - [STDERR_REDIRECT] WARNING: Unsupported notification method: didChangeStatus
2026-01-31 12:12:37,794 [ERROR] LogOutputStream:75 - [STDERR_REDIRECT] 
2026-01-31 12:12:37,811 [ERROR] LogOutputStream:75 - [STDERR_REDIRECT] Jan 31, 2026 12:12:37 PM org.eclipse.lsp4j.jsonrpc.services.GenericEndpoint notify
2026-01-31 12:12:37,811 [ERROR] LogOutputStream:75 - [STDERR_REDIRECT] WARNING: Unsupported notification method: statusNotification
2026-01-31 12:12:37,811 [ERROR] LogOutputStream:75 - [STDERR_REDIRECT] 
2026-01-31 12:12:37,811 [ERROR] LogOutputStream:75 - [STDERR_REDIRECT] Jan 31, 2026 12:12:37 PM org.eclipse.lsp4j.jsonrpc.services.GenericEndpoint notify
2026-01-31 12:12:37,811 [ERROR] LogOutputStream:75 - [STDERR_REDIRECT] WARNING: Unsupported notification method: didChangeStatus
2026-01-31 12:12:37,811 [ERROR] LogOutputStream:75 - [STDERR_REDIRECT] 
2026-01-31 12:12:38,268 [ERROR] LogOutputStream:75 - [STDERR_REDIRECT] Jan 31, 2026 12:12:38 PM org.eclipse.lsp4j.jsonrpc.services.GenericEndpoint notify
2026-01-31 12:12:38,268 [ERROR] LogOutputStream:75 - [STDERR_REDIRECT] WARNING: Unsupported notification method: statusNotification
2026-01-31 12:12:38,268 [ERROR] LogOutputStream:75 - [STDERR_REDIRECT] 
2026-01-31 12:12:38,268 [ERROR] LogOutputStream:75 - [STDERR_REDIRECT] Jan 31, 2026 12:12:38 PM org.eclipse.lsp4j.jsonrpc.services.GenericEndpoint notify
2026-01-31 12:12:38,269 [ERROR] LogOutputStream:75 - [STDERR_REDIRECT] WARNING: Unsupported notification method: didChangeStatus
2026-01-31 12:12:38,269 [ERROR] LogOutputStream:75 - [STDERR_REDIRECT] 
2026-01-31 12:12:38,293 [ERROR] LogOutputStream:75 - [STDERR_REDIRECT] Jan 31, 2026 12:12:38 PM org.eclipse.lsp4j.jsonrpc.services.GenericEndpoint notify
2026-01-31 12:12:38,294 [ERROR] LogOutputStream:75 - [STDERR_REDIRECT] WARNING: Unsupported notification method: statusNotification
2026-01-31 12:12:38,294 [ERROR] LogOutputStream:75 - [STDERR_REDIRECT] 
2026-01-31 12:12:38,295 [ERROR] LogOutputStream:75 - [STDERR_REDIRECT] Jan 31, 2026 12:12:38 PM org.eclipse.lsp4j.jsonrpc.services.GenericEndpoint notify
2026-01-31 12:12:38,295 [ERROR] LogOutputStream:75 - [STDERR_REDIRECT] WARNING: Unsupported notification method: didChangeStatus
2026-01-31 12:12:38,295 [ERROR] LogOutputStream:75 - [STDERR_REDIRECT] 
2026-01-31 12:12:38,295 [ERROR] LogOutputStream:75 - [STDERR_REDIRECT] Jan 31, 2026 12:12:38 PM org.eclipse.lsp4j.jsonrpc.services.GenericEndpoint notify
2026-01-31 12:12:38,295 [ERROR] LogOutputStream:75 - [STDERR_REDIRECT] WARNING: Unsupported notification method: statusNotification
2026-01-31 12:12:38,295 [ERROR] LogOutputStream:75 - [STDERR_REDIRECT] 
2026-01-31 12:12:38,296 [ERROR] LogOutputStream:75 - [STDERR_REDIRECT] Jan 31, 2026 12:12:38 PM org.eclipse.lsp4j.jsonrpc.services.GenericEndpoint notify
2026-01-31 12:12:38,296 [ERROR] LogOutputStream:75 - [STDERR_REDIRECT] WARNING: Unsupported notification method: didChangeStatus
2026-01-31 12:12:38,296 [ERROR] LogOutputStream:75 - [STDERR_REDIRECT] 
2026-01-31 12:12:38,313 [ERROR] LogOutputStream:75 - [STDERR_REDIRECT] Jan 31, 2026 12:12:38 PM org.eclipse.lsp4j.jsonrpc.services.GenericEndpoint notify
2026-01-31 12:12:38,314 [ERROR] LogOutputStream:75 - [STDERR_REDIRECT] WARNING: Unsupported notification method: statusNotification
2026-01-31 12:12:38,314 [ERROR] LogOutputStream:75 - [STDERR_REDIRECT] 
2026-01-31 12:12:38,314 [ERROR] LogOutputStream:75 - [STDERR_REDIRECT] Jan 31, 2026 12:12:38 PM org.eclipse.lsp4j.jsonrpc.services.GenericEndpoint notify
2026-01-31 12:12:38,314 [ERROR] LogOutputStream:75 - [STDERR_REDIRECT] WARNING: Unsupported notification method: didChangeStatus
2026-01-31 12:12:38,314 [ERROR] LogOutputStream:75 - [STDERR_REDIRECT] 
2026-01-31 12:12:38,314 [ERROR] LogOutputStream:75 - [STDERR_REDIRECT] Jan 31, 2026 12:12:38 PM org.eclipse.lsp4j.jsonrpc.services.GenericEndpoint notify
2026-01-31 12:12:38,314 [ERROR] LogOutputStream:75 - [STDERR_REDIRECT] WARNING: Unsupported notification method: statusNotification
2026-01-31 12:12:38,314 [ERROR] LogOutputStream:75 - [STDERR_REDIRECT] 
2026-01-31 12:12:38,315 [ERROR] LogOutputStream:75 - [STDERR_REDIRECT] Jan 31, 2026 12:12:38 PM org.eclipse.lsp4j.jsonrpc.services.GenericEndpoint notify
2026-01-31 12:12:38,315 [ERROR] LogOutputStream:75 - [STDERR_REDIRECT] WARNING: Unsupported notification method: didChangeStatus
2026-01-31 12:12:38,315 [ERROR] LogOutputStream:75 - [STDERR_REDIRECT] 
2026-01-31 12:12:38,336 [ERROR] LogOutputStream:75 - [STDERR_REDIRECT] Jan 31, 2026 12:12:38 PM org.eclipse.lsp4j.jsonrpc.services.GenericEndpoint notify
2026-01-31 12:12:38,336 [ERROR] LogOutputStream:75 - [STDERR_REDIRECT] WARNING: Unsupported notification method: statusNotification
2026-01-31 12:12:38,336 [ERROR] LogOutputStream:75 - [STDERR_REDIRECT] 
2026-01-31 12:12:38,336 [ERROR] LogOutputStream:75 - [STDERR_REDIRECT] Jan 31, 2026 12:12:38 PM org.eclipse.lsp4j.jsonrpc.services.GenericEndpoint notify
2026-01-31 12:12:38,337 [ERROR] LogOutputStream:75 - [STDERR_REDIRECT] WARNING: Unsupported notification method: didChangeStatus
2026-01-31 12:12:38,337 [ERROR] LogOutputStream:75 - [STDERR_REDIRECT] 
2026-01-31 12:12:39,132 [ERROR] LogOutputStream:75 - [STDERR_REDIRECT] Jan 31, 2026 12:12:39 PM org.eclipse.lsp4j.jsonrpc.services.GenericEndpoint notify
2026-01-31 12:12:39,133 [ERROR] LogOutputStream:75 - [STDERR_REDIRECT] WARNING: Unsupported notification method: statusNotification
2026-01-31 12:12:39,133 [ERROR] LogOutputStream:75 - [STDERR_REDIRECT] 
2026-01-31 12:12:39,134 [ERROR] LogOutputStream:75 - [STDERR_REDIRECT] Jan 31, 2026 12:12:39 PM org.eclipse.lsp4j.jsonrpc.services.GenericEndpoint notify
2026-01-31 12:12:39,134 [ERROR] LogOutputStream:75 - [STDERR_REDIRECT] WARNING: Unsupported notification method: didChangeStatus
2026-01-31 12:12:39,134 [ERROR] LogOutputStream:75 - [STDERR_REDIRECT] 
2026-01-31 12:12:47,835 [ERROR] LogOutputStream:75 - [STDERR_REDIRECT] Jan 31, 2026 12:12:47 PM org.eclipse.lsp4j.jsonrpc.services.GenericEndpoint notify
2026-01-31 12:12:47,836 [ERROR] LogOutputStream:75 - [STDERR_REDIRECT] WARNING: Unsupported notification method: statusNotification
2026-01-31 12:12:47,836 [ERROR] LogOutputStream:75 - [STDERR_REDIRECT] 
2026-01-31 12:12:47,836 [ERROR] LogOutputStream:75 - [STDERR_REDIRECT] Jan 31, 2026 12:12:47 PM org.eclipse.lsp4j.jsonrpc.services.GenericEndpoint notify
2026-01-31 12:12:47,836 [ERROR] LogOutputStream:75 - [STDERR_REDIRECT] WARNING: Unsupported notification method: didChangeStatus
2026-01-31 12:12:47,837 [ERROR] LogOutputStream:75 - [STDERR_REDIRECT] 
2026-01-31 12:12:48,563 [ERROR] LogOutputStream:75 - [STDERR_REDIRECT] Jan 31, 2026 12:12:48 PM org.eclipse.lsp4j.jsonrpc.services.GenericEndpoint notify
2026-01-31 12:12:48,563 [ERROR] LogOutputStream:75 - [STDERR_REDIRECT] WARNING: Unsupported notification method: statusNotification
2026-01-31 12:12:48,563 [ERROR] LogOutputStream:75 - [STDERR_REDIRECT] 
2026-01-31 12:12:48,564 [ERROR] LogOutputStream:75 - [STDERR_REDIRECT] Jan 31, 2026 12:12:48 PM org.eclipse.lsp4j.jsonrpc.services.GenericEndpoint notify
2026-01-31 12:12:48,564 [ERROR] LogOutputStream:75 - [STDERR_REDIRECT] WARNING: Unsupported notification method: didChangeStatus
2026-01-31 12:12:48,564 [ERROR] LogOutputStream:75 - [STDERR_REDIRECT] 
2026-01-31 12:13:00,986 [ERROR] LogOutputStream:75 - [STDERR_REDIRECT] Jan 31, 2026 12:13:00 PM org.eclipse.lsp4j.jsonrpc.services.GenericEndpoint notify
2026-01-31 12:13:00,987 [ERROR] LogOutputStream:75 - [STDERR_REDIRECT] WARNING: Unsupported notification method: statusNotification
2026-01-31 12:13:00,987 [ERROR] LogOutputStream:75 - [STDERR_REDIRECT] 
2026-01-31 12:13:00,987 [ERROR] LogOutputStream:75 - [STDERR_REDIRECT] Jan 31, 2026 12:13:00 PM org.eclipse.lsp4j.jsonrpc.services.GenericEndpoint notify
2026-01-31 12:13:00,987 [ERROR] LogOutputStream:75 - [STDERR_REDIRECT] WARNING: Unsupported notification method: didChangeStatus
2026-01-31 12:13:00,988 [ERROR] LogOutputStream:75 - [STDERR_REDIRECT] 
2026-01-31 12:13:01,984 [ERROR] LogOutputStream:75 - [STDERR_REDIRECT] Jan 31, 2026 12:13:01 PM org.eclipse.lsp4j.jsonrpc.services.GenericEndpoint notify
2026-01-31 12:13:01,984 [ERROR] LogOutputStream:75 - [STDERR_REDIRECT] WARNING: Unsupported notification method: statusNotification
2026-01-31 12:13:01,984 [ERROR] LogOutputStream:75 - [STDERR_REDIRECT] 
2026-01-31 12:13:01,984 [ERROR] LogOutputStream:75 - [STDERR_REDIRECT] Jan 31, 2026 12:13:01 PM org.eclipse.lsp4j.jsonrpc.services.GenericEndpoint notify
2026-01-31 12:13:01,985 [ERROR] LogOutputStream:75 - [STDERR_REDIRECT] WARNING: Unsupported notification method: didChangeStatus
2026-01-31 12:13:01,985 [ERROR] LogOutputStream:75 - [STDERR_REDIRECT] 
2026-01-31 12:13:02,027 [ERROR] LogOutputStream:75 - [STDERR_REDIRECT] Jan 31, 2026 12:13:02 PM org.eclipse.lsp4j.jsonrpc.services.GenericEndpoint notify
2026-01-31 12:13:02,027 [ERROR] LogOutputStream:75 - [STDERR_REDIRECT] WARNING: Unsupported notification method: statusNotification
2026-01-31 12:13:02,028 [ERROR] LogOutputStream:75 - [STDERR_REDIRECT] 
2026-01-31 12:13:02,028 [ERROR] LogOutputStream:75 - [STDERR_REDIRECT] Jan 31, 2026 12:13:02 PM org.eclipse.lsp4j.jsonrpc.services.GenericEndpoint notify
2026-01-31 12:13:02,029 [ERROR] LogOutputStream:75 - [STDERR_REDIRECT] WARNING: Unsupported notification method: didChangeStatus
2026-01-31 12:13:02,029 [ERROR] LogOutputStream:75 - [STDERR_REDIRECT] 
2026-01-31 12:13:02,029 [ERROR] LogOutputStream:75 - [STDERR_REDIRECT] Jan 31, 2026 12:13:02 PM org.eclipse.lsp4j.jsonrpc.services.GenericEndpoint notify
2026-01-31 12:13:02,029 [ERROR] LogOutputStream:75 - [STDERR_REDIRECT] WARNING: Unsupported notification method: statusNotification
2026-01-31 12:13:02,029 [ERROR] LogOutputStream:75 - [STDERR_REDIRECT] 
2026-01-31 12:13:02,030 [ERROR] LogOutputStream:75 - [STDERR_REDIRECT] Jan 31, 2026 12:13:02 PM org.eclipse.lsp4j.jsonrpc.services.GenericEndpoint notify
2026-01-31 12:13:02,030 [ERROR] LogOutputStream:75 - [STDERR_REDIRECT] WARNING: Unsupported notification method: didChangeStatus
2026-01-31 12:13:02,030 [ERROR] LogOutputStream:75 - [STDERR_REDIRECT] 
2026-01-31 12:13:02,061 [ERROR] LogOutputStream:75 - [STDERR_REDIRECT] Jan 31, 2026 12:13:02 PM org.eclipse.lsp4j.jsonrpc.services.GenericEndpoint notify
2026-01-31 12:13:02,061 [ERROR] LogOutputStream:75 - [STDERR_REDIRECT] WARNING: Unsupported notification method: statusNotification
2026-01-31 12:13:02,062 [ERROR] LogOutputStream:75 - [STDERR_REDIRECT] 
2026-01-31 12:13:02,062 [ERROR] LogOutputStream:75 - [STDERR_REDIRECT] Jan 31, 2026 12:13:02 PM org.eclipse.lsp4j.jsonrpc.services.GenericEndpoint notify
2026-01-31 12:13:02,062 [ERROR] LogOutputStream:75 - [STDERR_REDIRECT] WARNING: Unsupported notification method: didChangeStatus
2026-01-31 12:13:02,062 [ERROR] LogOutputStream:75 - [STDERR_REDIRECT] 
2026-01-31 12:13:02,505 [ERROR] LogOutputStream:75 - [STDERR_REDIRECT] Jan 31, 2026 12:13:02 PM org.eclipse.lsp4j.jsonrpc.services.GenericEndpoint notify
2026-01-31 12:13:02,505 [ERROR] LogOutputStream:75 - [STDERR_REDIRECT] WARNING: Unsupported notification method: statusNotification
2026-01-31 12:13:02,505 [ERROR] LogOutputStream:75 - [STDERR_REDIRECT] 
2026-01-31 12:13:02,506 [ERROR] LogOutputStream:75 - [STDERR_REDIRECT] Jan 31, 2026 12:13:02 PM org.eclipse.lsp4j.jsonrpc.services.GenericEndpoint notify
2026-01-31 12:13:02,506 [ERROR] LogOutputStream:75 - [STDERR_REDIRECT] WARNING: Unsupported notification method: didChangeStatus
2026-01-31 12:13:02,506 [ERROR] LogOutputStream:75 - [STDERR_REDIRECT] 
2026-01-31 12:13:02,560 [ERROR] LogOutputStream:75 - [STDERR_REDIRECT] Jan 31, 2026 12:13:02 PM org.eclipse.lsp4j.jsonrpc.services.GenericEndpoint notify
2026-01-31 12:13:02,561 [ERROR] LogOutputStream:75 - [STDERR_REDIRECT] WARNING: Unsupported notification method: statusNotification
2026-01-31 12:13:02,561 [ERROR] LogOutputStream:75 - [STDERR_REDIRECT] 
2026-01-31 12:13:02,562 [ERROR] LogOutputStream:75 - [STDERR_REDIRECT] Jan 31, 2026 12:13:02 PM org.eclipse.lsp4j.jsonrpc.services.GenericEndpoint notify
2026-01-31 12:13:02,562 [ERROR] LogOutputStream:75 - [STDERR_REDIRECT] WARNING: Unsupported notification method: didChangeStatus
2026-01-31 12:13:02,563 [ERROR] LogOutputStream:75 - [STDERR_REDIRECT] 
2026-01-31 12:13:02,966 [ERROR] LogOutputStream:75 - [STDERR_REDIRECT] Jan 31, 2026 12:13:02 PM org.eclipse.lsp4j.jsonrpc.services.GenericEndpoint notify
2026-01-31 12:13:02,967 [ERROR] LogOutputStream:75 - [STDERR_REDIRECT] WARNING: Unsupported notification method: statusNotification
2026-01-31 12:13:02,967 [ERROR] LogOutputStream:75 - [STDERR_REDIRECT] 
2026-01-31 12:13:02,967 [ERROR] LogOutputStream:75 - [STDERR_REDIRECT] Jan 31, 2026 12:13:02 PM org.eclipse.lsp4j.jsonrpc.services.GenericEndpoint notify
2026-01-31 12:13:02,967 [ERROR] LogOutputStream:75 - [STDERR_REDIRECT] WARNING: Unsupported notification method: didChangeStatus
2026-01-31 12:13:02,967 [ERROR] LogOutputStream:75 - [STDERR_REDIRECT] 
2026-01-31 12:13:14,230 [ERROR] LogOutputStream:75 - [STDERR_REDIRECT] Jan 31, 2026 12:13:14 PM org.eclipse.lsp4j.jsonrpc.services.GenericEndpoint notify
2026-01-31 12:13:14,230 [ERROR] LogOutputStream:75 - [STDERR_REDIRECT] WARNING: Unsupported notification method: statusNotification
2026-01-31 12:13:14,230 [ERROR] LogOutputStream:75 - [STDERR_REDIRECT] 
2026-01-31 12:13:14,230 [ERROR] LogOutputStream:75 - [STDERR_REDIRECT] Jan 31, 2026 12:13:14 PM org.eclipse.lsp4j.jsonrpc.services.GenericEndpoint notify
2026-01-31 12:13:14,230 [ERROR] LogOutputStream:75 - [STDERR_REDIRECT] WARNING: Unsupported notification method: didChangeStatus
2026-01-31 12:13:14,231 [ERROR] LogOutputStream:75 - [STDERR_REDIRECT] 
2026-01-31 12:13:14,950 [ERROR] LogOutputStream:75 - [STDERR_REDIRECT] Jan 31, 2026 12:13:14 PM org.eclipse.lsp4j.jsonrpc.services.GenericEndpoint notify
2026-01-31 12:13:14,950 [ERROR] LogOutputStream:75 - [STDERR_REDIRECT] WARNING: Unsupported notification method: statusNotification
2026-01-31 12:13:14,950 [ERROR] LogOutputStream:75 - [STDERR_REDIRECT] 
2026-01-31 12:13:14,950 [ERROR] LogOutputStream:75 - [STDERR_REDIRECT] Jan 31, 2026 12:13:14 PM org.eclipse.lsp4j.jsonrpc.services.GenericEndpoint notify
2026-01-31 12:13:14,950 [ERROR] LogOutputStream:75 - [STDERR_REDIRECT] WARNING: Unsupported notification method: didChangeStatus
2026-01-31 12:13:14,950 [ERROR] LogOutputStream:75 - [STDERR_REDIRECT] 
2026-01-31 12:13:14,971 [ERROR] LogOutputStream:75 - [STDERR_REDIRECT] Jan 31, 2026 12:13:14 PM org.eclipse.lsp4j.jsonrpc.services.GenericEndpoint notify
2026-01-31 12:13:14,972 [ERROR] LogOutputStream:75 - [STDERR_REDIRECT] WARNING: Unsupported notification method: statusNotification
2026-01-31 12:13:14,972 [ERROR] LogOutputStream:75 - [STDERR_REDIRECT] 
2026-01-31 12:13:14,972 [ERROR] LogOutputStream:75 - [STDERR_REDIRECT] Jan 31, 2026 12:13:14 PM org.eclipse.lsp4j.jsonrpc.services.GenericEndpoint notify
2026-01-31 12:13:14,972 [ERROR] LogOutputStream:75 - [STDERR_REDIRECT] WARNING: Unsupported notification method: didChangeStatus
2026-01-31 12:13:14,972 [ERROR] LogOutputStream:75 - [STDERR_REDIRECT] 
2026-01-31 12:13:15,448 [ERROR] LogOutputStream:75 - [STDERR_REDIRECT] Jan 31, 2026 12:13:15 PM org.eclipse.lsp4j.jsonrpc.services.GenericEndpoint notify
2026-01-31 12:13:15,448 [ERROR] LogOutputStream:75 - [STDERR_REDIRECT] WARNING: Unsupported notification method: statusNotification
2026-01-31 12:13:15,448 [ERROR] LogOutputStream:75 - [STDERR_REDIRECT] 
2026-01-31 12:13:15,448 [ERROR] LogOutputStream:75 - [STDERR_REDIRECT] Jan 31, 2026 12:13:15 PM org.eclipse.lsp4j.jsonrpc.services.GenericEndpoint notify
2026-01-31 12:13:15,448 [ERROR] LogOutputStream:75 - [STDERR_REDIRECT] WARNING: Unsupported notification method: didChangeStatus
2026-01-31 12:13:15,448 [ERROR] LogOutputStream:75 - [STDERR_REDIRECT] 
2026-01-31 12:13:15,466 [ERROR] LogOutputStream:75 - [STDERR_REDIRECT] Jan 31, 2026 12:13:15 PM org.eclipse.lsp4j.jsonrpc.services.GenericEndpoint notify
2026-01-31 12:13:15,466 [ERROR] LogOutputStream:75 - [STDERR_REDIRECT] WARNING: Unsupported notification method: statusNotification
2026-01-31 12:13:15,466 [ERROR] LogOutputStream:75 - [STDERR_REDIRECT] 
2026-01-31 12:13:15,466 [ERROR] LogOutputStream:75 - [STDERR_REDIRECT] Jan 31, 2026 12:13:15 PM org.eclipse.lsp4j.jsonrpc.services.GenericEndpoint notify
2026-01-31 12:13:15,466 [ERROR] LogOutputStream:75 - [STDERR_REDIRECT] WARNING: Unsupported notification method: didChangeStatus
2026-01-31 12:13:15,467 [ERROR] LogOutputStream:75 - [STDERR_REDIRECT] 
2026-01-31 12:13:15,467 [ERROR] LogOutputStream:75 - [STDERR_REDIRECT] Jan 31, 2026 12:13:15 PM org.eclipse.lsp4j.jsonrpc.services.GenericEndpoint notify
2026-01-31 12:13:15,467 [ERROR] LogOutputStream:75 - [STDERR_REDIRECT] WARNING: Unsupported notification method: statusNotification
2026-01-31 12:13:15,467 [ERROR] LogOutputStream:75 - [STDERR_REDIRECT] 
2026-01-31 12:13:15,467 [ERROR] LogOutputStream:75 - [STDERR_REDIRECT] Jan 31, 2026 12:13:15 PM org.eclipse.lsp4j.jsonrpc.services.GenericEndpoint notify
2026-01-31 12:13:15,467 [ERROR] LogOutputStream:75 - [STDERR_REDIRECT] WARNING: Unsupported notification method: didChangeStatus
2026-01-31 12:13:15,467 [ERROR] LogOutputStream:75 - [STDERR_REDIRECT] 
2026-01-31 12:13:15,513 [ERROR] LogOutputStream:75 - [STDERR_REDIRECT] Jan 31, 2026 12:13:15 PM org.eclipse.lsp4j.jsonrpc.services.GenericEndpoint notify
2026-01-31 12:13:15,513 [ERROR] LogOutputStream:75 - [STDERR_REDIRECT] WARNING: Unsupported notification method: statusNotification
2026-01-31 12:13:15,514 [ERROR] LogOutputStream:75 - [STDERR_REDIRECT] 
2026-01-31 12:13:15,514 [ERROR] LogOutputStream:75 - [STDERR_REDIRECT] Jan 31, 2026 12:13:15 PM org.eclipse.lsp4j.jsonrpc.services.GenericEndpoint notify
2026-01-31 12:13:15,514 [ERROR] LogOutputStream:75 - [STDERR_REDIRECT] WARNING: Unsupported notification method: didChangeStatus
2026-01-31 12:13:15,514 [ERROR] LogOutputStream:75 - [STDERR_REDIRECT] 
2026-01-31 12:13:16,009 [ERROR] LogOutputStream:75 - [STDERR_REDIRECT] Jan 31, 2026 12:13:16 PM org.eclipse.lsp4j.jsonrpc.services.GenericEndpoint notify
2026-01-31 12:13:16,009 [ERROR] LogOutputStream:75 - [STDERR_REDIRECT] WARNING: Unsupported notification method: statusNotification
2026-01-31 12:13:16,009 [ERROR] LogOutputStream:75 - [STDERR_REDIRECT] 
2026-01-31 12:13:16,010 [ERROR] LogOutputStream:75 - [STDERR_REDIRECT] Jan 31, 2026 12:13:16 PM org.eclipse.lsp4j.jsonrpc.services.GenericEndpoint notify
2026-01-31 12:13:16,010 [ERROR] LogOutputStream:75 - [STDERR_REDIRECT] WARNING: Unsupported notification method: didChangeStatus
2026-01-31 12:13:16,010 [ERROR] LogOutputStream:75 - [STDERR_REDIRECT] 
2026-01-31 12:13:44,526 [ERROR] LogOutputStream:75 - [STDERR_REDIRECT] Jan 31, 2026 12:13:44 PM org.eclipse.lsp4j.jsonrpc.services.GenericEndpoint notify
2026-01-31 12:13:44,527 [ERROR] LogOutputStream:75 - [STDERR_REDIRECT] WARNING: Unsupported notification method: statusNotification
2026-01-31 12:13:44,527 [ERROR] LogOutputStream:75 - [STDERR_REDIRECT] 
2026-01-31 12:13:44,528 [ERROR] LogOutputStream:75 - [STDERR_REDIRECT] Jan 31, 2026 12:13:44 PM org.eclipse.lsp4j.jsonrpc.services.GenericEndpoint notify
2026-01-31 12:13:44,528 [ERROR] LogOutputStream:75 - [STDERR_REDIRECT] WARNING: Unsupported notification method: didChangeStatus
2026-01-31 12:13:44,528 [ERROR] LogOutputStream:75 - [STDERR_REDIRECT] 
2026-01-31 12:13:45,372 [ERROR] LogOutputStream:75 - [STDERR_REDIRECT] Jan 31, 2026 12:13:45 PM org.eclipse.lsp4j.jsonrpc.services.GenericEndpoint notify
2026-01-31 12:13:45,372 [ERROR] LogOutputStream:75 - [STDERR_REDIRECT] WARNING: Unsupported notification method: statusNotification
2026-01-31 12:13:45,372 [ERROR] LogOutputStream:75 - [STDERR_REDIRECT] 
2026-01-31 12:13:45,373 [ERROR] LogOutputStream:75 - [STDERR_REDIRECT] Jan 31, 2026 12:13:45 PM org.eclipse.lsp4j.jsonrpc.services.GenericEndpoint notify
2026-01-31 12:13:45,373 [ERROR] LogOutputStream:75 - [STDERR_REDIRECT] WARNING: Unsupported notification method: didChangeStatus
2026-01-31 12:13:45,373 [ERROR] LogOutputStream:75 - [STDERR_REDIRECT] 
2026-01-31 12:13:45,413 [ERROR] LogOutputStream:75 - [STDERR_REDIRECT] Jan 31, 2026 12:13:45 PM org.eclipse.lsp4j.jsonrpc.services.GenericEndpoint notify
2026-01-31 12:13:45,414 [ERROR] LogOutputStream:75 - [STDERR_REDIRECT] WARNING: Unsupported notification method: statusNotification
2026-01-31 12:13:45,414 [ERROR] LogOutputStream:75 - [STDERR_REDIRECT] 
2026-01-31 12:13:45,415 [ERROR] LogOutputStream:75 - [STDERR_REDIRECT] Jan 31, 2026 12:13:45 PM org.eclipse.lsp4j.jsonrpc.services.GenericEndpoint notify
2026-01-31 12:13:45,415 [ERROR] LogOutputStream:75 - [STDERR_REDIRECT] WARNING: Unsupported notification method: didChangeStatus
2026-01-31 12:13:45,415 [ERROR] LogOutputStream:75 - [STDERR_REDIRECT] 
2026-01-31 12:13:46,147 [ERROR] LogOutputStream:75 - [STDERR_REDIRECT] Jan 31, 2026 12:13:46 PM org.eclipse.lsp4j.jsonrpc.services.GenericEndpoint notify
2026-01-31 12:13:46,148 [ERROR] LogOutputStream:75 - [STDERR_REDIRECT] WARNING: Unsupported notification method: statusNotification
2026-01-31 12:13:46,148 [ERROR] LogOutputStream:75 - [STDERR_REDIRECT] 
2026-01-31 12:13:46,149 [ERROR] LogOutputStream:75 - [STDERR_REDIRECT] Jan 31, 2026 12:13:46 PM org.eclipse.lsp4j.jsonrpc.services.GenericEndpoint notify
2026-01-31 12:13:46,149 [ERROR] LogOutputStream:75 - [STDERR_REDIRECT] WARNING: Unsupported notification method: didChangeStatus
2026-01-31 12:13:46,149 [ERROR] LogOutputStream:75 - [STDERR_REDIRECT] 
2026-01-31 12:13:46,177 [ERROR] LogOutputStream:75 - [STDERR_REDIRECT] Jan 31, 2026 12:13:46 PM org.eclipse.lsp4j.jsonrpc.services.GenericEndpoint notify
2026-01-31 12:13:46,177 [ERROR] LogOutputStream:75 - [STDERR_REDIRECT] WARNING: Unsupported notification method: statusNotification
2026-01-31 12:13:46,177 [ERROR] LogOutputStream:75 - [STDERR_REDIRECT] 
2026-01-31 12:13:46,178 [ERROR] LogOutputStream:75 - [STDERR_REDIRECT] Jan 31, 2026 12:13:46 PM org.eclipse.lsp4j.jsonrpc.services.GenericEndpoint notify
2026-01-31 12:13:46,178 [ERROR] LogOutputStream:75 - [STDERR_REDIRECT] WARNING: Unsupported notification method: didChangeStatus
2026-01-31 12:13:46,178 [ERROR] LogOutputStream:75 - [STDERR_REDIRECT] 
2026-01-31 12:13:46,178 [ERROR] LogOutputStream:75 - [STDERR_REDIRECT] Jan 31, 2026 12:13:46 PM org.eclipse.lsp4j.jsonrpc.services.GenericEndpoint notify
2026-01-31 12:13:46,179 [ERROR] LogOutputStream:75 - [STDERR_REDIRECT] WARNING: Unsupported notification method: statusNotification
2026-01-31 12:13:46,179 [ERROR] LogOutputStream:75 - [STDERR_REDIRECT] 
2026-01-31 12:13:46,179 [ERROR] LogOutputStream:75 - [STDERR_REDIRECT] Jan 31, 2026 12:13:46 PM org.eclipse.lsp4j.jsonrpc.services.GenericEndpoint notify
2026-01-31 12:13:46,179 [ERROR] LogOutputStream:75 - [STDERR_REDIRECT] WARNING: Unsupported notification method: didChangeStatus
2026-01-31 12:13:46,180 [ERROR] LogOutputStream:75 - [STDERR_REDIRECT] 
2026-01-31 12:13:46,240 [ERROR] LogOutputStream:75 - [STDERR_REDIRECT] Jan 31, 2026 12:13:46 PM org.eclipse.lsp4j.jsonrpc.services.GenericEndpoint notify
2026-01-31 12:13:46,241 [ERROR] LogOutputStream:75 - [STDERR_REDIRECT] WARNING: Unsupported notification method: statusNotification
2026-01-31 12:13:46,241 [ERROR] LogOutputStream:75 - [STDERR_REDIRECT] 
2026-01-31 12:13:46,241 [ERROR] LogOutputStream:75 - [STDERR_REDIRECT] Jan 31, 2026 12:13:46 PM org.eclipse.lsp4j.jsonrpc.services.GenericEndpoint notify
2026-01-31 12:13:46,242 [ERROR] LogOutputStream:75 - [STDERR_REDIRECT] WARNING: Unsupported notification method: didChangeStatus
2026-01-31 12:13:46,242 [ERROR] LogOutputStream:75 - [STDERR_REDIRECT] 
2026-01-31 12:13:46,243 [ERROR] LogOutputStream:75 - [STDERR_REDIRECT] Jan 31, 2026 12:13:46 PM org.eclipse.lsp4j.jsonrpc.services.GenericEndpoint notify
2026-01-31 12:13:46,243 [ERROR] LogOutputStream:75 - [STDERR_REDIRECT] WARNING: Unsupported notification method: statusNotification
2026-01-31 12:13:46,243 [ERROR] LogOutputStream:75 - [STDERR_REDIRECT] 
2026-01-31 12:13:46,244 [ERROR] LogOutputStream:75 - [STDERR_REDIRECT] Jan 31, 2026 12:13:46 PM org.eclipse.lsp4j.jsonrpc.services.GenericEndpoint notify
2026-01-31 12:13:46,244 [ERROR] LogOutputStream:75 - [STDERR_REDIRECT] WARNING: Unsupported notification method: didChangeStatus
2026-01-31 12:13:46,244 [ERROR] LogOutputStream:75 - [STDERR_REDIRECT] 
2026-01-31 12:13:46,324 [ERROR] LogOutputStream:75 - [STDERR_REDIRECT] Jan 31, 2026 12:13:46 PM org.eclipse.lsp4j.jsonrpc.services.GenericEndpoint notify
2026-01-31 12:13:46,324 [ERROR] LogOutputStream:75 - [STDERR_REDIRECT] WARNING: Unsupported notification method: statusNotification
2026-01-31 12:13:46,324 [ERROR] LogOutputStream:75 - [STDERR_REDIRECT] 
2026-01-31 12:13:46,325 [ERROR] LogOutputStream:75 - [STDERR_REDIRECT] Jan 31, 2026 12:13:46 PM org.eclipse.lsp4j.jsonrpc.services.GenericEndpoint notify
2026-01-31 12:13:46,325 [ERROR] LogOutputStream:75 - [STDERR_REDIRECT] WARNING: Unsupported notification method: didChangeStatus
2026-01-31 12:13:46,325 [ERROR] LogOutputStream:75 - [STDERR_REDIRECT] 
2026-01-31 12:13:46,325 [ERROR] LogOutputStream:75 - [STDERR_REDIRECT] Jan 31, 2026 12:13:46 PM org.eclipse.lsp4j.jsonrpc.services.GenericEndpoint notify
2026-01-31 12:13:46,326 [ERROR] LogOutputStream:75 - [STDERR_REDIRECT] WARNING: Unsupported notification method: statusNotification
2026-01-31 12:13:46,326 [ERROR] LogOutputStream:75 - [STDERR_REDIRECT] 
2026-01-31 12:13:46,327 [ERROR] LogOutputStream:75 - [STDERR_REDIRECT] Jan 31, 2026 12:13:46 PM org.eclipse.lsp4j.jsonrpc.services.GenericEndpoint notify
2026-01-31 12:13:46,327 [ERROR] LogOutputStream:75 - [STDERR_REDIRECT] WARNING: Unsupported notification method: didChangeStatus
2026-01-31 12:13:46,327 [ERROR] LogOutputStream:75 - [STDERR_REDIRECT] 
2026-01-31 12:13:46,382 [ERROR] LogOutputStream:75 - [STDERR_REDIRECT] Jan 31, 2026 12:13:46 PM org.eclipse.lsp4j.jsonrpc.services.GenericEndpoint notify
2026-01-31 12:13:46,382 [ERROR] LogOutputStream:75 - [STDERR_REDIRECT] WARNING: Unsupported notification method: statusNotification
2026-01-31 12:13:46,383 [ERROR] LogOutputStream:75 - [STDERR_REDIRECT] 
2026-01-31 12:13:46,384 [ERROR] LogOutputStream:75 - [STDERR_REDIRECT] Jan 31, 2026 12:13:46 PM org.eclipse.lsp4j.jsonrpc.services.GenericEndpoint notify
2026-01-31 12:13:46,384 [ERROR] LogOutputStream:75 - [STDERR_REDIRECT] WARNING: Unsupported notification method: didChangeStatus
2026-01-31 12:13:46,384 [ERROR] LogOutputStream:75 - [STDERR_REDIRECT] 
2026-01-31 12:13:46,902 [ERROR] LogOutputStream:75 - [STDERR_REDIRECT] Jan 31, 2026 12:13:46 PM org.eclipse.lsp4j.jsonrpc.services.GenericEndpoint notify
2026-01-31 12:13:46,903 [ERROR] LogOutputStream:75 - [STDERR_REDIRECT] WARNING: Unsupported notification method: statusNotification
2026-01-31 12:13:46,903 [ERROR] LogOutputStream:75 - [STDERR_REDIRECT] 
2026-01-31 12:13:46,903 [ERROR] LogOutputStream:75 - [STDERR_REDIRECT] Jan 31, 2026 12:13:46 PM org.eclipse.lsp4j.jsonrpc.services.GenericEndpoint notify
2026-01-31 12:13:46,903 [ERROR] LogOutputStream:75 - [STDERR_REDIRECT] WARNING: Unsupported notification method: didChangeStatus
2026-01-31 12:13:46,903 [ERROR] LogOutputStream:75 - [STDERR_REDIRECT] 
2026-01-31 12:16:26,441 [ERROR] LogOutputStream:75 - [STDERR_REDIRECT] Jan 31, 2026 12:16:26 PM org.eclipse.lsp4j.jsonrpc.services.GenericEndpoint notify
2026-01-31 12:16:26,442 [ERROR] LogOutputStream:75 - [STDERR_REDIRECT] WARNING: Unsupported notification method: statusNotification
2026-01-31 12:16:26,442 [ERROR] LogOutputStream:75 - [STDERR_REDIRECT] 
2026-01-31 12:16:26,443 [ERROR] LogOutputStream:75 - [STDERR_REDIRECT] Jan 31, 2026 12:16:26 PM org.eclipse.lsp4j.jsonrpc.services.GenericEndpoint notify
2026-01-31 12:16:26,443 [ERROR] LogOutputStream:75 - [STDERR_REDIRECT] WARNING: Unsupported notification method: didChangeStatus
2026-01-31 12:16:26,443 [ERROR] LogOutputStream:75 - [STDERR_REDIRECT] 
2026-01-31 12:16:27,676 [ERROR] LogOutputStream:75 - [STDERR_REDIRECT] Jan 31, 2026 12:16:27 PM org.eclipse.lsp4j.jsonrpc.services.GenericEndpoint notify
2026-01-31 12:16:27,676 [ERROR] LogOutputStream:75 - [STDERR_REDIRECT] WARNING: Unsupported notification method: statusNotification
2026-01-31 12:16:27,676 [ERROR] LogOutputStream:75 - [STDERR_REDIRECT] 
2026-01-31 12:16:27,677 [ERROR] LogOutputStream:75 - [STDERR_REDIRECT] Jan 31, 2026 12:16:27 PM org.eclipse.lsp4j.jsonrpc.services.GenericEndpoint notify
2026-01-31 12:16:27,677 [ERROR] LogOutputStream:75 - [STDERR_REDIRECT] WARNING: Unsupported notification method: didChangeStatus
2026-01-31 12:16:27,677 [ERROR] LogOutputStream:75 - [STDERR_REDIRECT] 
2026-01-31 12:23:14,229 [ERROR] LogOutputStream:75 - [STDERR_REDIRECT] Jan 31, 2026 12:23:14 PM org.eclipse.lsp4j.jsonrpc.services.GenericEndpoint notify
2026-01-31 12:23:14,232 [ERROR] LogOutputStream:75 - [STDERR_REDIRECT] WARNING: Unsupported notification method: statusNotification
2026-01-31 12:23:14,232 [ERROR] LogOutputStream:75 - [STDERR_REDIRECT] 
2026-01-31 12:23:14,233 [ERROR] LogOutputStream:75 - [STDERR_REDIRECT] Jan 31, 2026 12:23:14 PM org.eclipse.lsp4j.jsonrpc.services.GenericEndpoint notify
2026-01-31 12:23:14,234 [ERROR] LogOutputStream:75 - [STDERR_REDIRECT] WARNING: Unsupported notification method: didChangeStatus
2026-01-31 12:23:14,234 [ERROR] LogOutputStream:75 - [STDERR_REDIRECT] 
2026-01-31 12:23:15,467 [ERROR] LogOutputStream:75 - [STDERR_REDIRECT] Jan 31, 2026 12:23:15 PM org.eclipse.lsp4j.jsonrpc.services.GenericEndpoint notify
2026-01-31 12:23:15,468 [ERROR] LogOutputStream:75 - [STDERR_REDIRECT] WARNING: Unsupported notification method: statusNotification
2026-01-31 12:23:15,468 [ERROR] LogOutputStream:75 - [STDERR_REDIRECT] 
2026-01-31 12:23:15,468 [ERROR] LogOutputStream:75 - [STDERR_REDIRECT] Jan 31, 2026 12:23:15 PM org.eclipse.lsp4j.jsonrpc.services.GenericEndpoint notify
2026-01-31 12:23:15,468 [ERROR] LogOutputStream:75 - [STDERR_REDIRECT] WARNING: Unsupported notification method: didChangeStatus
2026-01-31 12:23:15,468 [ERROR] LogOutputStream:75 - [STDERR_REDIRECT] 
2026-01-31 12:23:15,516 [ERROR] LogOutputStream:75 - [STDERR_REDIRECT] Jan 31, 2026 12:23:15 PM org.eclipse.lsp4j.jsonrpc.services.GenericEndpoint notify
2026-01-31 12:23:15,517 [ERROR] LogOutputStream:75 - [STDERR_REDIRECT] WARNING: Unsupported notification method: statusNotification
2026-01-31 12:23:15,517 [ERROR] LogOutputStream:75 - [STDERR_REDIRECT] 
2026-01-31 12:23:15,517 [ERROR] LogOutputStream:75 - [STDERR_REDIRECT] Jan 31, 2026 12:23:15 PM org.eclipse.lsp4j.jsonrpc.services.GenericEndpoint notify
2026-01-31 12:23:15,518 [ERROR] LogOutputStream:75 - [STDERR_REDIRECT] WARNING: Unsupported notification method: didChangeStatus
2026-01-31 12:23:15,518 [ERROR] LogOutputStream:75 - [STDERR_REDIRECT] 
2026-01-31 12:23:15,977 [ERROR] LogOutputStream:75 - [STDERR_REDIRECT] Jan 31, 2026 12:23:15 PM org.eclipse.lsp4j.jsonrpc.services.GenericEndpoint notify
2026-01-31 12:23:15,977 [ERROR] LogOutputStream:75 - [STDERR_REDIRECT] WARNING: Unsupported notification method: statusNotification
2026-01-31 12:23:15,977 [ERROR] LogOutputStream:75 - [STDERR_REDIRECT] 
2026-01-31 12:23:15,978 [ERROR] LogOutputStream:75 - [STDERR_REDIRECT] Jan 31, 2026 12:23:15 PM org.eclipse.lsp4j.jsonrpc.services.GenericEndpoint notify
2026-01-31 12:23:15,978 [ERROR] LogOutputStream:75 - [STDERR_REDIRECT] WARNING: Unsupported notification method: didChangeStatus
2026-01-31 12:23:15,978 [ERROR] LogOutputStream:75 - [STDERR_REDIRECT] 
2026-01-31 12:23:16,044 [ERROR] LogOutputStream:75 - [STDERR_REDIRECT] Jan 31, 2026 12:23:16 PM org.eclipse.lsp4j.jsonrpc.services.GenericEndpoint notify
2026-01-31 12:23:16,044 [ERROR] LogOutputStream:75 - [STDERR_REDIRECT] WARNING: Unsupported notification method: statusNotification
2026-01-31 12:23:16,044 [ERROR] LogOutputStream:75 - [STDERR_REDIRECT] 
2026-01-31 12:23:16,045 [ERROR] LogOutputStream:75 - [STDERR_REDIRECT] Jan 31, 2026 12:23:16 PM org.eclipse.lsp4j.jsonrpc.services.GenericEndpoint notify
2026-01-31 12:23:16,045 [ERROR] LogOutputStream:75 - [STDERR_REDIRECT] WARNING: Unsupported notification method: didChangeStatus
2026-01-31 12:23:16,045 [ERROR] LogOutputStream:75 - [STDERR_REDIRECT] 
2026-01-31 12:23:17,141 [ERROR] LogOutputStream:75 - [STDERR_REDIRECT] Jan 31, 2026 12:23:17 PM org.eclipse.lsp4j.jsonrpc.services.GenericEndpoint notify
2026-01-31 12:23:17,141 [ERROR] LogOutputStream:75 - [STDERR_REDIRECT] WARNING: Unsupported notification method: statusNotification
2026-01-31 12:23:17,141 [ERROR] LogOutputStream:75 - [STDERR_REDIRECT] 
2026-01-31 12:23:17,141 [ERROR] LogOutputStream:75 - [STDERR_REDIRECT] Jan 31, 2026 12:23:17 PM org.eclipse.lsp4j.jsonrpc.services.GenericEndpoint notify
2026-01-31 12:23:17,142 [ERROR] LogOutputStream:75 - [STDERR_REDIRECT] WARNING: Unsupported notification method: didChangeStatus
2026-01-31 12:23:17,142 [ERROR] LogOutputStream:75 - [STDERR_REDIRECT] 
2026-01-31 12:23:17,181 [ERROR] LogOutputStream:75 - [STDERR_REDIRECT] Jan 31, 2026 12:23:17 PM org.eclipse.lsp4j.jsonrpc.services.GenericEndpoint notify
2026-01-31 12:23:17,182 [ERROR] LogOutputStream:75 - [STDERR_REDIRECT] WARNING: Unsupported notification method: statusNotification
2026-01-31 12:23:17,182 [ERROR] LogOutputStream:75 - [STDERR_REDIRECT] 
2026-01-31 12:23:17,182 [ERROR] LogOutputStream:75 - [STDERR_REDIRECT] Jan 31, 2026 12:23:17 PM org.eclipse.lsp4j.jsonrpc.services.GenericEndpoint notify
2026-01-31 12:23:17,182 [ERROR] LogOutputStream:75 - [STDERR_REDIRECT] WARNING: Unsupported notification method: didChangeStatus
2026-01-31 12:23:17,182 [ERROR] LogOutputStream:75 - [STDERR_REDIRECT] 
2026-01-31 12:23:18,068 [ERROR] LogOutputStream:75 - [STDERR_REDIRECT] Jan 31, 2026 12:23:18 PM org.eclipse.lsp4j.jsonrpc.services.GenericEndpoint notify
2026-01-31 12:23:18,068 [ERROR] LogOutputStream:75 - [STDERR_REDIRECT] WARNING: Unsupported notification method: statusNotification
2026-01-31 12:23:18,068 [ERROR] LogOutputStream:75 - [STDERR_REDIRECT] 
2026-01-31 12:23:18,069 [ERROR] LogOutputStream:75 - [STDERR_REDIRECT] Jan 31, 2026 12:23:18 PM org.eclipse.lsp4j.jsonrpc.services.GenericEndpoint notify
2026-01-31 12:23:18,069 [ERROR] LogOutputStream:75 - [STDERR_REDIRECT] WARNING: Unsupported notification method: didChangeStatus
2026-01-31 12:23:18,069 [ERROR] LogOutputStream:75 - [STDERR_REDIRECT] 
2026-01-31 12:23:18,112 [ERROR] LogOutputStream:75 - [STDERR_REDIRECT] Jan 31, 2026 12:23:18 PM org.eclipse.lsp4j.jsonrpc.services.GenericEndpoint notify
2026-01-31 12:23:18,112 [ERROR] LogOutputStream:75 - [STDERR_REDIRECT] WARNING: Unsupported notification method: statusNotification
2026-01-31 12:23:18,112 [ERROR] LogOutputStream:75 - [STDERR_REDIRECT] 
2026-01-31 12:23:18,113 [ERROR] LogOutputStream:75 - [STDERR_REDIRECT] Jan 31, 2026 12:23:18 PM org.eclipse.lsp4j.jsonrpc.services.GenericEndpoint notify
2026-01-31 12:23:18,113 [ERROR] LogOutputStream:75 - [STDERR_REDIRECT] WARNING: Unsupported notification method: didChangeStatus
2026-01-31 12:23:18,113 [ERROR] LogOutputStream:75 - [STDERR_REDIRECT] 
2026-01-31 12:23:18,856 [ERROR] LogOutputStream:75 - [STDERR_REDIRECT] Jan 31, 2026 12:23:18 PM org.eclipse.lsp4j.jsonrpc.services.GenericEndpoint notify
2026-01-31 12:23:18,857 [ERROR] LogOutputStream:75 - [STDERR_REDIRECT] WARNING: Unsupported notification method: statusNotification
2026-01-31 12:23:18,857 [ERROR] LogOutputStream:75 - [STDERR_REDIRECT] 
2026-01-31 12:23:18,858 [ERROR] LogOutputStream:75 - [STDERR_REDIRECT] Jan 31, 2026 12:23:18 PM org.eclipse.lsp4j.jsonrpc.services.GenericEndpoint notify
2026-01-31 12:23:18,858 [ERROR] LogOutputStream:75 - [STDERR_REDIRECT] WARNING: Unsupported notification method: didChangeStatus
2026-01-31 12:23:18,858 [ERROR] LogOutputStream:75 - [STDERR_REDIRECT] 
2026-01-31 12:23:18,908 [ERROR] LogOutputStream:75 - [STDERR_REDIRECT] Jan 31, 2026 12:23:18 PM org.eclipse.lsp4j.jsonrpc.services.GenericEndpoint notify
2026-01-31 12:23:18,909 [ERROR] LogOutputStream:75 - [STDERR_REDIRECT] WARNING: Unsupported notification method: statusNotification
2026-01-31 12:23:18,909 [ERROR] LogOutputStream:75 - [STDERR_REDIRECT] 
2026-01-31 12:23:18,910 [ERROR] LogOutputStream:75 - [STDERR_REDIRECT] Jan 31, 2026 12:23:18 PM org.eclipse.lsp4j.jsonrpc.services.GenericEndpoint notify
2026-01-31 12:23:18,910 [ERROR] LogOutputStream:75 - [STDERR_REDIRECT] WARNING: Unsupported notification method: didChangeStatus
2026-01-31 12:23:18,910 [ERROR] LogOutputStream:75 - [STDERR_REDIRECT] 
2026-01-31 12:23:18,911 [ERROR] LogOutputStream:75 - [STDERR_REDIRECT] Jan 31, 2026 12:23:18 PM org.eclipse.lsp4j.jsonrpc.services.GenericEndpoint notify
2026-01-31 12:23:18,911 [ERROR] LogOutputStream:75 - [STDERR_REDIRECT] WARNING: Unsupported notification method: statusNotification
2026-01-31 12:23:18,911 [ERROR] LogOutputStream:75 - [STDERR_REDIRECT] 
2026-01-31 12:23:18,912 [ERROR] LogOutputStream:75 - [STDERR_REDIRECT] Jan 31, 2026 12:23:18 PM org.eclipse.lsp4j.jsonrpc.services.GenericEndpoint notify
2026-01-31 12:23:18,912 [ERROR] LogOutputStream:75 - [STDERR_REDIRECT] WARNING: Unsupported notification method: didChangeStatus
2026-01-31 12:23:18,912 [ERROR] LogOutputStream:75 - [STDERR_REDIRECT] 
2026-01-31 12:23:18,994 [ERROR] LogOutputStream:75 - [STDERR_REDIRECT] Jan 31, 2026 12:23:18 PM org.eclipse.lsp4j.jsonrpc.services.GenericEndpoint notify
2026-01-31 12:23:18,995 [ERROR] LogOutputStream:75 - [STDERR_REDIRECT] WARNING: Unsupported notification method: statusNotification
2026-01-31 12:23:18,995 [ERROR] LogOutputStream:75 - [STDERR_REDIRECT] 
2026-01-31 12:23:18,996 [ERROR] LogOutputStream:75 - [STDERR_REDIRECT] Jan 31, 2026 12:23:18 PM org.eclipse.lsp4j.jsonrpc.services.GenericEndpoint notify
2026-01-31 12:23:18,996 [ERROR] LogOutputStream:75 - [STDERR_REDIRECT] WARNING: Unsupported notification method: didChangeStatus
2026-01-31 12:23:18,997 [ERROR] LogOutputStream:75 - [STDERR_REDIRECT] 
2026-01-31 12:23:20,118 [ERROR] LogOutputStream:75 - [STDERR_REDIRECT] Jan 31, 2026 12:23:20 PM org.eclipse.lsp4j.jsonrpc.services.GenericEndpoint notify
2026-01-31 12:23:20,118 [ERROR] LogOutputStream:75 - [STDERR_REDIRECT] WARNING: Unsupported notification method: statusNotification
2026-01-31 12:23:20,119 [ERROR] LogOutputStream:75 - [STDERR_REDIRECT] 
2026-01-31 12:23:20,119 [ERROR] LogOutputStream:75 - [STDERR_REDIRECT] Jan 31, 2026 12:23:20 PM org.eclipse.lsp4j.jsonrpc.services.GenericEndpoint notify
2026-01-31 12:23:20,120 [ERROR] LogOutputStream:75 - [STDERR_REDIRECT] WARNING: Unsupported notification method: didChangeStatus
2026-01-31 12:23:20,120 [ERROR] LogOutputStream:75 - [STDERR_REDIRECT] 
2026-01-31 12:23:20,204 [ERROR] LogOutputStream:75 - [STDERR_REDIRECT] Jan 31, 2026 12:23:20 PM org.eclipse.lsp4j.jsonrpc.services.GenericEndpoint notify
2026-01-31 12:23:20,204 [ERROR] LogOutputStream:75 - [STDERR_REDIRECT] WARNING: Unsupported notification method: statusNotification
2026-01-31 12:23:20,204 [ERROR] LogOutputStream:75 - [STDERR_REDIRECT] 
2026-01-31 12:23:20,205 [ERROR] LogOutputStream:75 - [STDERR_REDIRECT] Jan 31, 2026 12:23:20 PM org.eclipse.lsp4j.jsonrpc.services.GenericEndpoint notify
2026-01-31 12:23:20,205 [ERROR] LogOutputStream:75 - [STDERR_REDIRECT] WARNING: Unsupported notification method: didChangeStatus
2026-01-31 12:23:20,206 [ERROR] LogOutputStream:75 - [STDERR_REDIRECT] 
2026-01-31 12:23:21,079 [ERROR] LogOutputStream:75 - [STDERR_REDIRECT] Jan 31, 2026 12:23:21 PM org.eclipse.lsp4j.jsonrpc.services.GenericEndpoint notify
2026-01-31 12:23:21,080 [ERROR] LogOutputStream:75 - [STDERR_REDIRECT] WARNING: Unsupported notification method: statusNotification
2026-01-31 12:23:21,080 [ERROR] LogOutputStream:75 - [STDERR_REDIRECT] 
2026-01-31 12:23:21,081 [ERROR] LogOutputStream:75 - [STDERR_REDIRECT] Jan 31, 2026 12:23:21 PM org.eclipse.lsp4j.jsonrpc.services.GenericEndpoint notify
2026-01-31 12:23:21,081 [ERROR] LogOutputStream:75 - [STDERR_REDIRECT] WARNING: Unsupported notification method: didChangeStatus
2026-01-31 12:23:21,081 [ERROR] LogOutputStream:75 - [STDERR_REDIRECT] 
2026-01-31 12:23:21,132 [ERROR] LogOutputStream:75 - [STDERR_REDIRECT] Jan 31, 2026 12:23:21 PM org.eclipse.lsp4j.jsonrpc.services.GenericEndpoint notify
2026-01-31 12:23:21,132 [ERROR] LogOutputStream:75 - [STDERR_REDIRECT] WARNING: Unsupported notification method: statusNotification
2026-01-31 12:23:21,133 [ERROR] LogOutputStream:75 - [STDERR_REDIRECT] 
2026-01-31 12:23:21,133 [ERROR] LogOutputStream:75 - [STDERR_REDIRECT] Jan 31, 2026 12:23:21 PM org.eclipse.lsp4j.jsonrpc.services.GenericEndpoint notify
2026-01-31 12:23:21,134 [ERROR] LogOutputStream:75 - [STDERR_REDIRECT] WARNING: Unsupported notification method: didChangeStatus
2026-01-31 12:23:21,134 [ERROR] LogOutputStream:75 - [STDERR_REDIRECT] 
2026-01-31 12:23:21,974 [ERROR] LogOutputStream:75 - [STDERR_REDIRECT] Jan 31, 2026 12:23:21 PM org.eclipse.lsp4j.jsonrpc.services.GenericEndpoint notify
2026-01-31 12:23:21,975 [ERROR] LogOutputStream:75 - [STDERR_REDIRECT] WARNING: Unsupported notification method: statusNotification
2026-01-31 12:23:21,975 [ERROR] LogOutputStream:75 - [STDERR_REDIRECT] 
2026-01-31 12:23:21,975 [ERROR] LogOutputStream:75 - [STDERR_REDIRECT] Jan 31, 2026 12:23:21 PM org.eclipse.lsp4j.jsonrpc.services.GenericEndpoint notify
2026-01-31 12:23:21,975 [ERROR] LogOutputStream:75 - [STDERR_REDIRECT] WARNING: Unsupported notification method: didChangeStatus
2026-01-31 12:23:21,976 [ERROR] LogOutputStream:75 - [STDERR_REDIRECT] 
2026-01-31 12:23:22,031 [ERROR] LogOutputStream:75 - [STDERR_REDIRECT] Jan 31, 2026 12:23:22 PM org.eclipse.lsp4j.jsonrpc.services.GenericEndpoint notify
2026-01-31 12:23:22,031 [ERROR] LogOutputStream:75 - [STDERR_REDIRECT] WARNING: Unsupported notification method: statusNotification
2026-01-31 12:23:22,031 [ERROR] LogOutputStream:75 - [STDERR_REDIRECT] 
2026-01-31 12:23:22,032 [ERROR] LogOutputStream:75 - [STDERR_REDIRECT] Jan 31, 2026 12:23:22 PM org.eclipse.lsp4j.jsonrpc.services.GenericEndpoint notify
2026-01-31 12:23:22,032 [ERROR] LogOutputStream:75 - [STDERR_REDIRECT] WARNING: Unsupported notification method: didChangeStatus
2026-01-31 12:23:22,032 [ERROR] LogOutputStream:75 - [STDERR_REDIRECT] 
2026-01-31 12:23:22,033 [ERROR] LogOutputStream:75 - [STDERR_REDIRECT] Jan 31, 2026 12:23:22 PM org.eclipse.lsp4j.jsonrpc.services.GenericEndpoint notify
2026-01-31 12:23:22,033 [ERROR] LogOutputStream:75 - [STDERR_REDIRECT] WARNING: Unsupported notification method: statusNotification
2026-01-31 12:23:22,033 [ERROR] LogOutputStream:75 - [STDERR_REDIRECT] 
2026-01-31 12:23:22,034 [ERROR] LogOutputStream:75 - [STDERR_REDIRECT] Jan 31, 2026 12:23:22 PM org.eclipse.lsp4j.jsonrpc.services.GenericEndpoint notify
2026-01-31 12:23:22,034 [ERROR] LogOutputStream:75 - [STDERR_REDIRECT] WARNING: Unsupported notification method: didChangeStatus
2026-01-31 12:23:22,034 [ERROR] LogOutputStream:75 - [STDERR_REDIRECT] 
2026-01-31 12:23:22,103 [ERROR] LogOutputStream:75 - [STDERR_REDIRECT] Jan 31, 2026 12:23:22 PM org.eclipse.lsp4j.jsonrpc.services.GenericEndpoint notify
2026-01-31 12:23:22,103 [ERROR] LogOutputStream:75 - [STDERR_REDIRECT] WARNING: Unsupported notification method: statusNotification
2026-01-31 12:23:22,104 [ERROR] LogOutputStream:75 - [STDERR_REDIRECT] 
2026-01-31 12:23:22,104 [ERROR] LogOutputStream:75 - [STDERR_REDIRECT] Jan 31, 2026 12:23:22 PM org.eclipse.lsp4j.jsonrpc.services.GenericEndpoint notify
2026-01-31 12:23:22,105 [ERROR] LogOutputStream:75 - [STDERR_REDIRECT] WARNING: Unsupported notification method: didChangeStatus
2026-01-31 12:23:22,105 [ERROR] LogOutputStream:75 - [STDERR_REDIRECT] 
2026-01-31 12:23:23,025 [ERROR] LogOutputStream:75 - [STDERR_REDIRECT] Jan 31, 2026 12:23:23 PM org.eclipse.lsp4j.jsonrpc.services.GenericEndpoint notify
2026-01-31 12:23:23,025 [ERROR] LogOutputStream:75 - [STDERR_REDIRECT] WARNING: Unsupported notification method: statusNotification
2026-01-31 12:23:23,025 [ERROR] LogOutputStream:75 - [STDERR_REDIRECT] 
2026-01-31 12:23:23,026 [ERROR] LogOutputStream:75 - [STDERR_REDIRECT] Jan 31, 2026 12:23:23 PM org.eclipse.lsp4j.jsonrpc.services.GenericEndpoint notify
2026-01-31 12:23:23,026 [ERROR] LogOutputStream:75 - [STDERR_REDIRECT] WARNING: Unsupported notification method: didChangeStatus
2026-01-31 12:23:23,026 [ERROR] LogOutputStream:75 - [STDERR_REDIRECT] 
2026-01-31 12:23:23,088 [ERROR] LogOutputStream:75 - [STDERR_REDIRECT] Jan 31, 2026 12:23:23 PM org.eclipse.lsp4j.jsonrpc.services.GenericEndpoint notify
2026-01-31 12:23:23,088 [ERROR] LogOutputStream:75 - [STDERR_REDIRECT] WARNING: Unsupported notification method: statusNotification
2026-01-31 12:23:23,089 [ERROR] LogOutputStream:75 - [STDERR_REDIRECT] 
2026-01-31 12:23:23,090 [ERROR] LogOutputStream:75 - [STDERR_REDIRECT] Jan 31, 2026 12:23:23 PM org.eclipse.lsp4j.jsonrpc.services.GenericEndpoint notify
2026-01-31 12:23:23,091 [ERROR] LogOutputStream:75 - [STDERR_REDIRECT] WARNING: Unsupported notification method: didChangeStatus
2026-01-31 12:23:23,091 [ERROR] LogOutputStream:75 - [STDERR_REDIRECT] 
2026-01-31 12:23:24,046 [ERROR] LogOutputStream:75 - [STDERR_REDIRECT] Jan 31, 2026 12:23:24 PM org.eclipse.lsp4j.jsonrpc.services.GenericEndpoint notify
2026-01-31 12:23:24,046 [ERROR] LogOutputStream:75 - [STDERR_REDIRECT] WARNING: Unsupported notification method: statusNotification
2026-01-31 12:23:24,047 [ERROR] LogOutputStream:75 - [STDERR_REDIRECT] 
2026-01-31 12:23:24,047 [ERROR] LogOutputStream:75 - [STDERR_REDIRECT] Jan 31, 2026 12:23:24 PM org.eclipse.lsp4j.jsonrpc.services.GenericEndpoint notify
2026-01-31 12:23:24,047 [ERROR] LogOutputStream:75 - [STDERR_REDIRECT] WARNING: Unsupported notification method: didChangeStatus
2026-01-31 12:23:24,048 [ERROR] LogOutputStream:75 - [STDERR_REDIRECT] 
2026-01-31 12:23:24,099 [ERROR] LogOutputStream:75 - [STDERR_REDIRECT] Jan 31, 2026 12:23:24 PM org.eclipse.lsp4j.jsonrpc.services.GenericEndpoint notify
2026-01-31 12:23:24,100 [ERROR] LogOutputStream:75 - [STDERR_REDIRECT] WARNING: Unsupported notification method: statusNotification
2026-01-31 12:23:24,100 [ERROR] LogOutputStream:75 - [STDERR_REDIRECT] 
2026-01-31 12:23:24,101 [ERROR] LogOutputStream:75 - [STDERR_REDIRECT] Jan 31, 2026 12:23:24 PM org.eclipse.lsp4j.jsonrpc.services.GenericEndpoint notify
2026-01-31 12:23:24,101 [ERROR] LogOutputStream:75 - [STDERR_REDIRECT] WARNING: Unsupported notification method: didChangeStatus
2026-01-31 12:23:24,101 [ERROR] LogOutputStream:75 - [STDERR_REDIRECT] 
2026-01-31 12:23:24,254 [ERROR] LogOutputStream:75 - [STDERR_REDIRECT] Jan 31, 2026 12:23:24 PM org.eclipse.lsp4j.jsonrpc.services.GenericEndpoint notify
2026-01-31 12:23:24,254 [ERROR] LogOutputStream:75 - [STDERR_REDIRECT] WARNING: Unsupported notification method: statusNotification
2026-01-31 12:23:24,254 [ERROR] LogOutputStream:75 - [STDERR_REDIRECT] 
2026-01-31 12:23:24,254 [ERROR] LogOutputStream:75 - [STDERR_REDIRECT] Jan 31, 2026 12:23:24 PM org.eclipse.lsp4j.jsonrpc.services.GenericEndpoint notify
2026-01-31 12:23:24,255 [ERROR] LogOutputStream:75 - [STDERR_REDIRECT] WARNING: Unsupported notification method: didChangeStatus
2026-01-31 12:23:24,255 [ERROR] LogOutputStream:75 - [STDERR_REDIRECT] 
2026-01-31 12:23:24,325 [ERROR] LogOutputStream:75 - [STDERR_REDIRECT] Jan 31, 2026 12:23:24 PM org.eclipse.lsp4j.jsonrpc.services.GenericEndpoint notify
2026-01-31 12:23:24,325 [ERROR] LogOutputStream:75 - [STDERR_REDIRECT] WARNING: Unsupported notification method: statusNotification
2026-01-31 12:23:24,326 [ERROR] LogOutputStream:75 - [STDERR_REDIRECT] 
2026-01-31 12:23:24,326 [ERROR] LogOutputStream:75 - [STDERR_REDIRECT] Jan 31, 2026 12:23:24 PM org.eclipse.lsp4j.jsonrpc.services.GenericEndpoint notify
2026-01-31 12:23:24,327 [ERROR] LogOutputStream:75 - [STDERR_REDIRECT] WARNING: Unsupported notification method: didChangeStatus
2026-01-31 12:23:24,327 [ERROR] LogOutputStream:75 - [STDERR_REDIRECT] 
2026-01-31 12:23:25,070 [ERROR] LogOutputStream:75 - [STDERR_REDIRECT] Jan 31, 2026 12:23:25 PM org.eclipse.lsp4j.jsonrpc.services.GenericEndpoint notify
2026-01-31 12:23:25,070 [ERROR] LogOutputStream:75 - [STDERR_REDIRECT] WARNING: Unsupported notification method: statusNotification
2026-01-31 12:23:25,070 [ERROR] LogOutputStream:75 - [STDERR_REDIRECT] 
2026-01-31 12:23:25,071 [ERROR] LogOutputStream:75 - [STDERR_REDIRECT] Jan 31, 2026 12:23:25 PM org.eclipse.lsp4j.jsonrpc.services.GenericEndpoint notify
2026-01-31 12:23:25,071 [ERROR] LogOutputStream:75 - [STDERR_REDIRECT] WARNING: Unsupported notification method: didChangeStatus
2026-01-31 12:23:25,071 [ERROR] LogOutputStream:75 - [STDERR_REDIRECT] 
2026-01-31 12:23:27,014 [ERROR] LogOutputStream:75 - [STDERR_REDIRECT] Jan 31, 2026 12:23:27 PM org.eclipse.lsp4j.jsonrpc.services.GenericEndpoint notify
2026-01-31 12:23:27,015 [ERROR] LogOutputStream:75 - [STDERR_REDIRECT] WARNING: Unsupported notification method: statusNotification
2026-01-31 12:23:27,015 [ERROR] LogOutputStream:75 - [STDERR_REDIRECT] 
2026-01-31 12:23:27,016 [ERROR] LogOutputStream:75 - [STDERR_REDIRECT] Jan 31, 2026 12:23:27 PM org.eclipse.lsp4j.jsonrpc.services.GenericEndpoint notify
2026-01-31 12:23:27,017 [ERROR] LogOutputStream:75 - [STDERR_REDIRECT] WARNING: Unsupported notification method: didChangeStatus
2026-01-31 12:23:27,017 [ERROR] LogOutputStream:75 - [STDERR_REDIRECT] 
2026-01-31 12:23:27,713 [ERROR] LogOutputStream:75 - [STDERR_REDIRECT] Jan 31, 2026 12:23:27 PM org.eclipse.lsp4j.jsonrpc.services.GenericEndpoint notify
2026-01-31 12:23:27,713 [ERROR] LogOutputStream:75 - [STDERR_REDIRECT] WARNING: Unsupported notification method: statusNotification
2026-01-31 12:23:27,713 [ERROR] LogOutputStream:75 - [STDERR_REDIRECT] 
2026-01-31 12:23:27,714 [ERROR] LogOutputStream:75 - [STDERR_REDIRECT] Jan 31, 2026 12:23:27 PM org.eclipse.lsp4j.jsonrpc.services.GenericEndpoint notify
2026-01-31 12:23:27,714 [ERROR] LogOutputStream:75 - [STDERR_REDIRECT] WARNING: Unsupported notification method: didChangeStatus
2026-01-31 12:23:27,715 [ERROR] LogOutputStream:75 - [STDERR_REDIRECT] 
2026-01-31 12:23:31,779 [ERROR] LogOutputStream:75 - [STDERR_REDIRECT] Jan 31, 2026 12:23:31 PM org.eclipse.lsp4j.jsonrpc.services.GenericEndpoint notify
2026-01-31 12:23:31,779 [ERROR] LogOutputStream:75 - [STDERR_REDIRECT] WARNING: Unsupported notification method: statusNotification
2026-01-31 12:23:31,781 [ERROR] LogOutputStream:75 - [STDERR_REDIRECT] 
2026-01-31 12:23:31,782 [ERROR] LogOutputStream:75 - [STDERR_REDIRECT] Jan 31, 2026 12:23:31 PM org.eclipse.lsp4j.jsonrpc.services.GenericEndpoint notify
2026-01-31 12:23:31,782 [ERROR] LogOutputStream:75 - [STDERR_REDIRECT] WARNING: Unsupported notification method: didChangeStatus
2026-01-31 12:23:31,783 [ERROR] LogOutputStream:75 - [STDERR_REDIRECT] 
2026-01-31 12:23:32,753 [ERROR] LogOutputStream:75 - [STDERR_REDIRECT] Jan 31, 2026 12:23:32 PM org.eclipse.lsp4j.jsonrpc.services.GenericEndpoint notify
2026-01-31 12:23:32,754 [ERROR] LogOutputStream:75 - [STDERR_REDIRECT] WARNING: Unsupported notification method: statusNotification
2026-01-31 12:23:32,754 [ERROR] LogOutputStream:75 - [STDERR_REDIRECT] 
2026-01-31 12:23:32,755 [ERROR] LogOutputStream:75 - [STDERR_REDIRECT] Jan 31, 2026 12:23:32 PM org.eclipse.lsp4j.jsonrpc.services.GenericEndpoint notify
2026-01-31 12:23:32,755 [ERROR] LogOutputStream:75 - [STDERR_REDIRECT] WARNING: Unsupported notification method: didChangeStatus
2026-01-31 12:23:32,755 [ERROR] LogOutputStream:75 - [STDERR_REDIRECT] 
2026-01-31 12:23:32,816 [ERROR] LogOutputStream:75 - [STDERR_REDIRECT] Jan 31, 2026 12:23:32 PM org.eclipse.lsp4j.jsonrpc.services.GenericEndpoint notify
2026-01-31 12:23:32,816 [ERROR] LogOutputStream:75 - [STDERR_REDIRECT] WARNING: Unsupported notification method: statusNotification
2026-01-31 12:23:32,817 [ERROR] LogOutputStream:75 - [STDERR_REDIRECT] 
2026-01-31 12:23:32,817 [ERROR] LogOutputStream:75 - [STDERR_REDIRECT] Jan 31, 2026 12:23:32 PM org.eclipse.lsp4j.jsonrpc.services.GenericEndpoint notify
2026-01-31 12:23:32,817 [ERROR] LogOutputStream:75 - [STDERR_REDIRECT] WARNING: Unsupported notification method: didChangeStatus
2026-01-31 12:23:32,818 [ERROR] LogOutputStream:75 - [STDERR_REDIRECT] 
2026-01-31 12:23:32,818 [ERROR] LogOutputStream:75 - [STDERR_REDIRECT] Jan 31, 2026 12:23:32 PM org.eclipse.lsp4j.jsonrpc.services.GenericEndpoint notify
2026-01-31 12:23:32,818 [ERROR] LogOutputStream:75 - [STDERR_REDIRECT] WARNING: Unsupported notification method: statusNotification
2026-01-31 12:23:32,819 [ERROR] LogOutputStream:75 - [STDERR_REDIRECT] 
2026-01-31 12:23:32,819 [ERROR] LogOutputStream:75 - [STDERR_REDIRECT] Jan 31, 2026 12:23:32 PM org.eclipse.lsp4j.jsonrpc.services.GenericEndpoint notify
2026-01-31 12:23:32,819 [ERROR] LogOutputStream:75 - [STDERR_REDIRECT] WARNING: Unsupported notification method: didChangeStatus
2026-01-31 12:23:32,819 [ERROR] LogOutputStream:75 - [STDERR_REDIRECT] 
2026-01-31 12:23:33,063 [ERROR] LogOutputStream:75 - [STDERR_REDIRECT] Jan 31, 2026 12:23:33 PM org.eclipse.lsp4j.jsonrpc.services.GenericEndpoint notify
2026-01-31 12:23:33,063 [ERROR] LogOutputStream:75 - [STDERR_REDIRECT] WARNING: Unsupported notification method: statusNotification
2026-01-31 12:23:33,064 [ERROR] LogOutputStream:75 - [STDERR_REDIRECT] 
2026-01-31 12:23:33,064 [ERROR] LogOutputStream:75 - [STDERR_REDIRECT] Jan 31, 2026 12:23:33 PM org.eclipse.lsp4j.jsonrpc.services.GenericEndpoint notify
2026-01-31 12:23:33,065 [ERROR] LogOutputStream:75 - [STDERR_REDIRECT] WARNING: Unsupported notification method: didChangeStatus
2026-01-31 12:23:33,065 [ERROR] LogOutputStream:75 - [STDERR_REDIRECT] 
2026-01-31 12:23:33,686 [ERROR] LogOutputStream:75 - [STDERR_REDIRECT] Jan 31, 2026 12:23:33 PM org.eclipse.lsp4j.jsonrpc.services.GenericEndpoint notify
2026-01-31 12:23:33,687 [ERROR] LogOutputStream:75 - [STDERR_REDIRECT] WARNING: Unsupported notification method: statusNotification
2026-01-31 12:23:33,687 [ERROR] LogOutputStream:75 - [STDERR_REDIRECT] 
2026-01-31 12:23:33,687 [ERROR] LogOutputStream:75 - [STDERR_REDIRECT] Jan 31, 2026 12:23:33 PM org.eclipse.lsp4j.jsonrpc.services.GenericEndpoint notify
2026-01-31 12:23:33,687 [ERROR] LogOutputStream:75 - [STDERR_REDIRECT] WARNING: Unsupported notification method: didChangeStatus
2026-01-31 12:23:33,688 [ERROR] LogOutputStream:75 - [STDERR_REDIRECT] 
2026-01-31 12:23:33,731 [ERROR] LogOutputStream:75 - [STDERR_REDIRECT] Jan 31, 2026 12:23:33 PM org.eclipse.lsp4j.jsonrpc.services.GenericEndpoint notify
2026-01-31 12:23:33,732 [ERROR] LogOutputStream:75 - [STDERR_REDIRECT] WARNING: Unsupported notification method: statusNotification
2026-01-31 12:23:33,732 [ERROR] LogOutputStream:75 - [STDERR_REDIRECT] 
2026-01-31 12:23:33,732 [ERROR] LogOutputStream:75 - [STDERR_REDIRECT] Jan 31, 2026 12:23:33 PM org.eclipse.lsp4j.jsonrpc.services.GenericEndpoint notify
2026-01-31 12:23:33,732 [ERROR] LogOutputStream:75 - [STDERR_REDIRECT] WARNING: Unsupported notification method: didChangeStatus
2026-01-31 12:23:33,733 [ERROR] LogOutputStream:75 - [STDERR_REDIRECT] 
2026-01-31 12:23:34,592 [ERROR] LogOutputStream:75 - [STDERR_REDIRECT] Jan 31, 2026 12:23:34 PM org.eclipse.lsp4j.jsonrpc.services.GenericEndpoint notify
2026-01-31 12:23:34,593 [ERROR] LogOutputStream:75 - [STDERR_REDIRECT] WARNING: Unsupported notification method: statusNotification
2026-01-31 12:23:34,593 [ERROR] LogOutputStream:75 - [STDERR_REDIRECT] 
2026-01-31 12:23:34,593 [ERROR] LogOutputStream:75 - [STDERR_REDIRECT] Jan 31, 2026 12:23:34 PM org.eclipse.lsp4j.jsonrpc.services.GenericEndpoint notify
2026-01-31 12:23:34,593 [ERROR] LogOutputStream:75 - [STDERR_REDIRECT] WARNING: Unsupported notification method: didChangeStatus
2026-01-31 12:23:34,593 [ERROR] LogOutputStream:75 - [STDERR_REDIRECT] 
2026-01-31 12:23:34,697 [ERROR] LogOutputStream:75 - [STDERR_REDIRECT] Jan 31, 2026 12:23:34 PM org.eclipse.lsp4j.jsonrpc.services.GenericEndpoint notify
2026-01-31 12:23:34,698 [ERROR] LogOutputStream:75 - [STDERR_REDIRECT] WARNING: Unsupported notification method: statusNotification
2026-01-31 12:23:34,698 [ERROR] LogOutputStream:75 - [STDERR_REDIRECT] 
2026-01-31 12:23:34,699 [ERROR] LogOutputStream:75 - [STDERR_REDIRECT] Jan 31, 2026 12:23:34 PM org.eclipse.lsp4j.jsonrpc.services.GenericEndpoint notify
2026-01-31 12:23:34,699 [ERROR] LogOutputStream:75 - [STDERR_REDIRECT] WARNING: Unsupported notification method: didChangeStatus
2026-01-31 12:23:34,699 [ERROR] LogOutputStream:75 - [STDERR_REDIRECT] 
2026-01-31 12:23:34,832 [ERROR] LogOutputStream:75 - [STDERR_REDIRECT] Jan 31, 2026 12:23:34 PM org.eclipse.lsp4j.jsonrpc.services.GenericEndpoint notify
2026-01-31 12:23:34,833 [ERROR] LogOutputStream:75 - [STDERR_REDIRECT] WARNING: Unsupported notification method: statusNotification
2026-01-31 12:23:34,833 [ERROR] LogOutputStream:75 - [STDERR_REDIRECT] 
2026-01-31 12:23:34,834 [ERROR] LogOutputStream:75 - [STDERR_REDIRECT] Jan 31, 2026 12:23:34 PM org.eclipse.lsp4j.jsonrpc.services.GenericEndpoint notify
2026-01-31 12:23:34,835 [ERROR] LogOutputStream:75 - [STDERR_REDIRECT] WARNING: Unsupported notification method: didChangeStatus
2026-01-31 12:23:34,835 [ERROR] LogOutputStream:75 - [STDERR_REDIRECT] 
2026-01-31 12:23:34,965 [ERROR] LogOutputStream:75 - [STDERR_REDIRECT] Jan 31, 2026 12:23:34 PM org.eclipse.lsp4j.jsonrpc.services.GenericEndpoint notify
2026-01-31 12:23:34,966 [ERROR] LogOutputStream:75 - [STDERR_REDIRECT] WARNING: Unsupported notification method: statusNotification
2026-01-31 12:23:34,966 [ERROR] LogOutputStream:75 - [STDERR_REDIRECT] 
2026-01-31 12:23:34,967 [ERROR] LogOutputStream:75 - [STDERR_REDIRECT] Jan 31, 2026 12:23:34 PM org.eclipse.lsp4j.jsonrpc.services.GenericEndpoint notify
2026-01-31 12:23:34,968 [ERROR] LogOutputStream:75 - [STDERR_REDIRECT] WARNING: Unsupported notification method: didChangeStatus
2026-01-31 12:23:34,968 [ERROR] LogOutputStream:75 - [STDERR_REDIRECT] 
2026-01-31 12:23:35,747 [ERROR] LogOutputStream:75 - [STDERR_REDIRECT] Jan 31, 2026 12:23:35 PM org.eclipse.lsp4j.jsonrpc.services.GenericEndpoint notify
2026-01-31 12:23:35,748 [ERROR] LogOutputStream:75 - [STDERR_REDIRECT] WARNING: Unsupported notification method: statusNotification
2026-01-31 12:23:35,748 [ERROR] LogOutputStream:75 - [STDERR_REDIRECT] 
2026-01-31 12:23:35,749 [ERROR] LogOutputStream:75 - [STDERR_REDIRECT] Jan 31, 2026 12:23:35 PM org.eclipse.lsp4j.jsonrpc.services.GenericEndpoint notify
2026-01-31 12:23:35,749 [ERROR] LogOutputStream:75 - [STDERR_REDIRECT] WARNING: Unsupported notification method: didChangeStatus
2026-01-31 12:23:35,750 [ERROR] LogOutputStream:75 - [STDERR_REDIRECT] 
2026-01-31 12:23:36,096 [ERROR] LogOutputStream:75 - [STDERR_REDIRECT] Jan 31, 2026 12:23:36 PM org.eclipse.lsp4j.jsonrpc.services.GenericEndpoint notify
2026-01-31 12:23:36,097 [ERROR] LogOutputStream:75 - [STDERR_REDIRECT] WARNING: Unsupported notification method: statusNotification
2026-01-31 12:23:36,097 [ERROR] LogOutputStream:75 - [STDERR_REDIRECT] 
2026-01-31 12:23:36,097 [ERROR] LogOutputStream:75 - [STDERR_REDIRECT] Jan 31, 2026 12:23:36 PM org.eclipse.lsp4j.jsonrpc.services.GenericEndpoint notify
2026-01-31 12:23:36,098 [ERROR] LogOutputStream:75 - [STDERR_REDIRECT] WARNING: Unsupported notification method: didChangeStatus
2026-01-31 12:23:36,098 [ERROR] LogOutputStream:75 - [STDERR_REDIRECT] 
2026-01-31 12:23:36,948 [ERROR] LogOutputStream:75 - [STDERR_REDIRECT] Jan 31, 2026 12:23:36 PM org.eclipse.lsp4j.jsonrpc.services.GenericEndpoint notify
2026-01-31 12:23:36,948 [ERROR] LogOutputStream:75 - [STDERR_REDIRECT] WARNING: Unsupported notification method: statusNotification
2026-01-31 12:23:36,949 [ERROR] LogOutputStream:75 - [STDERR_REDIRECT] 
2026-01-31 12:23:36,949 [ERROR] LogOutputStream:75 - [STDERR_REDIRECT] Jan 31, 2026 12:23:36 PM org.eclipse.lsp4j.jsonrpc.services.GenericEndpoint notify
2026-01-31 12:23:36,950 [ERROR] LogOutputStream:75 - [STDERR_REDIRECT] WARNING: Unsupported notification method: didChangeStatus
2026-01-31 12:23:36,950 [ERROR] LogOutputStream:75 - [STDERR_REDIRECT] 
2026-01-31 12:23:36,987 [ERROR] LogOutputStream:75 - [STDERR_REDIRECT] Jan 31, 2026 12:23:36 PM org.eclipse.lsp4j.jsonrpc.services.GenericEndpoint notify
2026-01-31 12:23:36,988 [ERROR] LogOutputStream:75 - [STDERR_REDIRECT] WARNING: Unsupported notification method: statusNotification
2026-01-31 12:23:36,988 [ERROR] LogOutputStream:75 - [STDERR_REDIRECT] 
2026-01-31 12:23:36,988 [ERROR] LogOutputStream:75 - [STDERR_REDIRECT] Jan 31, 2026 12:23:36 PM org.eclipse.lsp4j.jsonrpc.services.GenericEndpoint notify
2026-01-31 12:23:36,989 [ERROR] LogOutputStream:75 - [STDERR_REDIRECT] WARNING: Unsupported notification method: didChangeStatus
2026-01-31 12:23:36,989 [ERROR] LogOutputStream:75 - [STDERR_REDIRECT] 
2026-01-31 12:23:37,154 [ERROR] LogOutputStream:75 - [STDERR_REDIRECT] Jan 31, 2026 12:23:37 PM org.eclipse.lsp4j.jsonrpc.services.GenericEndpoint notify
2026-01-31 12:23:37,155 [ERROR] LogOutputStream:75 - [STDERR_REDIRECT] WARNING: Unsupported notification method: statusNotification
2026-01-31 12:23:37,155 [ERROR] LogOutputStream:75 - [STDERR_REDIRECT] 
2026-01-31 12:23:37,155 [ERROR] LogOutputStream:75 - [STDERR_REDIRECT] Jan 31, 2026 12:23:37 PM org.eclipse.lsp4j.jsonrpc.services.GenericEndpoint notify
2026-01-31 12:23:37,155 [ERROR] LogOutputStream:75 - [STDERR_REDIRECT] WARNING: Unsupported notification method: didChangeStatus
2026-01-31 12:23:37,156 [ERROR] LogOutputStream:75 - [STDERR_REDIRECT] 
2026-01-31 12:23:37,208 [ERROR] LogOutputStream:75 - [STDERR_REDIRECT] Jan 31, 2026 12:23:37 PM org.eclipse.lsp4j.jsonrpc.services.GenericEndpoint notify
2026-01-31 12:23:37,208 [ERROR] LogOutputStream:75 - [STDERR_REDIRECT] WARNING: Unsupported notification method: statusNotification
2026-01-31 12:23:37,208 [ERROR] LogOutputStream:75 - [STDERR_REDIRECT] 
2026-01-31 12:23:37,209 [ERROR] LogOutputStream:75 - [STDERR_REDIRECT] Jan 31, 2026 12:23:37 PM org.eclipse.lsp4j.jsonrpc.services.GenericEndpoint notify
2026-01-31 12:23:37,209 [ERROR] LogOutputStream:75 - [STDERR_REDIRECT] WARNING: Unsupported notification method: didChangeStatus
2026-01-31 12:23:37,209 [ERROR] LogOutputStream:75 - [STDERR_REDIRECT] 
2026-01-31 12:23:37,765 [ERROR] LogOutputStream:75 - [STDERR_REDIRECT] Jan 31, 2026 12:23:37 PM org.eclipse.lsp4j.jsonrpc.services.GenericEndpoint notify
2026-01-31 12:23:37,766 [ERROR] LogOutputStream:75 - [STDERR_REDIRECT] WARNING: Unsupported notification method: statusNotification
2026-01-31 12:23:37,766 [ERROR] LogOutputStream:75 - [STDERR_REDIRECT] 
2026-01-31 12:23:37,766 [ERROR] LogOutputStream:75 - [STDERR_REDIRECT] Jan 31, 2026 12:23:37 PM org.eclipse.lsp4j.jsonrpc.services.GenericEndpoint notify
2026-01-31 12:23:37,766 [ERROR] LogOutputStream:75 - [STDERR_REDIRECT] WARNING: Unsupported notification method: didChangeStatus
2026-01-31 12:23:37,766 [ERROR] LogOutputStream:75 - [STDERR_REDIRECT] 
2026-01-31 12:23:44,158 [ERROR] LogOutputStream:75 - [STDERR_REDIRECT] Jan 31, 2026 12:23:44 PM org.eclipse.lsp4j.jsonrpc.services.GenericEndpoint notify
2026-01-31 12:23:44,159 [ERROR] LogOutputStream:75 - [STDERR_REDIRECT] WARNING: Unsupported notification method: statusNotification
2026-01-31 12:23:44,159 [ERROR] LogOutputStream:75 - [STDERR_REDIRECT] 
2026-01-31 12:23:44,160 [ERROR] LogOutputStream:75 - [STDERR_REDIRECT] Jan 31, 2026 12:23:44 PM org.eclipse.lsp4j.jsonrpc.services.GenericEndpoint notify
2026-01-31 12:23:44,160 [ERROR] LogOutputStream:75 - [STDERR_REDIRECT] WARNING: Unsupported notification method: didChangeStatus
2026-01-31 12:23:44,160 [ERROR] LogOutputStream:75 - [STDERR_REDIRECT] 
2026-01-31 12:23:44,939 [ERROR] LogOutputStream:75 - [STDERR_REDIRECT] Jan 31, 2026 12:23:44 PM org.eclipse.lsp4j.jsonrpc.services.GenericEndpoint notify
2026-01-31 12:23:44,939 [ERROR] LogOutputStream:75 - [STDERR_REDIRECT] WARNING: Unsupported notification method: statusNotification
2026-01-31 12:23:44,939 [ERROR] LogOutputStream:75 - [STDERR_REDIRECT] 
2026-01-31 12:23:44,940 [ERROR] LogOutputStream:75 - [STDERR_REDIRECT] Jan 31, 2026 12:23:44 PM org.eclipse.lsp4j.jsonrpc.services.GenericEndpoint notify
2026-01-31 12:23:44,940 [ERROR] LogOutputStream:75 - [STDERR_REDIRECT] WARNING: Unsupported notification method: didChangeStatus
2026-01-31 12:23:44,940 [ERROR] LogOutputStream:75 - [STDERR_REDIRECT] 
2026-01-31 12:23:45,876 [ERROR] LogOutputStream:75 - [STDERR_REDIRECT] Jan 31, 2026 12:23:45 PM org.eclipse.lsp4j.jsonrpc.services.GenericEndpoint notify
2026-01-31 12:23:45,877 [ERROR] LogOutputStream:75 - [STDERR_REDIRECT] WARNING: Unsupported notification method: statusNotification
2026-01-31 12:23:45,877 [ERROR] LogOutputStream:75 - [STDERR_REDIRECT] 
2026-01-31 12:23:45,879 [ERROR] LogOutputStream:75 - [STDERR_REDIRECT] Jan 31, 2026 12:23:45 PM org.eclipse.lsp4j.jsonrpc.services.GenericEndpoint notify
2026-01-31 12:23:45,880 [ERROR] LogOutputStream:75 - [STDERR_REDIRECT] WARNING: Unsupported notification method: didChangeStatus
2026-01-31 12:23:45,880 [ERROR] LogOutputStream:75 - [STDERR_REDIRECT] 
2026-01-31 12:23:46,486 [ERROR] LogOutputStream:75 - [STDERR_REDIRECT] Jan 31, 2026 12:23:46 PM org.eclipse.lsp4j.jsonrpc.services.GenericEndpoint notify
2026-01-31 12:23:46,486 [ERROR] LogOutputStream:75 - [STDERR_REDIRECT] WARNING: Unsupported notification method: statusNotification
2026-01-31 12:23:46,486 [ERROR] LogOutputStream:75 - [STDERR_REDIRECT] 
2026-01-31 12:23:46,487 [ERROR] LogOutputStream:75 - [STDERR_REDIRECT] Jan 31, 2026 12:23:46 PM org.eclipse.lsp4j.jsonrpc.services.GenericEndpoint notify
2026-01-31 12:23:46,487 [ERROR] LogOutputStream:75 - [STDERR_REDIRECT] WARNING: Unsupported notification method: didChangeStatus
2026-01-31 12:23:46,487 [ERROR] LogOutputStream:75 - [STDERR_REDIRECT] 
2026-01-31 12:23:47,791 [ERROR] LogOutputStream:75 - [STDERR_REDIRECT] Jan 31, 2026 12:23:47 PM org.eclipse.lsp4j.jsonrpc.services.GenericEndpoint notify
2026-01-31 12:23:47,791 [ERROR] LogOutputStream:75 - [STDERR_REDIRECT] WARNING: Unsupported notification method: statusNotification
2026-01-31 12:23:47,791 [ERROR] LogOutputStream:75 - [STDERR_REDIRECT] 
2026-01-31 12:23:47,792 [ERROR] LogOutputStream:75 - [STDERR_REDIRECT] Jan 31, 2026 12:23:47 PM org.eclipse.lsp4j.jsonrpc.services.GenericEndpoint notify
2026-01-31 12:23:47,793 [ERROR] LogOutputStream:75 - [STDERR_REDIRECT] WARNING: Unsupported notification method: didChangeStatus
2026-01-31 12:23:47,793 [ERROR] LogOutputStream:75 - [STDERR_REDIRECT] 
2026-01-31 12:23:48,518 [ERROR] LogOutputStream:75 - [STDERR_REDIRECT] Jan 31, 2026 12:23:48 PM org.eclipse.lsp4j.jsonrpc.services.GenericEndpoint notify
2026-01-31 12:23:48,518 [ERROR] LogOutputStream:75 - [STDERR_REDIRECT] WARNING: Unsupported notification method: statusNotification
2026-01-31 12:23:48,518 [ERROR] LogOutputStream:75 - [STDERR_REDIRECT] 
2026-01-31 12:23:48,519 [ERROR] LogOutputStream:75 - [STDERR_REDIRECT] Jan 31, 2026 12:23:48 PM org.eclipse.lsp4j.jsonrpc.services.GenericEndpoint notify
2026-01-31 12:23:48,519 [ERROR] LogOutputStream:75 - [STDERR_REDIRECT] WARNING: Unsupported notification method: didChangeStatus
2026-01-31 12:23:48,519 [ERROR] LogOutputStream:75 - [STDERR_REDIRECT] 
2026-01-31 12:23:48,564 [ERROR] LogOutputStream:75 - [STDERR_REDIRECT] Jan 31, 2026 12:23:48 PM org.eclipse.lsp4j.jsonrpc.services.GenericEndpoint notify
2026-01-31 12:23:48,564 [ERROR] LogOutputStream:75 - [STDERR_REDIRECT] WARNING: Unsupported notification method: statusNotification
2026-01-31 12:23:48,564 [ERROR] LogOutputStream:75 - [STDERR_REDIRECT] 
2026-01-31 12:23:48,565 [ERROR] LogOutputStream:75 - [STDERR_REDIRECT] Jan 31, 2026 12:23:48 PM org.eclipse.lsp4j.jsonrpc.services.GenericEndpoint notify
2026-01-31 12:23:48,565 [ERROR] LogOutputStream:75 - [STDERR_REDIRECT] WARNING: Unsupported notification method: didChangeStatus
2026-01-31 12:23:48,565 [ERROR] LogOutputStream:75 - [STDERR_REDIRECT] 
2026-01-31 12:23:49,059 [ERROR] LogOutputStream:75 - [STDERR_REDIRECT] Jan 31, 2026 12:23:49 PM org.eclipse.lsp4j.jsonrpc.services.GenericEndpoint notify
2026-01-31 12:23:49,059 [ERROR] LogOutputStream:75 - [STDERR_REDIRECT] WARNING: Unsupported notification method: statusNotification
2026-01-31 12:23:49,059 [ERROR] LogOutputStream:75 - [STDERR_REDIRECT] 
2026-01-31 12:23:49,060 [ERROR] LogOutputStream:75 - [STDERR_REDIRECT] Jan 31, 2026 12:23:49 PM org.eclipse.lsp4j.jsonrpc.services.GenericEndpoint notify
2026-01-31 12:23:49,060 [ERROR] LogOutputStream:75 - [STDERR_REDIRECT] WARNING: Unsupported notification method: didChangeStatus
2026-01-31 12:23:49,061 [ERROR] LogOutputStream:75 - [STDERR_REDIRECT] 
2026-01-31 12:23:49,189 [ERROR] LogOutputStream:75 - [STDERR_REDIRECT] Jan 31, 2026 12:23:49 PM org.eclipse.lsp4j.jsonrpc.services.GenericEndpoint notify
2026-01-31 12:23:49,189 [ERROR] LogOutputStream:75 - [STDERR_REDIRECT] WARNING: Unsupported notification method: statusNotification
2026-01-31 12:23:49,189 [ERROR] LogOutputStream:75 - [STDERR_REDIRECT] 
2026-01-31 12:23:49,190 [ERROR] LogOutputStream:75 - [STDERR_REDIRECT] Jan 31, 2026 12:23:49 PM org.eclipse.lsp4j.jsonrpc.services.GenericEndpoint notify
2026-01-31 12:23:49,190 [ERROR] LogOutputStream:75 - [STDERR_REDIRECT] WARNING: Unsupported notification method: didChangeStatus
2026-01-31 12:23:49,190 [ERROR] LogOutputStream:75 - [STDERR_REDIRECT] 
2026-01-31 12:23:49,191 [ERROR] LogOutputStream:75 - [STDERR_REDIRECT] Jan 31, 2026 12:23:49 PM org.eclipse.lsp4j.jsonrpc.services.GenericEndpoint notify
2026-01-31 12:23:49,191 [ERROR] LogOutputStream:75 - [STDERR_REDIRECT] WARNING: Unsupported notification method: statusNotification
2026-01-31 12:23:49,191 [ERROR] LogOutputStream:75 - [STDERR_REDIRECT] 
2026-01-31 12:23:49,192 [ERROR] LogOutputStream:75 - [STDERR_REDIRECT] Jan 31, 2026 12:23:49 PM org.eclipse.lsp4j.jsonrpc.services.GenericEndpoint notify
2026-01-31 12:23:49,193 [ERROR] LogOutputStream:75 - [STDERR_REDIRECT] WARNING: Unsupported notification method: didChangeStatus
2026-01-31 12:23:49,193 [ERROR] LogOutputStream:75 - [STDERR_REDIRECT] 
2026-01-31 12:23:49,303 [ERROR] LogOutputStream:75 - [STDERR_REDIRECT] Jan 31, 2026 12:23:49 PM org.eclipse.lsp4j.jsonrpc.services.GenericEndpoint notify
2026-01-31 12:23:49,303 [ERROR] LogOutputStream:75 - [STDERR_REDIRECT] WARNING: Unsupported notification method: statusNotification
2026-01-31 12:23:49,304 [ERROR] LogOutputStream:75 - [STDERR_REDIRECT] 
2026-01-31 12:23:49,305 [ERROR] LogOutputStream:75 - [STDERR_REDIRECT] Jan 31, 2026 12:23:49 PM org.eclipse.lsp4j.jsonrpc.services.GenericEndpoint notify
2026-01-31 12:23:49,305 [ERROR] LogOutputStream:75 - [STDERR_REDIRECT] WARNING: Unsupported notification method: didChangeStatus
2026-01-31 12:23:49,305 [ERROR] LogOutputStream:75 - [STDERR_REDIRECT] 
2026-01-31 12:23:49,306 [ERROR] LogOutputStream:75 - [STDERR_REDIRECT] Jan 31, 2026 12:23:49 PM org.eclipse.lsp4j.jsonrpc.services.GenericEndpoint notify
2026-01-31 12:23:49,307 [ERROR] LogOutputStream:75 - [STDERR_REDIRECT] WARNING: Unsupported notification method: statusNotification
2026-01-31 12:23:49,307 [ERROR] LogOutputStream:75 - [STDERR_REDIRECT] 
2026-01-31 12:23:49,308 [ERROR] LogOutputStream:75 - [STDERR_REDIRECT] Jan 31, 2026 12:23:49 PM org.eclipse.lsp4j.jsonrpc.services.GenericEndpoint notify
2026-01-31 12:23:49,308 [ERROR] LogOutputStream:75 - [STDERR_REDIRECT] WARNING: Unsupported notification method: didChangeStatus
2026-01-31 12:23:49,308 [ERROR] LogOutputStream:75 - [STDERR_REDIRECT] 
2026-01-31 12:23:49,411 [ERROR] LogOutputStream:75 - [STDERR_REDIRECT] Jan 31, 2026 12:23:49 PM org.eclipse.lsp4j.jsonrpc.services.GenericEndpoint notify
2026-01-31 12:23:49,412 [ERROR] LogOutputStream:75 - [STDERR_REDIRECT] WARNING: Unsupported notification method: statusNotification
2026-01-31 12:23:49,412 [ERROR] LogOutputStream:75 - [STDERR_REDIRECT] 
2026-01-31 12:23:49,413 [ERROR] LogOutputStream:75 - [STDERR_REDIRECT] Jan 31, 2026 12:23:49 PM org.eclipse.lsp4j.jsonrpc.services.GenericEndpoint notify
2026-01-31 12:23:49,413 [ERROR] LogOutputStream:75 - [STDERR_REDIRECT] WARNING: Unsupported notification method: didChangeStatus
2026-01-31 12:23:49,413 [ERROR] LogOutputStream:75 - [STDERR_REDIRECT] 
2026-01-31 12:23:50,263 [ERROR] LogOutputStream:75 - [STDERR_REDIRECT] Jan 31, 2026 12:23:50 PM org.eclipse.lsp4j.jsonrpc.services.GenericEndpoint notify
2026-01-31 12:23:50,264 [ERROR] LogOutputStream:75 - [STDERR_REDIRECT] WARNING: Unsupported notification method: statusNotification
2026-01-31 12:23:50,264 [ERROR] LogOutputStream:75 - [STDERR_REDIRECT] 
2026-01-31 12:23:50,264 [ERROR] LogOutputStream:75 - [STDERR_REDIRECT] Jan 31, 2026 12:23:50 PM org.eclipse.lsp4j.jsonrpc.services.GenericEndpoint notify
2026-01-31 12:23:50,265 [ERROR] LogOutputStream:75 - [STDERR_REDIRECT] WARNING: Unsupported notification method: didChangeStatus
2026-01-31 12:23:50,265 [ERROR] LogOutputStream:75 - [STDERR_REDIRECT] 
2026-01-31 12:23:50,618 [ERROR] LogOutputStream:75 - [STDERR_REDIRECT] Jan 31, 2026 12:23:50 PM org.eclipse.lsp4j.jsonrpc.services.GenericEndpoint notify
2026-01-31 12:23:50,619 [ERROR] LogOutputStream:75 - [STDERR_REDIRECT] WARNING: Unsupported notification method: statusNotification
2026-01-31 12:23:50,619 [ERROR] LogOutputStream:75 - [STDERR_REDIRECT] 
2026-01-31 12:23:50,620 [ERROR] LogOutputStream:75 - [STDERR_REDIRECT] Jan 31, 2026 12:23:50 PM org.eclipse.lsp4j.jsonrpc.services.GenericEndpoint notify
2026-01-31 12:23:50,621 [ERROR] LogOutputStream:75 - [STDERR_REDIRECT] WARNING: Unsupported notification method: didChangeStatus
2026-01-31 12:23:50,622 [ERROR] LogOutputStream:75 - [STDERR_REDIRECT] 
2026-01-31 12:23:51,690 [ERROR] LogOutputStream:75 - [STDERR_REDIRECT] Jan 31, 2026 12:23:51 PM org.eclipse.lsp4j.jsonrpc.services.GenericEndpoint notify
2026-01-31 12:23:51,691 [ERROR] LogOutputStream:75 - [STDERR_REDIRECT] WARNING: Unsupported notification method: statusNotification
2026-01-31 12:23:51,691 [ERROR] LogOutputStream:75 - [STDERR_REDIRECT] 
2026-01-31 12:23:51,691 [ERROR] LogOutputStream:75 - [STDERR_REDIRECT] Jan 31, 2026 12:23:51 PM org.eclipse.lsp4j.jsonrpc.services.GenericEndpoint notify
2026-01-31 12:23:51,691 [ERROR] LogOutputStream:75 - [STDERR_REDIRECT] WARNING: Unsupported notification method: didChangeStatus
2026-01-31 12:23:51,691 [ERROR] LogOutputStream:75 - [STDERR_REDIRECT] 
2026-01-31 12:23:51,718 [ERROR] LogOutputStream:75 - [STDERR_REDIRECT] Jan 31, 2026 12:23:51 PM org.eclipse.lsp4j.jsonrpc.services.GenericEndpoint notify
2026-01-31 12:23:51,718 [ERROR] LogOutputStream:75 - [STDERR_REDIRECT] WARNING: Unsupported notification method: statusNotification
2026-01-31 12:23:51,718 [ERROR] LogOutputStream:75 - [STDERR_REDIRECT] 
2026-01-31 12:23:51,719 [ERROR] LogOutputStream:75 - [STDERR_REDIRECT] Jan 31, 2026 12:23:51 PM org.eclipse.lsp4j.jsonrpc.services.GenericEndpoint notify
2026-01-31 12:23:51,719 [ERROR] LogOutputStream:75 - [STDERR_REDIRECT] WARNING: Unsupported notification method: didChangeStatus
2026-01-31 12:23:51,719 [ERROR] LogOutputStream:75 - [STDERR_REDIRECT] 
2026-01-31 12:23:52,288 [ERROR] LogOutputStream:75 - [STDERR_REDIRECT] Jan 31, 2026 12:23:52 PM org.eclipse.lsp4j.jsonrpc.services.GenericEndpoint notify
2026-01-31 12:23:52,288 [ERROR] LogOutputStream:75 - [STDERR_REDIRECT] WARNING: Unsupported notification method: statusNotification
2026-01-31 12:23:52,288 [ERROR] LogOutputStream:75 - [STDERR_REDIRECT] 
2026-01-31 12:23:52,289 [ERROR] LogOutputStream:75 - [STDERR_REDIRECT] Jan 31, 2026 12:23:52 PM org.eclipse.lsp4j.jsonrpc.services.GenericEndpoint notify
2026-01-31 12:23:52,289 [ERROR] LogOutputStream:75 - [STDERR_REDIRECT] WARNING: Unsupported notification method: didChangeStatus
2026-01-31 12:23:52,289 [ERROR] LogOutputStream:75 - [STDERR_REDIRECT] 
2026-01-31 12:23:52,366 [ERROR] LogOutputStream:75 - [STDERR_REDIRECT] Jan 31, 2026 12:23:52 PM org.eclipse.lsp4j.jsonrpc.services.GenericEndpoint notify
2026-01-31 12:23:52,366 [ERROR] LogOutputStream:75 - [STDERR_REDIRECT] WARNING: Unsupported notification method: statusNotification
2026-01-31 12:23:52,366 [ERROR] LogOutputStream:75 - [STDERR_REDIRECT] 
2026-01-31 12:23:52,366 [ERROR] LogOutputStream:75 - [STDERR_REDIRECT] Jan 31, 2026 12:23:52 PM org.eclipse.lsp4j.jsonrpc.services.GenericEndpoint notify
2026-01-31 12:23:52,366 [ERROR] LogOutputStream:75 - [STDERR_REDIRECT] WARNING: Unsupported notification method: didChangeStatus
2026-01-31 12:23:52,366 [ERROR] LogOutputStream:75 - [STDERR_REDIRECT] 
2026-01-31 12:23:52,773 [ERROR] LogOutputStream:75 - [STDERR_REDIRECT] Jan 31, 2026 12:23:52 PM org.eclipse.lsp4j.jsonrpc.services.GenericEndpoint notify
2026-01-31 12:23:52,773 [ERROR] LogOutputStream:75 - [STDERR_REDIRECT] WARNING: Unsupported notification method: statusNotification
2026-01-31 12:23:52,773 [ERROR] LogOutputStream:75 - [STDERR_REDIRECT] 
2026-01-31 12:23:52,774 [ERROR] LogOutputStream:75 - [STDERR_REDIRECT] Jan 31, 2026 12:23:52 PM org.eclipse.lsp4j.jsonrpc.services.GenericEndpoint notify
2026-01-31 12:23:52,774 [ERROR] LogOutputStream:75 - [STDERR_REDIRECT] WARNING: Unsupported notification method: didChangeStatus
2026-01-31 12:23:52,774 [ERROR] LogOutputStream:75 - [STDERR_REDIRECT] 
2026-01-31 12:23:52,795 [ERROR] LogOutputStream:75 - [STDERR_REDIRECT] Jan 31, 2026 12:23:52 PM org.eclipse.lsp4j.jsonrpc.services.GenericEndpoint notify
2026-01-31 12:23:52,795 [ERROR] LogOutputStream:75 - [STDERR_REDIRECT] WARNING: Unsupported notification method: statusNotification
2026-01-31 12:23:52,795 [ERROR] LogOutputStream:75 - [STDERR_REDIRECT] 
2026-01-31 12:23:52,796 [ERROR] LogOutputStream:75 - [STDERR_REDIRECT] Jan 31, 2026 12:23:52 PM org.eclipse.lsp4j.jsonrpc.services.GenericEndpoint notify
2026-01-31 12:23:52,796 [ERROR] LogOutputStream:75 - [STDERR_REDIRECT] WARNING: Unsupported notification method: didChangeStatus
2026-01-31 12:23:52,796 [ERROR] LogOutputStream:75 - [STDERR_REDIRECT] 
2026-01-31 12:23:53,539 [ERROR] LogOutputStream:75 - [STDERR_REDIRECT] Jan 31, 2026 12:23:53 PM org.eclipse.lsp4j.jsonrpc.services.GenericEndpoint notify
2026-01-31 12:23:53,540 [ERROR] LogOutputStream:75 - [STDERR_REDIRECT] WARNING: Unsupported notification method: statusNotification
2026-01-31 12:23:53,540 [ERROR] LogOutputStream:75 - [STDERR_REDIRECT] 
2026-01-31 12:23:53,540 [ERROR] LogOutputStream:75 - [STDERR_REDIRECT] Jan 31, 2026 12:23:53 PM org.eclipse.lsp4j.jsonrpc.services.GenericEndpoint notify
2026-01-31 12:23:53,540 [ERROR] LogOutputStream:75 - [STDERR_REDIRECT] WARNING: Unsupported notification method: didChangeStatus
2026-01-31 12:23:53,540 [ERROR] LogOutputStream:75 - [STDERR_REDIRECT] 
2026-01-31 12:23:53,569 [ERROR] LogOutputStream:75 - [STDERR_REDIRECT] Jan 31, 2026 12:23:53 PM org.eclipse.lsp4j.jsonrpc.services.GenericEndpoint notify
2026-01-31 12:23:53,569 [ERROR] LogOutputStream:75 - [STDERR_REDIRECT] WARNING: Unsupported notification method: statusNotification
2026-01-31 12:23:53,569 [ERROR] LogOutputStream:75 - [STDERR_REDIRECT] 
2026-01-31 12:23:53,569 [ERROR] LogOutputStream:75 - [STDERR_REDIRECT] Jan 31, 2026 12:23:53 PM org.eclipse.lsp4j.jsonrpc.services.GenericEndpoint notify
2026-01-31 12:23:53,569 [ERROR] LogOutputStream:75 - [STDERR_REDIRECT] WARNING: Unsupported notification method: didChangeStatus
2026-01-31 12:23:53,569 [ERROR] LogOutputStream:75 - [STDERR_REDIRECT] 
2026-01-31 12:23:54,260 [ERROR] LogOutputStream:75 - [STDERR_REDIRECT] Jan 31, 2026 12:23:54 PM org.eclipse.lsp4j.jsonrpc.services.GenericEndpoint notify
2026-01-31 12:23:54,260 [ERROR] LogOutputStream:75 - [STDERR_REDIRECT] WARNING: Unsupported notification method: statusNotification
2026-01-31 12:23:54,260 [ERROR] LogOutputStream:75 - [STDERR_REDIRECT] 
2026-01-31 12:23:54,260 [ERROR] LogOutputStream:75 - [STDERR_REDIRECT] Jan 31, 2026 12:23:54 PM org.eclipse.lsp4j.jsonrpc.services.GenericEndpoint notify
2026-01-31 12:23:54,260 [ERROR] LogOutputStream:75 - [STDERR_REDIRECT] WARNING: Unsupported notification method: didChangeStatus
2026-01-31 12:23:54,260 [ERROR] LogOutputStream:75 - [STDERR_REDIRECT] 
2026-01-31 12:23:54,331 [ERROR] LogOutputStream:75 - [STDERR_REDIRECT] Jan 31, 2026 12:23:54 PM org.eclipse.lsp4j.jsonrpc.services.GenericEndpoint notify
2026-01-31 12:23:54,331 [ERROR] LogOutputStream:75 - [STDERR_REDIRECT] WARNING: Unsupported notification method: statusNotification
2026-01-31 12:23:54,331 [ERROR] LogOutputStream:75 - [STDERR_REDIRECT] 
2026-01-31 12:23:54,331 [ERROR] LogOutputStream:75 - [STDERR_REDIRECT] Jan 31, 2026 12:23:54 PM org.eclipse.lsp4j.jsonrpc.services.GenericEndpoint notify
2026-01-31 12:23:54,331 [ERROR] LogOutputStream:75 - [STDERR_REDIRECT] WARNING: Unsupported notification method: didChangeStatus
2026-01-31 12:23:54,331 [ERROR] LogOutputStream:75 - [STDERR_REDIRECT] 
2026-01-31 12:23:54,331 [ERROR] LogOutputStream:75 - [STDERR_REDIRECT] Jan 31, 2026 12:23:54 PM org.eclipse.lsp4j.jsonrpc.services.GenericEndpoint notify
2026-01-31 12:23:54,331 [ERROR] LogOutputStream:75 - [STDERR_REDIRECT] WARNING: Unsupported notification method: statusNotification
2026-01-31 12:23:54,331 [ERROR] LogOutputStream:75 - [STDERR_REDIRECT] 
2026-01-31 12:23:54,332 [ERROR] LogOutputStream:75 - [STDERR_REDIRECT] Jan 31, 2026 12:23:54 PM org.eclipse.lsp4j.jsonrpc.services.GenericEndpoint notify
2026-01-31 12:23:54,332 [ERROR] LogOutputStream:75 - [STDERR_REDIRECT] WARNING: Unsupported notification method: didChangeStatus
2026-01-31 12:23:54,332 [ERROR] LogOutputStream:75 - [STDERR_REDIRECT] 
2026-01-31 12:23:54,375 [ERROR] LogOutputStream:75 - [STDERR_REDIRECT] Jan 31, 2026 12:23:54 PM org.eclipse.lsp4j.jsonrpc.services.GenericEndpoint notify
2026-01-31 12:23:54,375 [ERROR] LogOutputStream:75 - [STDERR_REDIRECT] WARNING: Unsupported notification method: statusNotification
2026-01-31 12:23:54,376 [ERROR] LogOutputStream:75 - [STDERR_REDIRECT] 
2026-01-31 12:23:54,376 [ERROR] LogOutputStream:75 - [STDERR_REDIRECT] Jan 31, 2026 12:23:54 PM org.eclipse.lsp4j.jsonrpc.services.GenericEndpoint notify
2026-01-31 12:23:54,376 [ERROR] LogOutputStream:75 - [STDERR_REDIRECT] WARNING: Unsupported notification method: didChangeStatus
2026-01-31 12:23:54,376 [ERROR] LogOutputStream:75 - [STDERR_REDIRECT] 
2026-01-31 12:23:55,179 [ERROR] LogOutputStream:75 - [STDERR_REDIRECT] Jan 31, 2026 12:23:55 PM org.eclipse.lsp4j.jsonrpc.services.GenericEndpoint notify
2026-01-31 12:23:55,179 [ERROR] LogOutputStream:75 - [STDERR_REDIRECT] WARNING: Unsupported notification method: statusNotification
2026-01-31 12:23:55,179 [ERROR] LogOutputStream:75 - [STDERR_REDIRECT] 
2026-01-31 12:23:55,180 [ERROR] LogOutputStream:75 - [STDERR_REDIRECT] Jan 31, 2026 12:23:55 PM org.eclipse.lsp4j.jsonrpc.services.GenericEndpoint notify
2026-01-31 12:23:55,180 [ERROR] LogOutputStream:75 - [STDERR_REDIRECT] WARNING: Unsupported notification method: didChangeStatus
2026-01-31 12:23:55,180 [ERROR] LogOutputStream:75 - [STDERR_REDIRECT] 
2026-01-31 12:23:55,284 [ERROR] LogOutputStream:75 - [STDERR_REDIRECT] Jan 31, 2026 12:23:55 PM org.eclipse.lsp4j.jsonrpc.services.GenericEndpoint notify
2026-01-31 12:23:55,284 [ERROR] LogOutputStream:75 - [STDERR_REDIRECT] WARNING: Unsupported notification method: statusNotification
2026-01-31 12:23:55,284 [ERROR] LogOutputStream:75 - [STDERR_REDIRECT] 
2026-01-31 12:23:55,284 [ERROR] LogOutputStream:75 - [STDERR_REDIRECT] Jan 31, 2026 12:23:55 PM org.eclipse.lsp4j.jsonrpc.services.GenericEndpoint notify
2026-01-31 12:23:55,284 [ERROR] LogOutputStream:75 - [STDERR_REDIRECT] WARNING: Unsupported notification method: didChangeStatus
2026-01-31 12:23:55,284 [ERROR] LogOutputStream:75 - [STDERR_REDIRECT] 
2026-01-31 12:23:55,284 [ERROR] LogOutputStream:75 - [STDERR_REDIRECT] Jan 31, 2026 12:23:55 PM org.eclipse.lsp4j.jsonrpc.services.GenericEndpoint notify
2026-01-31 12:23:55,284 [ERROR] LogOutputStream:75 - [STDERR_REDIRECT] WARNING: Unsupported notification method: statusNotification
2026-01-31 12:23:55,284 [ERROR] LogOutputStream:75 - [STDERR_REDIRECT] 
2026-01-31 12:23:55,285 [ERROR] LogOutputStream:75 - [STDERR_REDIRECT] Jan 31, 2026 12:23:55 PM org.eclipse.lsp4j.jsonrpc.services.GenericEndpoint notify
2026-01-31 12:23:55,285 [ERROR] LogOutputStream:75 - [STDERR_REDIRECT] WARNING: Unsupported notification method: didChangeStatus
2026-01-31 12:23:55,285 [ERROR] LogOutputStream:75 - [STDERR_REDIRECT] 
2026-01-31 12:23:55,588 [ERROR] LogOutputStream:75 - [STDERR_REDIRECT] Jan 31, 2026 12:23:55 PM org.eclipse.lsp4j.jsonrpc.services.GenericEndpoint notify
2026-01-31 12:23:55,588 [ERROR] LogOutputStream:75 - [STDERR_REDIRECT] WARNING: Unsupported notification method: statusNotification
2026-01-31 12:23:55,588 [ERROR] LogOutputStream:75 - [STDERR_REDIRECT] 
2026-01-31 12:23:55,589 [ERROR] LogOutputStream:75 - [STDERR_REDIRECT] Jan 31, 2026 12:23:55 PM org.eclipse.lsp4j.jsonrpc.services.GenericEndpoint notify
2026-01-31 12:23:55,589 [ERROR] LogOutputStream:75 - [STDERR_REDIRECT] WARNING: Unsupported notification method: didChangeStatus
2026-01-31 12:23:55,589 [ERROR] LogOutputStream:75 - [STDERR_REDIRECT] 
2026-01-31 12:23:55,769 [ERROR] LogOutputStream:75 - [STDERR_REDIRECT] Jan 31, 2026 12:23:55 PM org.eclipse.lsp4j.jsonrpc.services.GenericEndpoint notify
2026-01-31 12:23:55,769 [ERROR] LogOutputStream:75 - [STDERR_REDIRECT] WARNING: Unsupported notification method: statusNotification
2026-01-31 12:23:55,769 [ERROR] LogOutputStream:75 - [STDERR_REDIRECT] 
2026-01-31 12:23:55,769 [ERROR] LogOutputStream:75 - [STDERR_REDIRECT] Jan 31, 2026 12:23:55 PM org.eclipse.lsp4j.jsonrpc.services.GenericEndpoint notify
2026-01-31 12:23:55,769 [ERROR] LogOutputStream:75 - [STDERR_REDIRECT] WARNING: Unsupported notification method: didChangeStatus
2026-01-31 12:23:55,769 [ERROR] LogOutputStream:75 - [STDERR_REDIRECT] 
2026-01-31 12:23:55,810 [ERROR] LogOutputStream:75 - [STDERR_REDIRECT] Jan 31, 2026 12:23:55 PM org.eclipse.lsp4j.jsonrpc.services.GenericEndpoint notify
2026-01-31 12:23:55,810 [ERROR] LogOutputStream:75 - [STDERR_REDIRECT] WARNING: Unsupported notification method: statusNotification
2026-01-31 12:23:55,810 [ERROR] LogOutputStream:75 - [STDERR_REDIRECT] 
2026-01-31 12:23:55,810 [ERROR] LogOutputStream:75 - [STDERR_REDIRECT] Jan 31, 2026 12:23:55 PM org.eclipse.lsp4j.jsonrpc.services.GenericEndpoint notify
2026-01-31 12:23:55,810 [ERROR] LogOutputStream:75 - [STDERR_REDIRECT] WARNING: Unsupported notification method: didChangeStatus
2026-01-31 12:23:55,810 [ERROR] LogOutputStream:75 - [STDERR_REDIRECT] 
2026-01-31 12:23:56,526 [ERROR] LogOutputStream:75 - [STDERR_REDIRECT] Jan 31, 2026 12:23:56 PM org.eclipse.lsp4j.jsonrpc.services.GenericEndpoint notify
2026-01-31 12:23:56,526 [ERROR] LogOutputStream:75 - [STDERR_REDIRECT] WARNING: Unsupported notification method: statusNotification
2026-01-31 12:23:56,527 [ERROR] LogOutputStream:75 - [STDERR_REDIRECT] 
2026-01-31 12:23:56,527 [ERROR] LogOutputStream:75 - [STDERR_REDIRECT] Jan 31, 2026 12:23:56 PM org.eclipse.lsp4j.jsonrpc.services.GenericEndpoint notify
2026-01-31 12:23:56,527 [ERROR] LogOutputStream:75 - [STDERR_REDIRECT] WARNING: Unsupported notification method: didChangeStatus
2026-01-31 12:23:56,527 [ERROR] LogOutputStream:75 - [STDERR_REDIRECT] 
2026-01-31 12:24:07,798 [ERROR] LogOutputStream:75 - [STDERR_REDIRECT] Jan 31, 2026 12:24:07 PM org.eclipse.lsp4j.jsonrpc.services.GenericEndpoint notify
2026-01-31 12:24:07,798 [ERROR] LogOutputStream:75 - [STDERR_REDIRECT] WARNING: Unsupported notification method: statusNotification
2026-01-31 12:24:07,798 [ERROR] LogOutputStream:75 - [STDERR_REDIRECT] 
2026-01-31 12:24:07,799 [ERROR] LogOutputStream:75 - [STDERR_REDIRECT] Jan 31, 2026 12:24:07 PM org.eclipse.lsp4j.jsonrpc.services.GenericEndpoint notify
2026-01-31 12:24:07,799 [ERROR] LogOutputStream:75 - [STDERR_REDIRECT] WARNING: Unsupported notification method: didChangeStatus
2026-01-31 12:24:07,799 [ERROR] LogOutputStream:75 - [STDERR_REDIRECT] 
2026-01-31 12:24:08,586 [ERROR] LogOutputStream:75 - [STDERR_REDIRECT] Jan 31, 2026 12:24:08 PM org.eclipse.lsp4j.jsonrpc.services.GenericEndpoint notify
2026-01-31 12:24:08,586 [ERROR] LogOutputStream:75 - [STDERR_REDIRECT] WARNING: Unsupported notification method: statusNotification
2026-01-31 12:24:08,586 [ERROR] LogOutputStream:75 - [STDERR_REDIRECT] 
2026-01-31 12:24:08,586 [ERROR] LogOutputStream:75 - [STDERR_REDIRECT] Jan 31, 2026 12:24:08 PM org.eclipse.lsp4j.jsonrpc.services.GenericEndpoint notify
2026-01-31 12:24:08,587 [ERROR] LogOutputStream:75 - [STDERR_REDIRECT] WARNING: Unsupported notification method: didChangeStatus
2026-01-31 12:24:08,587 [ERROR] LogOutputStream:75 - [STDERR_REDIRECT] 
2026-01-31 12:24:39,955 [ERROR] LogOutputStream:75 - [STDERR_REDIRECT] Jan 31, 2026 12:24:39 PM org.eclipse.lsp4j.jsonrpc.services.GenericEndpoint notify
2026-01-31 12:24:39,956 [ERROR] LogOutputStream:75 - [STDERR_REDIRECT] WARNING: Unsupported notification method: statusNotification
2026-01-31 12:24:39,956 [ERROR] LogOutputStream:75 - [STDERR_REDIRECT] 
2026-01-31 12:24:39,957 [ERROR] LogOutputStream:75 - [STDERR_REDIRECT] Jan 31, 2026 12:24:39 PM org.eclipse.lsp4j.jsonrpc.services.GenericEndpoint notify
2026-01-31 12:24:39,957 [ERROR] LogOutputStream:75 - [STDERR_REDIRECT] WARNING: Unsupported notification method: didChangeStatus
2026-01-31 12:24:39,957 [ERROR] LogOutputStream:75 - [STDERR_REDIRECT] 
2026-01-31 12:24:40,894 [ERROR] LogOutputStream:75 - [STDERR_REDIRECT] Jan 31, 2026 12:24:40 PM org.eclipse.lsp4j.jsonrpc.services.GenericEndpoint notify
2026-01-31 12:24:40,894 [ERROR] LogOutputStream:75 - [STDERR_REDIRECT] WARNING: Unsupported notification method: statusNotification
2026-01-31 12:24:40,895 [ERROR] LogOutputStream:75 - [STDERR_REDIRECT] 
2026-01-31 12:24:40,895 [ERROR] LogOutputStream:75 - [STDERR_REDIRECT] Jan 31, 2026 12:24:40 PM org.eclipse.lsp4j.jsonrpc.services.GenericEndpoint notify
2026-01-31 12:24:40,895 [ERROR] LogOutputStream:75 - [STDERR_REDIRECT] WARNING: Unsupported notification method: didChangeStatus
2026-01-31 12:24:40,896 [ERROR] LogOutputStream:75 - [STDERR_REDIRECT] 
2026-01-31 12:24:41,019 [ERROR] LogOutputStream:75 - [STDERR_REDIRECT] Jan 31, 2026 12:24:41 PM org.eclipse.lsp4j.jsonrpc.services.GenericEndpoint notify
2026-01-31 12:24:41,019 [ERROR] LogOutputStream:75 - [STDERR_REDIRECT] WARNING: Unsupported notification method: statusNotification
2026-01-31 12:24:41,019 [ERROR] LogOutputStream:75 - [STDERR_REDIRECT] 
2026-01-31 12:24:41,020 [ERROR] LogOutputStream:75 - [STDERR_REDIRECT] Jan 31, 2026 12:24:41 PM org.eclipse.lsp4j.jsonrpc.services.GenericEndpoint notify
2026-01-31 12:24:41,020 [ERROR] LogOutputStream:75 - [STDERR_REDIRECT] WARNING: Unsupported notification method: didChangeStatus
2026-01-31 12:24:41,020 [ERROR] LogOutputStream:75 - [STDERR_REDIRECT] 
2026-01-31 12:24:41,636 [ERROR] LogOutputStream:75 - [STDERR_REDIRECT] Jan 31, 2026 12:24:41 PM org.eclipse.lsp4j.jsonrpc.services.GenericEndpoint notify
2026-01-31 12:24:41,636 [ERROR] LogOutputStream:75 - [STDERR_REDIRECT] WARNING: Unsupported notification method: statusNotification
2026-01-31 12:24:41,637 [ERROR] LogOutputStream:75 - [STDERR_REDIRECT] 
2026-01-31 12:24:41,638 [ERROR] LogOutputStream:75 - [STDERR_REDIRECT] Jan 31, 2026 12:24:41 PM org.eclipse.lsp4j.jsonrpc.services.GenericEndpoint notify
2026-01-31 12:24:41,638 [ERROR] LogOutputStream:75 - [STDERR_REDIRECT] WARNING: Unsupported notification method: didChangeStatus
2026-01-31 12:24:41,638 [ERROR] LogOutputStream:75 - [STDERR_REDIRECT] 
2026-01-31 12:26:04,356 [ERROR] LogOutputStream:75 - [STDERR_REDIRECT] Jan 31, 2026 12:26:04 PM org.eclipse.lsp4j.jsonrpc.services.GenericEndpoint notify
2026-01-31 12:26:04,357 [ERROR] LogOutputStream:75 - [STDERR_REDIRECT] WARNING: Unsupported notification method: statusNotification
2026-01-31 12:26:04,357 [ERROR] LogOutputStream:75 - [STDERR_REDIRECT] 
2026-01-31 12:26:04,358 [ERROR] LogOutputStream:75 - [STDERR_REDIRECT] Jan 31, 2026 12:26:04 PM org.eclipse.lsp4j.jsonrpc.services.GenericEndpoint notify
2026-01-31 12:26:04,358 [ERROR] LogOutputStream:75 - [STDERR_REDIRECT] WARNING: Unsupported notification method: didChangeStatus
2026-01-31 12:26:04,358 [ERROR] LogOutputStream:75 - [STDERR_REDIRECT] 
2026-01-31 12:26:05,544 [ERROR] LogOutputStream:75 - [STDERR_REDIRECT] Jan 31, 2026 12:26:05 PM org.eclipse.lsp4j.jsonrpc.services.GenericEndpoint notify
2026-01-31 12:26:05,544 [ERROR] LogOutputStream:75 - [STDERR_REDIRECT] WARNING: Unsupported notification method: statusNotification
2026-01-31 12:26:05,544 [ERROR] LogOutputStream:75 - [STDERR_REDIRECT] 
2026-01-31 12:26:05,545 [ERROR] LogOutputStream:75 - [STDERR_REDIRECT] Jan 31, 2026 12:26:05 PM org.eclipse.lsp4j.jsonrpc.services.GenericEndpoint notify
2026-01-31 12:26:05,545 [ERROR] LogOutputStream:75 - [STDERR_REDIRECT] WARNING: Unsupported notification method: didChangeStatus
2026-01-31 12:26:05,546 [ERROR] LogOutputStream:75 - [STDERR_REDIRECT] 
2026-01-31 12:26:05,607 [ERROR] LogOutputStream:75 - [STDERR_REDIRECT] Jan 31, 2026 12:26:05 PM org.eclipse.lsp4j.jsonrpc.services.GenericEndpoint notify
2026-01-31 12:26:05,607 [ERROR] LogOutputStream:75 - [STDERR_REDIRECT] WARNING: Unsupported notification method: statusNotification
2026-01-31 12:26:05,608 [ERROR] LogOutputStream:75 - [STDERR_REDIRECT] 
2026-01-31 12:26:05,608 [ERROR] LogOutputStream:75 - [STDERR_REDIRECT] Jan 31, 2026 12:26:05 PM org.eclipse.lsp4j.jsonrpc.services.GenericEndpoint notify
2026-01-31 12:26:05,608 [ERROR] LogOutputStream:75 - [STDERR_REDIRECT] WARNING: Unsupported notification method: didChangeStatus
2026-01-31 12:26:05,608 [ERROR] LogOutputStream:75 - [STDERR_REDIRECT] 
2026-01-31 12:26:06,361 [ERROR] LogOutputStream:75 - [STDERR_REDIRECT] Jan 31, 2026 12:26:06 PM org.eclipse.lsp4j.jsonrpc.services.GenericEndpoint notify
2026-01-31 12:26:06,361 [ERROR] LogOutputStream:75 - [STDERR_REDIRECT] WARNING: Unsupported notification method: statusNotification
2026-01-31 12:26:06,362 [ERROR] LogOutputStream:75 - [STDERR_REDIRECT] 
2026-01-31 12:26:06,363 [ERROR] LogOutputStream:75 - [STDERR_REDIRECT] Jan 31, 2026 12:26:06 PM org.eclipse.lsp4j.jsonrpc.services.GenericEndpoint notify
2026-01-31 12:26:06,363 [ERROR] LogOutputStream:75 - [STDERR_REDIRECT] WARNING: Unsupported notification method: didChangeStatus
2026-01-31 12:26:06,363 [ERROR] LogOutputStream:75 - [STDERR_REDIRECT] 
2026-01-31 12:26:06,424 [ERROR] LogOutputStream:75 - [STDERR_REDIRECT] Jan 31, 2026 12:26:06 PM org.eclipse.lsp4j.jsonrpc.services.GenericEndpoint notify
2026-01-31 12:26:06,424 [ERROR] LogOutputStream:75 - [STDERR_REDIRECT] WARNING: Unsupported notification method: statusNotification
2026-01-31 12:26:06,424 [ERROR] LogOutputStream:75 - [STDERR_REDIRECT] 
2026-01-31 12:26:06,425 [ERROR] LogOutputStream:75 - [STDERR_REDIRECT] Jan 31, 2026 12:26:06 PM org.eclipse.lsp4j.jsonrpc.services.GenericEndpoint notify
2026-01-31 12:26:06,425 [ERROR] LogOutputStream:75 - [STDERR_REDIRECT] WARNING: Unsupported notification method: didChangeStatus
2026-01-31 12:26:06,425 [ERROR] LogOutputStream:75 - [STDERR_REDIRECT] 
2026-01-31 12:26:07,101 [ERROR] LogOutputStream:75 - [STDERR_REDIRECT] Jan 31, 2026 12:26:07 PM org.eclipse.lsp4j.jsonrpc.services.GenericEndpoint notify
2026-01-31 12:26:07,102 [ERROR] LogOutputStream:75 - [STDERR_REDIRECT] WARNING: Unsupported notification method: statusNotification
2026-01-31 12:26:07,102 [ERROR] LogOutputStream:75 - [STDERR_REDIRECT] 
2026-01-31 12:26:07,102 [ERROR] LogOutputStream:75 - [STDERR_REDIRECT] Jan 31, 2026 12:26:07 PM org.eclipse.lsp4j.jsonrpc.services.GenericEndpoint notify
2026-01-31 12:26:07,103 [ERROR] LogOutputStream:75 - [STDERR_REDIRECT] WARNING: Unsupported notification method: didChangeStatus
2026-01-31 12:26:07,103 [ERROR] LogOutputStream:75 - [STDERR_REDIRECT] 
2026-01-31 12:26:07,157 [ERROR] LogOutputStream:75 - [STDERR_REDIRECT] Jan 31, 2026 12:26:07 PM org.eclipse.lsp4j.jsonrpc.services.GenericEndpoint notify
2026-01-31 12:26:07,158 [ERROR] LogOutputStream:75 - [STDERR_REDIRECT] WARNING: Unsupported notification method: statusNotification
2026-01-31 12:26:07,158 [ERROR] LogOutputStream:75 - [STDERR_REDIRECT] 
2026-01-31 12:26:07,158 [ERROR] LogOutputStream:75 - [STDERR_REDIRECT] Jan 31, 2026 12:26:07 PM org.eclipse.lsp4j.jsonrpc.services.GenericEndpoint notify
2026-01-31 12:26:07,159 [ERROR] LogOutputStream:75 - [STDERR_REDIRECT] WARNING: Unsupported notification method: didChangeStatus
2026-01-31 12:26:07,159 [ERROR] LogOutputStream:75 - [STDERR_REDIRECT] 
2026-01-31 12:26:07,587 [ERROR] LogOutputStream:75 - [STDERR_REDIRECT] Jan 31, 2026 12:26:07 PM org.eclipse.lsp4j.jsonrpc.services.GenericEndpoint notify
2026-01-31 12:26:07,588 [ERROR] LogOutputStream:75 - [STDERR_REDIRECT] WARNING: Unsupported notification method: statusNotification
2026-01-31 12:26:07,588 [ERROR] LogOutputStream:75 - [STDERR_REDIRECT] 
2026-01-31 12:26:07,588 [ERROR] LogOutputStream:75 - [STDERR_REDIRECT] Jan 31, 2026 12:26:07 PM org.eclipse.lsp4j.jsonrpc.services.GenericEndpoint notify
2026-01-31 12:26:07,588 [ERROR] LogOutputStream:75 - [STDERR_REDIRECT] WARNING: Unsupported notification method: didChangeStatus
2026-01-31 12:26:07,589 [ERROR] LogOutputStream:75 - [STDERR_REDIRECT] 
2026-01-31 12:26:07,634 [ERROR] LogOutputStream:75 - [STDERR_REDIRECT] Jan 31, 2026 12:26:07 PM org.eclipse.lsp4j.jsonrpc.services.GenericEndpoint notify
2026-01-31 12:26:07,634 [ERROR] LogOutputStream:75 - [STDERR_REDIRECT] WARNING: Unsupported notification method: statusNotification
2026-01-31 12:26:07,634 [ERROR] LogOutputStream:75 - [STDERR_REDIRECT] 
2026-01-31 12:26:07,635 [ERROR] LogOutputStream:75 - [STDERR_REDIRECT] Jan 31, 2026 12:26:07 PM org.eclipse.lsp4j.jsonrpc.services.GenericEndpoint notify
2026-01-31 12:26:07,635 [ERROR] LogOutputStream:75 - [STDERR_REDIRECT] WARNING: Unsupported notification method: didChangeStatus
2026-01-31 12:26:07,635 [ERROR] LogOutputStream:75 - [STDERR_REDIRECT] 
2026-01-31 12:26:07,636 [ERROR] LogOutputStream:75 - [STDERR_REDIRECT] Jan 31, 2026 12:26:07 PM org.eclipse.lsp4j.jsonrpc.services.GenericEndpoint notify
2026-01-31 12:26:07,636 [ERROR] LogOutputStream:75 - [STDERR_REDIRECT] WARNING: Unsupported notification method: statusNotification
2026-01-31 12:26:07,636 [ERROR] LogOutputStream:75 - [STDERR_REDIRECT] 
2026-01-31 12:26:07,636 [ERROR] LogOutputStream:75 - [STDERR_REDIRECT] Jan 31, 2026 12:26:07 PM org.eclipse.lsp4j.jsonrpc.services.GenericEndpoint notify
2026-01-31 12:26:07,637 [ERROR] LogOutputStream:75 - [STDERR_REDIRECT] WARNING: Unsupported notification method: didChangeStatus
2026-01-31 12:26:07,637 [ERROR] LogOutputStream:75 - [STDERR_REDIRECT] 
2026-01-31 12:26:07,702 [ERROR] LogOutputStream:75 - [STDERR_REDIRECT] Jan 31, 2026 12:26:07 PM org.eclipse.lsp4j.jsonrpc.services.GenericEndpoint notify
2026-01-31 12:26:07,702 [ERROR] LogOutputStream:75 - [STDERR_REDIRECT] WARNING: Unsupported notification method: statusNotification
2026-01-31 12:26:07,702 [ERROR] LogOutputStream:75 - [STDERR_REDIRECT] 
2026-01-31 12:26:07,703 [ERROR] LogOutputStream:75 - [STDERR_REDIRECT] Jan 31, 2026 12:26:07 PM org.eclipse.lsp4j.jsonrpc.services.GenericEndpoint notify
2026-01-31 12:26:07,703 [ERROR] LogOutputStream:75 - [STDERR_REDIRECT] WARNING: Unsupported notification method: didChangeStatus
2026-01-31 12:26:07,703 [ERROR] LogOutputStream:75 - [STDERR_REDIRECT] 
2026-01-31 12:26:08,320 [ERROR] LogOutputStream:75 - [STDERR_REDIRECT] Jan 31, 2026 12:26:08 PM org.eclipse.lsp4j.jsonrpc.services.GenericEndpoint notify
2026-01-31 12:26:08,350 [ERROR] LogOutputStream:75 - [STDERR_REDIRECT] WARNING: Unsupported notification method: statusNotification
2026-01-31 12:26:08,351 [ERROR] LogOutputStream:75 - [STDERR_REDIRECT] 
2026-01-31 12:26:08,351 [ERROR] LogOutputStream:75 - [STDERR_REDIRECT] Jan 31, 2026 12:26:08 PM org.eclipse.lsp4j.jsonrpc.services.GenericEndpoint notify
2026-01-31 12:26:08,351 [ERROR] LogOutputStream:75 - [STDERR_REDIRECT] WARNING: Unsupported notification method: didChangeStatus
2026-01-31 12:26:08,351 [ERROR] LogOutputStream:75 - [STDERR_REDIRECT] 
2026-01-31 12:26:36,926 [ERROR] LogOutputStream:75 - [STDERR_REDIRECT] Jan 31, 2026 12:26:36 PM org.eclipse.lsp4j.jsonrpc.services.GenericEndpoint notify
2026-01-31 12:26:36,926 [ERROR] LogOutputStream:75 - [STDERR_REDIRECT] WARNING: Unsupported notification method: statusNotification
2026-01-31 12:26:36,927 [ERROR] LogOutputStream:75 - [STDERR_REDIRECT] 
2026-01-31 12:26:36,927 [ERROR] LogOutputStream:75 - [STDERR_REDIRECT] Jan 31, 2026 12:26:36 PM org.eclipse.lsp4j.jsonrpc.services.GenericEndpoint notify
2026-01-31 12:26:36,927 [ERROR] LogOutputStream:75 - [STDERR_REDIRECT] WARNING: Unsupported notification method: didChangeStatus
2026-01-31 12:26:36,927 [ERROR] LogOutputStream:75 - [STDERR_REDIRECT] 
2026-01-31 12:26:37,094 [ERROR] LogOutputStream:75 - [STDERR_REDIRECT] Jan 31, 2026 12:26:37 PM org.eclipse.lsp4j.jsonrpc.services.GenericEndpoint notify
2026-01-31 12:26:37,094 [ERROR] LogOutputStream:75 - [STDERR_REDIRECT] WARNING: Unsupported notification method: statusNotification
2026-01-31 12:26:37,094 [ERROR] LogOutputStream:75 - [STDERR_REDIRECT] 
2026-01-31 12:26:37,094 [ERROR] LogOutputStream:75 - [STDERR_REDIRECT] Jan 31, 2026 12:26:37 PM org.eclipse.lsp4j.jsonrpc.services.GenericEndpoint notify
2026-01-31 12:26:37,094 [ERROR] LogOutputStream:75 - [STDERR_REDIRECT] WARNING: Unsupported notification method: didChangeStatus
2026-01-31 12:26:37,094 [ERROR] LogOutputStream:75 - [STDERR_REDIRECT] 
2026-01-31 12:26:37,161 [ERROR] LogOutputStream:75 - [STDERR_REDIRECT] Jan 31, 2026 12:26:37 PM org.eclipse.lsp4j.jsonrpc.services.GenericEndpoint notify
2026-01-31 12:26:37,162 [ERROR] LogOutputStream:75 - [STDERR_REDIRECT] WARNING: Unsupported notification method: statusNotification
2026-01-31 12:26:37,162 [ERROR] LogOutputStream:75 - [STDERR_REDIRECT] 
2026-01-31 12:26:37,162 [ERROR] LogOutputStream:75 - [STDERR_REDIRECT] Jan 31, 2026 12:26:37 PM org.eclipse.lsp4j.jsonrpc.services.GenericEndpoint notify
2026-01-31 12:26:37,163 [ERROR] LogOutputStream:75 - [STDERR_REDIRECT] WARNING: Unsupported notification method: didChangeStatus
2026-01-31 12:26:37,163 [ERROR] LogOutputStream:75 - [STDERR_REDIRECT] 
2026-01-31 12:26:38,113 [ERROR] LogOutputStream:75 - [STDERR_REDIRECT] Jan 31, 2026 12:26:38 PM org.eclipse.lsp4j.jsonrpc.services.GenericEndpoint notify
2026-01-31 12:26:38,113 [ERROR] LogOutputStream:75 - [STDERR_REDIRECT] WARNING: Unsupported notification method: statusNotification
2026-01-31 12:26:38,113 [ERROR] LogOutputStream:75 - [STDERR_REDIRECT] 
2026-01-31 12:26:38,114 [ERROR] LogOutputStream:75 - [STDERR_REDIRECT] Jan 31, 2026 12:26:38 PM org.eclipse.lsp4j.jsonrpc.services.GenericEndpoint notify
2026-01-31 12:26:38,114 [ERROR] LogOutputStream:75 - [STDERR_REDIRECT] WARNING: Unsupported notification method: didChangeStatus
2026-01-31 12:26:38,114 [ERROR] LogOutputStream:75 - [STDERR_REDIRECT] 
2026-01-31 12:27:47,347 [ERROR] LogOutputStream:75 - [STDERR_REDIRECT] Jan 31, 2026 12:27:47 PM org.eclipse.lsp4j.jsonrpc.services.GenericEndpoint notify
2026-01-31 12:27:47,347 [ERROR] LogOutputStream:75 - [STDERR_REDIRECT] WARNING: Unsupported notification method: statusNotification
2026-01-31 12:27:47,347 [ERROR] LogOutputStream:75 - [STDERR_REDIRECT] 
2026-01-31 12:27:47,347 [ERROR] LogOutputStream:75 - [STDERR_REDIRECT] Jan 31, 2026 12:27:47 PM org.eclipse.lsp4j.jsonrpc.services.GenericEndpoint notify
2026-01-31 12:27:47,347 [ERROR] LogOutputStream:75 - [STDERR_REDIRECT] WARNING: Unsupported notification method: didChangeStatus
2026-01-31 12:27:47,347 [ERROR] LogOutputStream:75 - [STDERR_REDIRECT] 
2026-01-31 12:27:48,191 [ERROR] LogOutputStream:75 - [STDERR_REDIRECT] Jan 31, 2026 12:27:48 PM org.eclipse.lsp4j.jsonrpc.services.GenericEndpoint notify
2026-01-31 12:27:48,191 [ERROR] LogOutputStream:75 - [STDERR_REDIRECT] WARNING: Unsupported notification method: statusNotification
2026-01-31 12:27:48,191 [ERROR] LogOutputStream:75 - [STDERR_REDIRECT] 
2026-01-31 12:27:48,192 [ERROR] LogOutputStream:75 - [STDERR_REDIRECT] Jan 31, 2026 12:27:48 PM org.eclipse.lsp4j.jsonrpc.services.GenericEndpoint notify
2026-01-31 12:27:48,192 [ERROR] LogOutputStream:75 - [STDERR_REDIRECT] WARNING: Unsupported notification method: didChangeStatus
2026-01-31 12:27:48,192 [ERROR] LogOutputStream:75 - [STDERR_REDIRECT] 
2026-01-31 12:27:48,219 [ERROR] LogOutputStream:75 - [STDERR_REDIRECT] Jan 31, 2026 12:27:48 PM org.eclipse.lsp4j.jsonrpc.services.GenericEndpoint notify
2026-01-31 12:27:48,220 [ERROR] LogOutputStream:75 - [STDERR_REDIRECT] WARNING: Unsupported notification method: statusNotification
2026-01-31 12:27:48,220 [ERROR] LogOutputStream:75 - [STDERR_REDIRECT] 
2026-01-31 12:27:48,220 [ERROR] LogOutputStream:75 - [STDERR_REDIRECT] Jan 31, 2026 12:27:48 PM org.eclipse.lsp4j.jsonrpc.services.GenericEndpoint notify
2026-01-31 12:27:48,220 [ERROR] LogOutputStream:75 - [STDERR_REDIRECT] WARNING: Unsupported notification method: didChangeStatus
2026-01-31 12:27:48,220 [ERROR] LogOutputStream:75 - [STDERR_REDIRECT] 
2026-01-31 12:27:49,061 [ERROR] LogOutputStream:75 - [STDERR_REDIRECT] Jan 31, 2026 12:27:49 PM org.eclipse.lsp4j.jsonrpc.services.GenericEndpoint notify
2026-01-31 12:27:49,062 [ERROR] LogOutputStream:75 - [STDERR_REDIRECT] WARNING: Unsupported notification method: statusNotification
2026-01-31 12:27:49,062 [ERROR] LogOutputStream:75 - [STDERR_REDIRECT] 
2026-01-31 12:27:49,062 [ERROR] LogOutputStream:75 - [STDERR_REDIRECT] Jan 31, 2026 12:27:49 PM org.eclipse.lsp4j.jsonrpc.services.GenericEndpoint notify
2026-01-31 12:27:49,062 [ERROR] LogOutputStream:75 - [STDERR_REDIRECT] WARNING: Unsupported notification method: didChangeStatus
2026-01-31 12:27:49,062 [ERROR] LogOutputStream:75 - [STDERR_REDIRECT] 
2026-01-31 12:27:49,101 [ERROR] LogOutputStream:75 - [STDERR_REDIRECT] Jan 31, 2026 12:27:49 PM org.eclipse.lsp4j.jsonrpc.services.GenericEndpoint notify
2026-01-31 12:27:49,102 [ERROR] LogOutputStream:75 - [STDERR_REDIRECT] WARNING: Unsupported notification method: statusNotification
2026-01-31 12:27:49,102 [ERROR] LogOutputStream:75 - [STDERR_REDIRECT] 
2026-01-31 12:27:49,102 [ERROR] LogOutputStream:75 - [STDERR_REDIRECT] Jan 31, 2026 12:27:49 PM org.eclipse.lsp4j.jsonrpc.services.GenericEndpoint notify
2026-01-31 12:27:49,102 [ERROR] LogOutputStream:75 - [STDERR_REDIRECT] WARNING: Unsupported notification method: didChangeStatus
2026-01-31 12:27:49,103 [ERROR] LogOutputStream:75 - [STDERR_REDIRECT] 
2026-01-31 12:27:49,768 [ERROR] LogOutputStream:75 - [STDERR_REDIRECT] Jan 31, 2026 12:27:49 PM org.eclipse.lsp4j.jsonrpc.services.GenericEndpoint notify
2026-01-31 12:27:49,768 [ERROR] LogOutputStream:75 - [STDERR_REDIRECT] WARNING: Unsupported notification method: statusNotification
2026-01-31 12:27:49,768 [ERROR] LogOutputStream:75 - [STDERR_REDIRECT] 
2026-01-31 12:27:49,768 [ERROR] LogOutputStream:75 - [STDERR_REDIRECT] Jan 31, 2026 12:27:49 PM org.eclipse.lsp4j.jsonrpc.services.GenericEndpoint notify
2026-01-31 12:27:49,768 [ERROR] LogOutputStream:75 - [STDERR_REDIRECT] WARNING: Unsupported notification method: didChangeStatus
2026-01-31 12:27:49,768 [ERROR] LogOutputStream:75 - [STDERR_REDIRECT] 
2026-01-31 12:28:01,705 [ERROR] LogOutputStream:75 - [STDERR_REDIRECT] Jan 31, 2026 12:28:01 PM org.eclipse.lsp4j.jsonrpc.services.GenericEndpoint notify
2026-01-31 12:28:01,706 [ERROR] LogOutputStream:75 - [STDERR_REDIRECT] WARNING: Unsupported notification method: statusNotification
2026-01-31 12:28:01,706 [ERROR] LogOutputStream:75 - [STDERR_REDIRECT] 
2026-01-31 12:28:01,706 [ERROR] LogOutputStream:75 - [STDERR_REDIRECT] Jan 31, 2026 12:28:01 PM org.eclipse.lsp4j.jsonrpc.services.GenericEndpoint notify
2026-01-31 12:28:01,706 [ERROR] LogOutputStream:75 - [STDERR_REDIRECT] WARNING: Unsupported notification method: didChangeStatus
2026-01-31 12:28:01,707 [ERROR] LogOutputStream:75 - [STDERR_REDIRECT] 
2026-01-31 12:28:02,596 [ERROR] LogOutputStream:75 - [STDERR_REDIRECT] Jan 31, 2026 12:28:02 PM org.eclipse.lsp4j.jsonrpc.services.GenericEndpoint notify
2026-01-31 12:28:02,596 [ERROR] LogOutputStream:75 - [STDERR_REDIRECT] WARNING: Unsupported notification method: statusNotification
2026-01-31 12:28:02,597 [ERROR] LogOutputStream:75 - [STDERR_REDIRECT] 
2026-01-31 12:28:02,597 [ERROR] LogOutputStream:75 - [STDERR_REDIRECT] Jan 31, 2026 12:28:02 PM org.eclipse.lsp4j.jsonrpc.services.GenericEndpoint notify
2026-01-31 12:28:02,598 [ERROR] LogOutputStream:75 - [STDERR_REDIRECT] WARNING: Unsupported notification method: didChangeStatus
2026-01-31 12:28:02,598 [ERROR] LogOutputStream:75 - [STDERR_REDIRECT] 
2026-01-31 12:28:03,007 [ERROR] LogOutputStream:75 - [STDERR_REDIRECT] Jan 31, 2026 12:28:03 PM org.eclipse.lsp4j.jsonrpc.services.GenericEndpoint notify
2026-01-31 12:28:03,007 [ERROR] LogOutputStream:75 - [STDERR_REDIRECT] WARNING: Unsupported notification method: statusNotification
2026-01-31 12:28:03,007 [ERROR] LogOutputStream:75 - [STDERR_REDIRECT] 
2026-01-31 12:28:03,008 [ERROR] LogOutputStream:75 - [STDERR_REDIRECT] Jan 31, 2026 12:28:03 PM org.eclipse.lsp4j.jsonrpc.services.GenericEndpoint notify
2026-01-31 12:28:03,008 [ERROR] LogOutputStream:75 - [STDERR_REDIRECT] WARNING: Unsupported notification method: didChangeStatus
2026-01-31 12:28:03,008 [ERROR] LogOutputStream:75 - [STDERR_REDIRECT] 
2026-01-31 12:28:03,009 [ERROR] LogOutputStream:75 - [STDERR_REDIRECT] Jan 31, 2026 12:28:03 PM org.eclipse.lsp4j.jsonrpc.services.GenericEndpoint notify
2026-01-31 12:28:03,009 [ERROR] LogOutputStream:75 - [STDERR_REDIRECT] WARNING: Unsupported notification method: statusNotification
2026-01-31 12:28:03,010 [ERROR] LogOutputStream:75 - [STDERR_REDIRECT] 
2026-01-31 12:28:03,010 [ERROR] LogOutputStream:75 - [STDERR_REDIRECT] Jan 31, 2026 12:28:03 PM org.eclipse.lsp4j.jsonrpc.services.GenericEndpoint notify
2026-01-31 12:28:03,011 [ERROR] LogOutputStream:75 - [STDERR_REDIRECT] WARNING: Unsupported notification method: didChangeStatus
2026-01-31 12:28:03,011 [ERROR] LogOutputStream:75 - [STDERR_REDIRECT] 
2026-01-31 12:28:04,444 [ERROR] LogOutputStream:75 - [STDERR_REDIRECT] Jan 31, 2026 12:28:04 PM org.eclipse.lsp4j.jsonrpc.services.GenericEndpoint notify
2026-01-31 12:28:04,444 [ERROR] LogOutputStream:75 - [STDERR_REDIRECT] WARNING: Unsupported notification method: statusNotification
2026-01-31 12:28:04,444 [ERROR] LogOutputStream:75 - [STDERR_REDIRECT] 
2026-01-31 12:28:04,445 [ERROR] LogOutputStream:75 - [STDERR_REDIRECT] Jan 31, 2026 12:28:04 PM org.eclipse.lsp4j.jsonrpc.services.GenericEndpoint notify
2026-01-31 12:28:04,445 [ERROR] LogOutputStream:75 - [STDERR_REDIRECT] WARNING: Unsupported notification method: didChangeStatus
2026-01-31 12:28:04,446 [ERROR] LogOutputStream:75 - [STDERR_REDIRECT] 
2026-01-31 12:28:05,253 [ERROR] LogOutputStream:75 - [STDERR_REDIRECT] Jan 31, 2026 12:28:05 PM org.eclipse.lsp4j.jsonrpc.services.GenericEndpoint notify
2026-01-31 12:28:05,254 [ERROR] LogOutputStream:75 - [STDERR_REDIRECT] WARNING: Unsupported notification method: statusNotification
2026-01-31 12:28:05,254 [ERROR] LogOutputStream:75 - [STDERR_REDIRECT] 
2026-01-31 12:28:05,254 [ERROR] LogOutputStream:75 - [STDERR_REDIRECT] Jan 31, 2026 12:28:05 PM org.eclipse.lsp4j.jsonrpc.services.GenericEndpoint notify
2026-01-31 12:28:05,254 [ERROR] LogOutputStream:75 - [STDERR_REDIRECT] WARNING: Unsupported notification method: didChangeStatus
2026-01-31 12:28:05,255 [ERROR] LogOutputStream:75 - [STDERR_REDIRECT] 
2026-01-31 12:28:05,304 [ERROR] LogOutputStream:75 - [STDERR_REDIRECT] Jan 31, 2026 12:28:05 PM org.eclipse.lsp4j.jsonrpc.services.GenericEndpoint notify
2026-01-31 12:28:05,304 [ERROR] LogOutputStream:75 - [STDERR_REDIRECT] WARNING: Unsupported notification method: statusNotification
2026-01-31 12:28:05,304 [ERROR] LogOutputStream:75 - [STDERR_REDIRECT] 
2026-01-31 12:28:05,305 [ERROR] LogOutputStream:75 - [STDERR_REDIRECT] Jan 31, 2026 12:28:05 PM org.eclipse.lsp4j.jsonrpc.services.GenericEndpoint notify
2026-01-31 12:28:05,305 [ERROR] LogOutputStream:75 - [STDERR_REDIRECT] WARNING: Unsupported notification method: didChangeStatus
2026-01-31 12:28:05,305 [ERROR] LogOutputStream:75 - [STDERR_REDIRECT] 
2026-01-31 12:28:05,306 [ERROR] LogOutputStream:75 - [STDERR_REDIRECT] Jan 31, 2026 12:28:05 PM org.eclipse.lsp4j.jsonrpc.services.GenericEndpoint notify
2026-01-31 12:28:05,306 [ERROR] LogOutputStream:75 - [STDERR_REDIRECT] WARNING: Unsupported notification method: statusNotification
2026-01-31 12:28:05,306 [ERROR] LogOutputStream:75 - [STDERR_REDIRECT] 
2026-01-31 12:28:05,307 [ERROR] LogOutputStream:75 - [STDERR_REDIRECT] Jan 31, 2026 12:28:05 PM org.eclipse.lsp4j.jsonrpc.services.GenericEndpoint notify
2026-01-31 12:28:05,307 [ERROR] LogOutputStream:75 - [STDERR_REDIRECT] WARNING: Unsupported notification method: didChangeStatus
2026-01-31 12:28:05,307 [ERROR] LogOutputStream:75 - [STDERR_REDIRECT] 
2026-01-31 12:28:05,863 [ERROR] LogOutputStream:75 - [STDERR_REDIRECT] Jan 31, 2026 12:28:05 PM org.eclipse.lsp4j.jsonrpc.services.GenericEndpoint notify
2026-01-31 12:28:05,864 [ERROR] LogOutputStream:75 - [STDERR_REDIRECT] WARNING: Unsupported notification method: statusNotification
2026-01-31 12:28:05,864 [ERROR] LogOutputStream:75 - [STDERR_REDIRECT] 
2026-01-31 12:28:05,865 [ERROR] LogOutputStream:75 - [STDERR_REDIRECT] Jan 31, 2026 12:28:05 PM org.eclipse.lsp4j.jsonrpc.services.GenericEndpoint notify
2026-01-31 12:28:05,865 [ERROR] LogOutputStream:75 - [STDERR_REDIRECT] WARNING: Unsupported notification method: didChangeStatus
2026-01-31 12:28:05,865 [ERROR] LogOutputStream:75 - [STDERR_REDIRECT] 
2026-01-31 12:28:06,364 [ERROR] LogOutputStream:75 - [STDERR_REDIRECT] Jan 31, 2026 12:28:06 PM org.eclipse.lsp4j.jsonrpc.services.GenericEndpoint notify
2026-01-31 12:28:06,365 [ERROR] LogOutputStream:75 - [STDERR_REDIRECT] WARNING: Unsupported notification method: statusNotification
2026-01-31 12:28:06,365 [ERROR] LogOutputStream:75 - [STDERR_REDIRECT] 
2026-01-31 12:28:06,365 [ERROR] LogOutputStream:75 - [STDERR_REDIRECT] Jan 31, 2026 12:28:06 PM org.eclipse.lsp4j.jsonrpc.services.GenericEndpoint notify
2026-01-31 12:28:06,365 [ERROR] LogOutputStream:75 - [STDERR_REDIRECT] WARNING: Unsupported notification method: didChangeStatus
2026-01-31 12:28:06,366 [ERROR] LogOutputStream:75 - [STDERR_REDIRECT] 
2026-01-31 12:28:45,601 [ERROR] LogOutputStream:75 - [STDERR_REDIRECT] 
