2026-02-13 05:45:05,190 [INFO] Activator:176 - 


2026-02-13 05:45:05,194 [INFO] Activator:177 - !SESSION log4j initialized
2026-02-13 05:45:10,177 [INFO] LogOutputStream:77 - [STDOUT_REDIRECT] 
2026-02-13 05:45:12,543 [INFO] ApplicationProperties:184 - Using Application install path: /opt/st/stm32cubeide_1.18.1/../../../home/tecna-smart-lab/.eclipse/com.st.stm32cube.ide.mcu.rcp.product_1.18.1_139067097_linux_gtk_x86_64/plugins/com.st.stm32cube.common.mx_6.15.0.202507011659
2026-02-13 05:45:12,586 [INFO] DbMcusXml:78 - Set database path to: /opt/st/stm32cubeide_1.18.1/../../../home/tecna-smart-lab/.eclipse/com.st.stm32cube.ide.mcu.rcp.product_1.18.1_139067097_linux_gtk_x86_64/plugins/com.st.stm32cube.common.mx_6.15.0.202507011659//db//mcu/
2026-02-13 05:45:12,587 [INFO] ApiDb:274 - Set plugin database path to: /opt/st/stm32cubeide_1.18.1/../../../home/tecna-smart-lab/.eclipse/com.st.stm32cube.ide.mcu.rcp.product_1.18.1_139067097_linux_gtk_x86_64/plugins/com.st.stm32cube.common.mx_6.15.0.202507011659//db//plugins/boardmanager/
2026-02-13 05:45:12,587 [WARN] ApiDb:259 - Overriding images path with different value:  => /opt/st/stm32cubeide_1.18.1/../../../home/tecna-smart-lab/.eclipse/com.st.stm32cube.ide.mcu.rcp.product_1.18.1_139067097_linux_gtk_x86_64/plugins/com.st.stm32cube.common.mx_6.15.0.202507011659//db//plugins/mcufinder/images/
2026-02-13 05:45:12,600 [INFO] ApiDb:250 - Set database path to: /home/tecna-smart-lab/.stmcufinder/plugins/mcufinder//mcu/
2026-02-13 05:45:12,604 [INFO] DbMcusAds:125 - Set database path to: /home/tecna-smart-lab/.stmcufinder/plugins/mcufinder//mcu/
2026-02-13 05:45:12,609 [INFO] CrossReferenceDbSqlite:203 - Set database path to: /home/tecna-smart-lab/.stmcufinder/plugins/mcufinder//mcu/cs/
2026-02-13 05:45:12,843 [INFO] RulesReader:64 - Compatibility file has been processed (317 Rules)
2026-02-13 05:45:13,063 [INFO] DbMcusXml:78 - Set database path to: /opt/st/stm32cubeide_1.18.1/../../../home/tecna-smart-lab/.eclipse/com.st.stm32cube.ide.mcu.rcp.product_1.18.1_139067097_linux_gtk_x86_64/plugins/com.st.stm32cube.common.mx_6.15.0.202507011659//db//mcu/
2026-02-13 05:45:13,064 [INFO] ApiDb:274 - Set plugin database path to: /opt/st/stm32cubeide_1.18.1/../../../home/tecna-smart-lab/.eclipse/com.st.stm32cube.ide.mcu.rcp.product_1.18.1_139067097_linux_gtk_x86_64/plugins/com.st.stm32cube.common.mx_6.15.0.202507011659//db//plugins/boardmanager/
2026-02-13 05:45:13,064 [INFO] ApiDb:261 - Set plugin images path to: /opt/st/stm32cubeide_1.18.1/../../../home/tecna-smart-lab/.eclipse/com.st.stm32cube.ide.mcu.rcp.product_1.18.1_139067097_linux_gtk_x86_64/plugins/com.st.stm32cube.common.mx_6.15.0.202507011659//db//plugins/mcufinder/images/
2026-02-13 05:45:13,065 [WARN] DbFile:41 - Overriding database path with different value: /home/tecna-smart-lab/.stmcufinder/plugins/mcufinder/ => /home/tecna-smart-lab/.stmcufinder/plugins/mcufinder
2026-02-13 05:45:13,067 [INFO] ApiDb:250 - Set database path to: /home/tecna-smart-lab/.stmcufinder/plugins/mcufinder//mcu/
2026-02-13 05:45:13,067 [WARN] DbFile:41 - Overriding database path with different value: /home/tecna-smart-lab/.stmcufinder/plugins/mcufinder/ => /home/tecna-smart-lab/.stmcufinder/plugins/mcufinder
2026-02-13 05:45:13,068 [INFO] DbMcusAds:125 - Set database path to: /home/tecna-smart-lab/.stmcufinder/plugins/mcufinder//mcu/
2026-02-13 05:45:13,068 [WARN] DbFile:41 - Overriding database path with different value: /home/tecna-smart-lab/.stmcufinder/plugins/mcufinder/ => /home/tecna-smart-lab/.stmcufinder/plugins/mcufinder
2026-02-13 05:45:13,069 [WARN] DbFile:41 - Overriding database path with different value: /home/tecna-smart-lab/.stmcufinder/plugins/mcufinder/ => /home/tecna-smart-lab/.stmcufinder/plugins/mcufinder
2026-02-13 05:45:13,069 [INFO] CrossReferenceDbSqlite:203 - Set database path to: /home/tecna-smart-lab/.stmcufinder/plugins/mcufinder//mcu/cs/
2026-02-13 05:45:13,255 [INFO] MainPanel:274 - HeapMemory: 268435456
2026-02-13 05:45:13,585 [INFO] DbMcusXml:78 - Set database path to: /opt/st/stm32cubeide_1.18.1/../../../home/tecna-smart-lab/.eclipse/com.st.stm32cube.ide.mcu.rcp.product_1.18.1_139067097_linux_gtk_x86_64/plugins/com.st.stm32cube.common.mx_6.15.0.202507011659//db//mcu/
2026-02-13 05:45:13,586 [INFO] ApiDb:274 - Set plugin database path to: /opt/st/stm32cubeide_1.18.1/../../../home/tecna-smart-lab/.eclipse/com.st.stm32cube.ide.mcu.rcp.product_1.18.1_139067097_linux_gtk_x86_64/plugins/com.st.stm32cube.common.mx_6.15.0.202507011659//db//plugins/boardmanager/
2026-02-13 05:45:13,587 [INFO] ApiDb:261 - Set plugin images path to: /opt/st/stm32cubeide_1.18.1/../../../home/tecna-smart-lab/.eclipse/com.st.stm32cube.ide.mcu.rcp.product_1.18.1_139067097_linux_gtk_x86_64/plugins/com.st.stm32cube.common.mx_6.15.0.202507011659//db//plugins/mcufinder/images/
2026-02-13 05:45:13,588 [WARN] DbFile:41 - Overriding database path with different value: /home/tecna-smart-lab/.stmcufinder/plugins/mcufinder/ => /home/tecna-smart-lab/.stmcufinder/plugins/mcufinder
2026-02-13 05:45:13,588 [INFO] ApiDb:250 - Set database path to: /home/tecna-smart-lab/.stmcufinder/plugins/mcufinder//mcu/
2026-02-13 05:45:13,589 [WARN] DbFile:41 - Overriding database path with different value: /home/tecna-smart-lab/.stmcufinder/plugins/mcufinder/ => /home/tecna-smart-lab/.stmcufinder/plugins/mcufinder
2026-02-13 05:45:13,589 [INFO] DbMcusAds:125 - Set database path to: /home/tecna-smart-lab/.stmcufinder/plugins/mcufinder//mcu/
2026-02-13 05:45:13,589 [WARN] DbFile:41 - Overriding database path with different value: /home/tecna-smart-lab/.stmcufinder/plugins/mcufinder/ => /home/tecna-smart-lab/.stmcufinder/plugins/mcufinder
2026-02-13 05:45:13,590 [WARN] DbFile:41 - Overriding database path with different value: /home/tecna-smart-lab/.stmcufinder/plugins/mcufinder/ => /home/tecna-smart-lab/.stmcufinder/plugins/mcufinder
2026-02-13 05:45:13,590 [INFO] CrossReferenceDbSqlite:203 - Set database path to: /home/tecna-smart-lab/.stmcufinder/plugins/mcufinder//mcu/cs/
2026-02-13 05:45:13,665 [INFO] ApplicationProperties:184 - Using Application install path: /opt/st/stm32cubeide_1.18.1/../../../home/tecna-smart-lab/.eclipse/com.st.stm32cube.ide.mcu.rcp.product_1.18.1_139067097_linux_gtk_x86_64/plugins/com.st.stm32cube.common.mx_6.15.0.202507011659
2026-02-13 05:45:13,671 [INFO] PluginManage:196 - Search for loadable plugins [exclusion list=, ]
2026-02-13 05:45:13,674 [INFO] PluginManage:310 - Check plugin analytics
2026-02-13 05:45:14,140 [INFO] AnalyticsPlugin:253 - Accepted Software Licenses: STM32CubeMX.6.15.0
2026-02-13 05:45:14,141 [INFO] AnalyticsPlugin:255 - Accepted CMSIS Pack Licenses: STMicroelectronics.X-CUBE-FREERTOS.1.3.0,STMicroelectronics.X-CUBE-GNSS1.7.0.1,STMicroelectronics.X-CUBE-AZRTOS-H7.3.3.0,portGmbH.I-Cube-SoM-uGOAL.1.1.0,STMicroelectronics.X-CUBE-AZRTOS-G4.2.0.0,STMicroelectronics.X-CUBE-FREERTOS.1.3.1,STMicroelectronics.X-CUBE-NFC6.3.1.0,STMicroelectronics.X-CUBE-NFC4.3.0.0,STMicroelectronics.X-CUBE-NFC7.2.0.0,STMicroelectronics.X-CUBE-NFC9.1.0.0,STMicroelectronics.X-CUBE-NFC12.1.0.0,STMicroelectronics.X-CUBE-NFC10.1.0.0,RealThread.X-CUBE-RT-Thread_Nano.4.1.1,STMicroelectronics.X-CUBE-AZRTOS-F4.1.1.0,STMicroelectronics.X-CUBE-DISPLAY.3.0.0,Infineon.AIROC-Wi-Fi-Bluetooth-STM32.1.7.0,Cesanta.I-CUBE-Mongoose.7.13.0,STMicroelectronics.X-CUBE-AZRTOS-WB.2.0.0,STMicroelectronics.X-CUBE-EEPRMA1.5.2.0
2026-02-13 05:45:14,141 [INFO] AnalyticsPlugin:257 - Accepted Firmware Licenses: FW.U5.1.7.0,FW.G0.1.6.0,FW.H7.1.12.0,FW.C0.1.4.0,FW.F4.1.28.0,FW.G4.1.6.0,FW.U5.1.8.0,FW.WL.1.3.0,FW.H5.1.5.0
2026-02-13 05:45:14,148 [INFO] PluginManage:359 - Loaded plugin analytics (category:tool,tabindex:-1)
2026-02-13 05:45:14,149 [INFO] PluginManage:310 - Check plugin cadmodel
2026-02-13 05:45:14,156 [INFO] CADModel:105 - Init CAD model plugin
2026-02-13 05:45:14,157 [INFO] PluginManage:359 - Loaded plugin cadmodel (category:power,tabindex:5)
2026-02-13 05:45:14,157 [INFO] PluginManage:310 - Check plugin clock
2026-02-13 05:45:14,169 [INFO] PluginManage:359 - Loaded plugin clock (category:base,tabindex:2)
2026-02-13 05:45:14,169 [INFO] PluginManage:310 - Check plugin ddr
2026-02-13 05:45:14,172 [INFO] PluginManage:359 - Loaded plugin ddr (category:tool,tabindex:6)
2026-02-13 05:45:14,172 [INFO] PluginManage:310 - Check plugin filemanager
2026-02-13 05:45:14,445 [INFO] PluginManage:359 - Loaded plugin filemanager (category:base,tabindex:10)
2026-02-13 05:45:14,445 [INFO] PluginManage:310 - Check plugin ipmanager
2026-02-13 05:45:14,456 [INFO] PluginManage:359 - Loaded plugin ipmanager (category:base,tabindex:5)
2026-02-13 05:45:14,457 [INFO] PluginManage:310 - Check plugin lpbam
2026-02-13 05:45:14,477 [INFO] PluginManage:359 - Loaded plugin lpbam (category:base,tabindex:0)
2026-02-13 05:45:14,477 [INFO] PluginManage:310 - Check plugin memorymap
2026-02-13 05:45:14,503 [INFO] PluginManage:359 - Loaded plugin memorymap (category:base,tabindex:4)
2026-02-13 05:45:14,503 [INFO] PluginManage:310 - Check plugin pinoutandconfiguration
2026-02-13 05:45:14,517 [INFO] PluginManage:359 - Loaded plugin pinoutandconfiguration (category:base,tabindex:1)
2026-02-13 05:45:14,517 [INFO] PluginManage:310 - Check plugin pinoutconfig
2026-02-13 05:45:14,666 [WARN] SupportedApi:132 - Cannot load RTOS API schema: s4s-elt-must-match.1: The content of 'definitions' must match (annotation?, (simpleType | complexType)?, (unique | key | keyref)*)). A problem was found starting at: attribute.
2026-02-13 05:45:14,954 [INFO] PluginManage:359 - Loaded plugin pinoutconfig (category:base,tabindex:0)
2026-02-13 05:45:14,955 [INFO] PluginManage:310 - Check plugin power
2026-02-13 05:45:14,980 [INFO] PluginManage:359 - Loaded plugin power (category:power,tabindex:4)
2026-02-13 05:45:14,981 [INFO] PluginManage:310 - Check plugin projectmanager
2026-02-13 05:45:15,019 [INFO] PluginManage:359 - Loaded plugin projectmanager (category:projectmanager,tabindex:4)
2026-02-13 05:45:15,019 [INFO] PluginManage:310 - Check plugin rif
2026-02-13 05:45:15,041 [INFO] PluginManage:359 - Loaded plugin rif (category:base,tabindex:3)
2026-02-13 05:45:15,042 [INFO] PluginManage:310 - Check plugin thirdparty
2026-02-13 05:45:15,308 [WARN] IntegrityCheckThread:84 - waiting for thirdparty lock release [integrity check]
2026-02-13 05:45:15,309 [INFO] PluginManage:359 - Loaded plugin thirdparty (category:base,tabindex:-1)
2026-02-13 05:45:15,310 [INFO] IntegrityCheckThread:86 - entering critical section [integrity check]
2026-02-13 05:45:15,310 [INFO] PluginManage:310 - Check plugin tools
2026-02-13 05:45:15,311 [INFO] ThirdPartyUpdaterWithRetryManager:70 - Updater plugin not ready yet. [1/15]
2026-02-13 05:45:15,317 [INFO] PluginManage:359 - Loaded plugin tools (category:base,tabindex:7)
2026-02-13 05:45:15,317 [INFO] PluginManage:310 - Check plugin tutovideos
2026-02-13 05:45:15,651 [INFO] PluginManage:359 - Loaded plugin tutovideos (category:base,tabindex:-1)
2026-02-13 05:45:15,651 [INFO] PluginManage:310 - Check plugin updater
2026-02-13 05:45:15,696 [INFO] PluginManage:359 - Loaded plugin updater (category:base,tabindex:12)
2026-02-13 05:45:15,697 [INFO] PluginManage:310 - Check plugin userauth
2026-02-13 05:45:15,704 [INFO] UserAuth:118 - Init User Auth plugin
2026-02-13 05:45:15,705 [INFO] PluginManage:359 - Loaded plugin userauth (category:base,tabindex:14)
2026-02-13 05:45:15,706 [INFO] PluginManage:283 - PluginManage : Loaded plugins [18]
2026-02-13 05:45:16,108 [INFO] PinOutPanel:1589 - setPackage(No Configuration,No Configuration)
2026-02-13 05:45:16,290 [INFO] CADModel:165 - CPN selected for project level
2026-02-13 05:45:16,291 [INFO] CADModel:114 - Register for checkConnection events
2026-02-13 05:45:16,337 [INFO] IPUIPlugin:80 - create IPUIPlugin
2026-02-13 05:45:16,338 [INFO] PluginManager:220 - loadIPPluginJar : add spi
2026-02-13 05:45:16,345 [INFO] IPUIPlugin:80 - create IPUIPlugin
2026-02-13 05:45:16,346 [INFO] PluginManager:220 - loadIPPluginJar : add ddr_ctrl_phy
2026-02-13 05:45:16,351 [INFO] IPUIPlugin:80 - create IPUIPlugin
2026-02-13 05:45:16,351 [INFO] PluginManager:220 - loadIPPluginJar : add fatfs
2026-02-13 05:45:16,357 [INFO] IPUIPlugin:80 - create IPUIPlugin
2026-02-13 05:45:16,359 [INFO] PluginManager:220 - loadIPPluginJar : add dma3
2026-02-13 05:45:16,368 [INFO] IPUIPlugin:80 - create IPUIPlugin
2026-02-13 05:45:16,369 [INFO] PluginManager:220 - loadIPPluginJar : add touchsensing
2026-02-13 05:45:16,375 [INFO] IPUIPlugin:80 - create IPUIPlugin
2026-02-13 05:45:16,376 [INFO] PluginManager:220 - loadIPPluginJar : add usart
2026-02-13 05:45:16,385 [INFO] IPUIPlugin:80 - create IPUIPlugin
2026-02-13 05:45:16,385 [INFO] PluginManager:220 - loadIPPluginJar : add cryp
2026-02-13 05:45:16,392 [INFO] IPUIPlugin:80 - create IPUIPlugin
2026-02-13 05:45:16,393 [INFO] PluginManager:220 - loadIPPluginJar : add i2s
2026-02-13 05:45:16,398 [INFO] IPUIPlugin:80 - create IPUIPlugin
2026-02-13 05:45:16,399 [INFO] PluginManager:220 - loadIPPluginJar : add ltdc
2026-02-13 05:45:16,405 [INFO] IPUIPlugin:80 - create IPUIPlugin
2026-02-13 05:45:16,406 [INFO] PluginManager:220 - loadIPPluginJar : add gfxmmu
2026-02-13 05:45:16,412 [INFO] IPUIPlugin:80 - create IPUIPlugin
2026-02-13 05:45:16,413 [INFO] PluginManager:220 - loadIPPluginJar : add dfsdm
2026-02-13 05:45:16,433 [INFO] IPUIPlugin:80 - create IPUIPlugin
2026-02-13 05:45:16,440 [INFO] PluginManager:220 - loadIPPluginJar : add plateformsettings
2026-02-13 05:45:16,449 [INFO] IPUIPlugin:80 - create IPUIPlugin
2026-02-13 05:45:16,449 [INFO] PluginManager:220 - loadIPPluginJar : add pdm2pcm
2026-02-13 05:45:16,462 [INFO] IPUIPlugin:80 - create IPUIPlugin
2026-02-13 05:45:16,464 [INFO] PluginManager:220 - loadIPPluginJar : add freertos
2026-02-13 05:45:16,468 [INFO] IPUIPlugin:80 - create IPUIPlugin
2026-02-13 05:45:16,469 [INFO] PluginManager:220 - loadIPPluginJar : add tim
2026-02-13 05:45:16,472 [INFO] IPUIPlugin:80 - create IPUIPlugin
2026-02-13 05:45:16,473 [INFO] PluginManager:220 - loadIPPluginJar : add ts
2026-02-13 05:45:16,476 [INFO] IPUIPlugin:80 - create IPUIPlugin
2026-02-13 05:45:16,477 [INFO] PluginManager:220 - loadIPPluginJar : add quadspi
2026-02-13 05:45:16,482 [INFO] IPUIPlugin:80 - create IPUIPlugin
2026-02-13 05:45:16,482 [INFO] PluginManager:220 - loadIPPluginJar : add comp
2026-02-13 05:45:16,494 [INFO] IPUIPlugin:80 - create IPUIPlugin
2026-02-13 05:45:16,495 [INFO] PluginManager:220 - loadIPPluginJar : add resmgrutility
2026-02-13 05:45:16,512 [INFO] IPUIPlugin:80 - create IPUIPlugin
2026-02-13 05:45:16,514 [INFO] PluginManager:220 - loadIPPluginJar : add mdma
2026-02-13 05:45:16,525 [INFO] IPUIPlugin:80 - create IPUIPlugin
2026-02-13 05:45:16,525 [INFO] PluginManager:220 - loadIPPluginJar : add gpio
2026-02-13 05:45:16,529 [INFO] IPUIPlugin:80 - create IPUIPlugin
2026-02-13 05:45:16,530 [INFO] PluginManager:220 - loadIPPluginJar : add tsc
2026-02-13 05:45:16,537 [INFO] IPUIPlugin:80 - create IPUIPlugin
2026-02-13 05:45:16,537 [INFO] PluginManager:220 - loadIPPluginJar : add extmemmanager
2026-02-13 05:45:16,545 [INFO] IPUIPlugin:80 - create IPUIPlugin
2026-02-13 05:45:16,545 [INFO] PluginManager:220 - loadIPPluginJar : add sai
2026-02-13 05:45:16,551 [INFO] IPUIPlugin:80 - create IPUIPlugin
2026-02-13 05:45:16,551 [INFO] PluginManager:220 - loadIPPluginJar : add i2c
2026-02-13 05:45:16,554 [INFO] IPUIPlugin:80 - create IPUIPlugin
2026-02-13 05:45:16,554 [INFO] PluginManager:220 - loadIPPluginJar : add ucpd
2026-02-13 05:45:16,558 [INFO] IPUIPlugin:80 - create IPUIPlugin
2026-02-13 05:45:16,558 [INFO] PluginManager:220 - loadIPPluginJar : add aes
2026-02-13 05:45:16,561 [INFO] IPUIPlugin:80 - create IPUIPlugin
2026-02-13 05:45:16,562 [INFO] PluginManager:220 - loadIPPluginJar : add tracer_emb
2026-02-13 05:45:16,568 [INFO] IPUIPlugin:80 - create IPUIPlugin
2026-02-13 05:45:16,568 [INFO] PluginManager:220 - loadIPPluginJar : add usbx
2026-02-13 05:45:16,571 [INFO] IPUIPlugin:80 - create IPUIPlugin
2026-02-13 05:45:16,571 [INFO] PluginManager:220 - loadIPPluginJar : add lorawan
2026-02-13 05:45:16,584 [INFO] IPUIPlugin:80 - create IPUIPlugin
2026-02-13 05:45:16,585 [INFO] PluginManager:220 - loadIPPluginJar : add linkedlist
2026-02-13 05:45:16,592 [INFO] IPUIPlugin:80 - create IPUIPlugin
2026-02-13 05:45:16,592 [INFO] PluginManager:220 - loadIPPluginJar : add fmc
2026-02-13 05:45:16,597 [INFO] IPUIPlugin:80 - create IPUIPlugin
2026-02-13 05:45:16,598 [INFO] PluginManager:220 - loadIPPluginJar : add opamp
2026-02-13 05:45:16,600 [INFO] IPUIPlugin:80 - create IPUIPlugin
2026-02-13 05:45:16,601 [INFO] PluginManager:220 - loadIPPluginJar : add genericplugin
2026-02-13 05:45:16,606 [INFO] IPUIPlugin:80 - create IPUIPlugin
2026-02-13 05:45:16,606 [INFO] PluginManager:220 - loadIPPluginJar : add nvic
2026-02-13 05:45:16,612 [INFO] IPUIPlugin:80 - create IPUIPlugin
2026-02-13 05:45:16,612 [INFO] PluginManager:220 - loadIPPluginJar : add ipddr
2026-02-13 05:45:16,617 [INFO] IPUIPlugin:80 - create IPUIPlugin
2026-02-13 05:45:16,617 [INFO] PluginManager:220 - loadIPPluginJar : add i3c
2026-02-13 05:45:16,620 [INFO] IPUIPlugin:80 - create IPUIPlugin
2026-02-13 05:45:16,621 [INFO] PluginManager:220 - loadIPPluginJar : add hash
2026-02-13 05:45:16,625 [INFO] IPUIPlugin:80 - create IPUIPlugin
2026-02-13 05:45:16,625 [INFO] PluginManager:220 - loadIPPluginJar : add gtzc
2026-02-13 05:45:16,627 [INFO] IPUIPlugin:80 - create IPUIPlugin
2026-02-13 05:45:16,629 [INFO] PluginManager:220 - loadIPPluginJar : add radio
2026-02-13 05:45:16,640 [INFO] IPUIPlugin:80 - create IPUIPlugin
2026-02-13 05:45:16,640 [INFO] PluginManager:220 - loadIPPluginJar : add gic
2026-02-13 05:45:16,651 [INFO] IPUIPlugin:80 - create IPUIPlugin
2026-02-13 05:45:16,652 [INFO] PluginManager:220 - loadIPPluginJar : add dma
2026-02-13 05:45:16,655 [INFO] IPUIPlugin:80 - create IPUIPlugin
2026-02-13 05:45:16,656 [INFO] PluginManager:220 - loadIPPluginJar : add can
2026-02-13 05:45:16,660 [INFO] IPUIPlugin:80 - create IPUIPlugin
2026-02-13 05:45:16,660 [INFO] PluginManager:220 - loadIPPluginJar : add openamp
2026-02-13 05:45:16,673 [INFO] IPUIPlugin:80 - create IPUIPlugin
2026-02-13 05:45:16,673 [INFO] PluginManager:220 - loadIPPluginJar : add stm32_wpan
2026-02-13 05:45:16,685 [INFO] IPUIPlugin:80 - create IPUIPlugin
2026-02-13 05:45:16,685 [INFO] PluginManager:220 - loadIPPluginJar : add adc
2026-02-13 05:45:16,821 [FATAL] Updater:351 - Updater called before beeing initialized
2026-02-13 05:45:16,874 [INFO] RulesReader:64 - Compatibility file has been processed (317 Rules)
2026-02-13 05:45:16,896 [INFO] RulesReader:64 - Compatibility file has been processed (317 Rules)
2026-02-13 05:45:16,910 [INFO] CADModel:165 - CPN selected for project level
2026-02-13 05:45:16,911 [INFO] CADModel:114 - Register for checkConnection events
2026-02-13 05:45:16,911 [FATAL] Updater:351 - Updater called before beeing initialized
2026-02-13 05:45:16,912 [ERROR] CADModel:125 - Updater not yet initialized, retry later 
2026-02-13 05:45:17,041 [ERROR] LogOutputStream:75 - [STDERR_REDIRECT] Feb 13, 2026 5:45:17 AM org.eclipse.lsp4j.jsonrpc.services.GenericEndpoint notify
2026-02-13 05:45:17,056 [ERROR] LogOutputStream:75 - [STDERR_REDIRECT] WARNING: Unsupported notification method: statusNotification
2026-02-13 05:45:17,057 [ERROR] LogOutputStream:75 - [STDERR_REDIRECT] 
2026-02-13 05:45:17,060 [ERROR] LogOutputStream:75 - [STDERR_REDIRECT] Feb 13, 2026 5:45:17 AM org.eclipse.lsp4j.jsonrpc.services.GenericEndpoint notify
2026-02-13 05:45:17,062 [ERROR] LogOutputStream:75 - [STDERR_REDIRECT] WARNING: Unsupported notification method: didChangeStatus
2026-02-13 05:45:17,063 [ERROR] LogOutputStream:75 - [STDERR_REDIRECT] 
2026-02-13 05:45:17,084 [ERROR] LogOutputStream:75 - [STDERR_REDIRECT] Feb 13, 2026 5:45:17 AM org.eclipse.lsp4j.jsonrpc.services.GenericEndpoint notify
2026-02-13 05:45:17,086 [ERROR] LogOutputStream:75 - [STDERR_REDIRECT] WARNING: Unsupported notification method: conversation/preconditionsNotification
2026-02-13 05:45:17,087 [ERROR] LogOutputStream:75 - [STDERR_REDIRECT] 
2026-02-13 05:45:17,318 [FATAL] Updater:351 - Updater called before beeing initialized
2026-02-13 05:45:17,323 [INFO] CADModel:165 - CPN selected for project level
2026-02-13 05:45:17,324 [INFO] CADModel:114 - Register for checkConnection events
2026-02-13 05:45:17,324 [FATAL] Updater:351 - Updater called before beeing initialized
2026-02-13 05:45:17,324 [ERROR] CADModel:125 - Updater not yet initialized, retry later 
2026-02-13 05:45:17,333 [FATAL] Updater:351 - Updater called before beeing initialized
2026-02-13 05:45:17,586 [FATAL] Updater:351 - Updater called before beeing initialized
2026-02-13 05:45:17,597 [INFO] DbMcusAds:53 - JSON generation date=Thu Jan 08 10:57:51 PET 2026 (1767887871456)
2026-02-13 05:45:17,597 [FATAL] Updater:351 - Updater called before beeing initialized
2026-02-13 05:45:17,744 [WARN] DetailPanel:346 - Failed to get advertising image, set to default
2026-02-13 05:45:18,024 [FATAL] Updater:351 - Updater called before beeing initialized
2026-02-13 05:45:18,029 [FATAL] Updater:351 - Updater called before beeing initialized
2026-02-13 05:45:18,029 [FATAL] Updater:351 - Updater called before beeing initialized
2026-02-13 05:45:18,030 [WARN] DetailPanel:346 - Failed to get advertising image, set to default
2026-02-13 05:45:18,033 [FATAL] Updater:351 - Updater called before beeing initialized
2026-02-13 05:45:18,136 [ERROR] Updater:1198 - MainUpdater not yet initialized. External WinMGr cannot be set.
2026-02-13 05:45:18,140 [INFO] Updater:1134 - Updater Version found : 6.15.0
2026-02-13 05:45:18,182 [INFO] ApplicationProperties:184 - Using Application install path: /opt/st/stm32cubeide_1.18.1/../../../home/tecna-smart-lab/.eclipse/com.st.stm32cube.ide.mcu.rcp.product_1.18.1_139067097_linux_gtk_x86_64/plugins/com.st.stm32cube.common.mx_6.15.0.202507011659
2026-02-13 05:45:18,312 [INFO] ThirdPartyUpdaterWithRetryManager:70 - Updater plugin not ready yet. [2/15]
2026-02-13 05:45:19,909 [INFO] MainUpdater:2872 - connection check result : 10
2026-02-13 05:45:19,910 [INFO] MainUpdater:289 - Updater Check For Update Now.
2026-02-13 05:45:19,911 [INFO] MicroXplorer:498 - Change Database Version : DB.6.0.150
2026-02-13 05:45:19,918 [INFO] McuFinderGlobals:63 - Set McuFinder mode to 2 (CubeIDE integrated)
2026-02-13 05:45:19,919 [INFO] UserAuth:487 - Internet connection configuration mode: 1
2026-02-13 05:45:19,949 [INFO] JxBrowserEngine:152 - Initiate JxBrowser Engine with user profile folder
2026-02-13 05:45:20,205 [INFO] CheckServerUpdateThread:120 - End of CheckServer Thread
2026-02-13 05:45:21,645 [INFO] WebApp:169 - Instantiating new browser for Auth
2026-02-13 05:45:21,662 [WARN] PackLoader:240 - Cannot read IP mode file for STMicroelectronics.FP-SNS-MOTENVWB1.1.4.0
2026-02-13 05:45:21,677 [WARN] PackLoader:240 - Cannot read IP mode file for STMicroelectronics.FP-ATR-ASTRA1.2.0.2
2026-02-13 05:45:21,693 [WARN] PackLoader:240 - Cannot read IP mode file for STMicroelectronics.X-CUBE-SMBUS.2.1.0
2026-02-13 05:45:21,703 [WARN] PackLoader:240 - Cannot read IP mode file for STMicroelectronics.X-CUBE-ST60.1.0.0
2026-02-13 05:45:21,769 [WARN] PackLoader:240 - Cannot read IP mode file for STMicroelectronics.X-CUBE-AZRTOS-F7.1.1.0
2026-02-13 05:45:21,791 [WARN] PackLoader:240 - Cannot read IP mode file for STMicroelectronics.FP-SNS-MOTENV1.5.1.0
2026-02-13 05:45:21,857 [WARN] PackLoader:240 - Cannot read IP mode file for Infineon.AIROC-Wi-Fi-Bluetooth-STM32.1.7.0
2026-02-13 05:45:22,222 [WARN] PackLoader:240 - Cannot read IP mode file for STMicroelectronics.X-CUBE-AZRTOS-H7.3.4.0
2026-02-13 05:45:22,246 [WARN] PackLoader:240 - Cannot read IP mode file for STMicroelectronics.X-CUBE-DISPLAY.3.0.0
2026-02-13 05:45:22,346 [WARN] PackLoader:240 - Cannot read IP mode file for STMicroelectronics.X-CUBE-NFC10.1.0.0
2026-02-13 05:45:22,437 [WARN] PackLoader:240 - Cannot read IP mode file for STMicroelectronics.X-CUBE-BLEMGR.4.0.0
2026-02-13 05:45:22,453 [WARN] PackLoader:240 - Cannot read IP mode file for STMicroelectronics.X-CUBE-ST60.1.1.0
2026-02-13 05:45:22,464 [WARN] PackLoader:240 - Cannot read IP mode file for emotas.I-CUBE-CANOPEN.1.3.0
2026-02-13 05:45:22,473 [WARN] PackLoader:240 - Cannot read IP mode file for STMicroelectronics.X-CUBE-GNSS1.7.1.0
2026-02-13 05:45:22,482 [WARN] ConditionMgr:438 - getConditionDescription Invalid condition id : Cortex-A Device cause : null
2026-02-13 05:45:22,495 [WARN] ConditionMgr:1044 - genDependencies : Invalid condition id : Cortex-A Device cause : null
2026-02-13 05:45:22,495 [WARN] ConditionMgr:1044 - genDependencies : Invalid condition id : Cortex-A Device cause : null
2026-02-13 05:45:22,496 [WARN] ConditionMgr:1044 - genDependencies : Invalid condition id : Cortex-A Device cause : null
2026-02-13 05:45:22,501 [WARN] PackLoader:240 - Cannot read IP mode file for STMicroelectronics.X-CUBE-AI.10.0.0
2026-02-13 05:45:22,515 [WARN] PackLoader:240 - Cannot read IP mode file for STMicroelectronics.FP-SNS-STBOX1.2.1.0
2026-02-13 05:45:22,526 [WARN] PackLoader:240 - Cannot read IP mode file for STMicroelectronics.FP-SNS-SMARTAG2.1.2.0
2026-02-13 05:45:22,534 [WARN] PackLoader:240 - Cannot read IP mode file for STMicroelectronics.FP-SNS-FLIGHT1.5.1.0
2026-02-13 05:45:22,551 [INFO] LogOutputStream:77 - [STDOUT_REDIRECT] 1 : Invalid condition id : UX_CORESTACK_Condition cause : null
2026-02-13 05:45:22,552 [INFO] LogOutputStream:77 - [STDOUT_REDIRECT] 1 : Invalid condition id : UX_CORESTACK_Condition cause : null
2026-02-13 05:45:22,553 [INFO] LogOutputStream:77 - [STDOUT_REDIRECT] 1 : Invalid condition id : UX_CORESTACK_Condition cause : null
2026-02-13 05:45:22,554 [INFO] LogOutputStream:77 - [STDOUT_REDIRECT] 1 : Invalid condition id : UX_CORESTACK_Condition cause : null
2026-02-13 05:45:22,554 [INFO] LogOutputStream:77 - [STDOUT_REDIRECT] 1 : Invalid condition id : UX_CORESTACK_Condition cause : null
2026-02-13 05:45:22,561 [WARN] PackLoader:240 - Cannot read IP mode file for STMicroelectronics.X-CUBE-AZRTOS-WL.2.0.0
2026-02-13 05:45:22,571 [WARN] PackLoader:240 - Cannot read IP mode file for STMicroelectronics.FP-SNS-MOTENV1.5.0.0
2026-02-13 05:45:22,604 [WARN] PackLoader:240 - Cannot read IP mode file for STMicroelectronics.X-CUBE-AZRTOS-H7RS.1.2.0
2026-02-13 05:45:22,621 [WARN] PackLoader:240 - Cannot read IP mode file for WES.I-CUBE-Cesium.1.3.0
2026-02-13 05:45:22,631 [WARN] PackLoader:240 - Cannot read IP mode file for STMicroelectronics.X-CUBE-BLE2.3.3.0
2026-02-13 05:45:22,654 [WARN] PackLoader:240 - Cannot read IP mode file for STMicroelectronics.X-CUBE-NFC9.1.0.0
2026-02-13 05:45:22,717 [WARN] PackLoader:240 - Cannot read IP mode file for STMicroelectronics.X-CUBE-BLE1.7.1.0
2026-02-13 05:45:22,724 [WARN] PackLoader:240 - Cannot read IP mode file for wolfSSL.I-CUBE-wolfMQTT.1.19.2
2026-02-13 05:45:22,732 [WARN] PackLoader:240 - Cannot read IP mode file for STMicroelectronics.X-CUBE-FREERTOS.1.4.0
2026-02-13 05:45:22,743 [WARN] PackLoader:240 - Cannot read IP mode file for STMicroelectronics.X-CUBE-EEPRMA1.5.2.0
2026-02-13 05:45:22,799 [WARN] PackLoader:240 - Cannot read IP mode file for STMicroelectronics.X-CUBE-ST67W61.1.1.0
2026-02-13 05:45:22,808 [WARN] PackLoader:240 - Cannot read IP mode file for STMicroelectronics.X-CUBE-AI.10.1.0
2026-02-13 05:45:22,921 [WARN] PackLoader:240 - Cannot read IP mode file for STMicroelectronics.X-CUBE-MEMS1.12.0.0
2026-02-13 05:45:23,359 [WARN] PackLoader:240 - Cannot read IP mode file for STMicroelectronics.X-CUBE-MEMS1.11.2.0
2026-02-13 05:45:23,431 [INFO] WebApp:463 - Apply proxy settings
2026-02-13 05:45:23,432 [INFO] WebApp:548 - Chromium requires no authentication
2026-02-13 05:45:23,450 [INFO] WebApp:491 - Direct internet connection detected
2026-02-13 05:45:23,495 [INFO] WebApp:900 - Register for checkConnection events
2026-02-13 05:45:23,496 [INFO] WebApp:463 - Apply proxy settings
2026-02-13 05:45:23,496 [INFO] WebApp:548 - Chromium requires no authentication
2026-02-13 05:45:23,499 [INFO] WebApp:491 - Direct internet connection detected
2026-02-13 05:45:23,590 [WARN] PackLoader:240 - Cannot read IP mode file for STMicroelectronics.X-CUBE-AZRTOS-G0.1.1.0
2026-02-13 05:45:23,601 [WARN] PackLoader:240 - Cannot read IP mode file for STMicroelectronics.X-CUBE-SAFEA1.1.2.2
2026-02-13 05:45:23,609 [WARN] PackLoader:240 - Cannot read IP mode file for STMicroelectronics.X-CUBE-NFC4.3.0.0
2026-02-13 05:45:23,684 [WARN] PackLoader:240 - Cannot read IP mode file for EmbeddedOffice.I-CUBE-FS-RTOS.1.0.1
2026-02-13 05:45:23,699 [WARN] PackLoader:240 - Cannot read IP mode file for STMicroelectronics.X-CUBE-WB05N.2.0.0
2026-02-13 05:45:23,714 [WARN] PackLoader:240 - Cannot read IP mode file for wolfSSL.I-CUBE-wolfTPM.3.8.0
2026-02-13 05:45:23,728 [WARN] PackLoader:240 - Cannot read IP mode file for STMicroelectronics.X-CUBE-TCPP.4.2.0
2026-02-13 05:45:23,744 [WARN] PackLoader:240 - Cannot read IP mode file for RealThread.X-CUBE-RT-Thread_Nano.4.1.1
2026-02-13 05:45:23,771 [INFO] WebApp:191 - Connection restablished
2026-02-13 05:45:23,812 [WARN] PackLoader:240 - Cannot read IP mode file for STMicroelectronics.FP-ATR-SIGFOX1.3.2.0
2026-02-13 05:45:23,821 [WARN] PackLoader:240 - Cannot read IP mode file for STMicroelectronics.X-CUBE-EEPRMA1.5.1.0
2026-02-13 05:45:23,832 [WARN] PackLoader:240 - Cannot read IP mode file for wolfSSL.I-CUBE-wolfSSL.5.7.6
2026-02-13 05:45:23,844 [WARN] PackLoader:240 - Cannot read IP mode file for ITTIA_DB.I-CUBE-ITTIADB.8.9.0
2026-02-13 05:45:23,855 [WARN] PackLoader:240 - Cannot read IP mode file for STMicroelectronics.X-CUBE-NFC6.3.2.0
2026-02-13 05:45:23,868 [WARN] PackLoader:240 - Cannot read IP mode file for STMicroelectronics.X-CUBE-ST67W61.1.0.0
2026-02-13 05:45:23,872 [WARN] PackLoader:240 - Cannot read IP mode file for STMicroelectronics.X-CUBE-AI.10.2.0
2026-02-13 05:45:23,938 [WARN] PackLoader:240 - Cannot read IP mode file for SEGGER.I-CUBE-embOS.1.3.1
2026-02-13 05:45:23,958 [INFO] WebApp:225 - Starting web application
2026-02-13 05:45:23,958 [INFO] WebApp:593 - Web application path used /opt/st/stm32cubeide_1.18.1/../../../home/tecna-smart-lab/.eclipse/com.st.stm32cube.ide.mcu.rcp.product_1.18.1_139067097_linux_gtk_x86_64/plugins/com.st.stm32cube.common.mx_6.15.0.202507011659/db/plugins/mcufinder/reactClient1/index.html
2026-02-13 05:45:24,013 [WARN] PackLoader:240 - Cannot read IP mode file for STMicroelectronics.X-CUBE-ALGOBUILD.1.4.0
2026-02-13 05:45:24,082 [WARN] PackLoader:240 - Cannot read IP mode file for STMicroelectronics.X-CUBE-MEMS1.11.3.0
2026-02-13 05:45:24,229 [INFO] UserAuth:487 - Internet connection configuration mode: 1
2026-02-13 05:45:24,360 [WARN] PackLoader:240 - Cannot read IP mode file for STMicroelectronics.X-CUBE-PM33A1.1.0.0
2026-02-13 05:45:24,395 [WARN] PackLoader:240 - Cannot read IP mode file for STMicroelectronics.X-CUBE-AZRTOS-F4.1.1.0
2026-02-13 05:45:24,694 [WARN] PackLoader:240 - Cannot read IP mode file for Avnet-IotConnect.X-CUBE-IoTC-DA16k-PMOD.1.0.0
2026-02-13 05:45:24,708 [WARN] PackLoader:240 - Cannot read IP mode file for STMicroelectronics.X-CUBE-ISPU.2.1.0
2026-02-13 05:45:24,736 [WARN] PackLoader:240 - Cannot read IP mode file for STMicroelectronics.X-CUBE-IPS.3.2.0
2026-02-13 05:45:24,774 [WARN] PackLoader:240 - Cannot read IP mode file for STMicroelectronics.X-CUBE-NFC12.1.0.0
2026-02-13 05:45:24,869 [WARN] PackLoader:240 - Cannot read IP mode file for STMicroelectronics.X-CUBE-AZRTOS-L5.2.0.0
2026-02-13 05:45:24,889 [WARN] PackLoader:240 - Cannot read IP mode file for STMicroelectronics.X-CUBE-NFC6.3.1.0
2026-02-13 05:45:24,952 [WARN] PackLoader:240 - Cannot read IP mode file for STMicroelectronics.X-CUBE-FREERTOS.1.3.1
2026-02-13 05:45:25,002 [WARN] PackLoader:240 - Cannot read IP mode file for STMicroelectronics.X-CUBE-FREERTOS.1.3.0
2026-02-13 05:45:25,038 [WARN] PackLoader:240 - Cannot read IP mode file for STMicroelectronics.X-CUBE-NFC7.1.0.1
2026-02-13 05:45:25,047 [WARN] PackLoader:240 - Cannot read IP mode file for STMicroelectronics.X-CUBE-TOUCHGFX.4.26.0
2026-02-13 05:45:25,055 [WARN] PackLoader:240 - Cannot read IP mode file for STMicroelectronics.FP-SNS-STAIOTCFT.1.0.0
2026-02-13 05:45:25,060 [WARN] PackLoader:240 - Cannot read IP mode file for STMicroelectronics.X-CUBE-DPower.1.3.0
2026-02-13 05:45:25,089 [WARN] ConditionMgr:438 - getConditionDescription Invalid condition id : LAN8742 Phy interface Condition cause : null
2026-02-13 05:45:25,090 [WARN] PackLoader:240 - Cannot read IP mode file for STMicroelectronics.X-CUBE-AZRTOS-L4.2.0.0
2026-02-13 05:45:25,093 [WARN] ConditionMgr:1044 - genDependencies : Invalid condition id : LAN8742 Phy interface Condition cause : null
2026-02-13 05:45:25,094 [WARN] ConditionMgr:1044 - genDependencies : Invalid condition id : LAN8742 Phy interface Condition cause : null
2026-02-13 05:45:25,097 [WARN] ConditionMgr:1044 - genDependencies : Invalid condition id : LAN8742 Phy interface Condition cause : null
2026-02-13 05:45:25,108 [WARN] PackLoader:240 - Cannot read IP mode file for STMicroelectronics.X-CUBE-SFXS2LP1.4.0.0
2026-02-13 05:45:25,136 [WARN] PackLoader:240 - Cannot read IP mode file for STMicroelectronics.X-CUBE-ST67W61.1.2.0
2026-02-13 05:45:25,169 [WARN] PackLoader:240 - Cannot read IP mode file for STMicroelectronics.X-CUBE-AZRTOS-H7.3.3.0
2026-02-13 05:45:25,290 [WARN] PackLoader:240 - Cannot read IP mode file for STMicroelectronics.X-CUBE-BLEMGR.4.1.0
2026-02-13 05:45:25,306 [WARN] ConditionMgr:438 - getConditionDescription Invalid condition id : UX DEVICE CLASS RTOS Condition cause : null
2026-02-13 05:45:25,307 [WARN] ConditionMgr:438 - getConditionDescription Invalid condition id : UX DEVICE CLASS RTOS Condition cause : null
2026-02-13 05:45:25,309 [WARN] PackLoader:240 - Cannot read IP mode file for STMicroelectronics.X-CUBE-AZRTOS-WB.2.0.0
2026-02-13 05:45:25,310 [WARN] ConditionMgr:1044 - genDependencies : Invalid condition id : UX DEVICE CLASS RTOS Condition cause : null
2026-02-13 05:45:25,310 [WARN] ConditionMgr:1044 - genDependencies : Invalid condition id : UX DEVICE CLASS RTOS Condition cause : null
2026-02-13 05:45:25,311 [WARN] ConditionMgr:1044 - genDependencies : Invalid condition id : UX DEVICE CLASS RTOS Condition cause : null
2026-02-13 05:45:25,312 [WARN] ConditionMgr:1044 - genDependencies : Invalid condition id : UX DEVICE CLASS RTOS Condition cause : null
2026-02-13 05:45:25,312 [WARN] ConditionMgr:1044 - genDependencies : Invalid condition id : UX DEVICE CLASS RTOS Condition cause : null
2026-02-13 05:45:25,316 [WARN] ConditionMgr:438 - getConditionDescription Invalid condition id : UX DEVICE CLASS RTOS Condition cause : null
2026-02-13 05:45:25,317 [WARN] ConditionMgr:438 - getConditionDescription Invalid condition id : UX DEVICE CLASS RTOS Condition cause : null
2026-02-13 05:45:25,406 [WARN] PackLoader:240 - Cannot read IP mode file for STMicroelectronics.X-CUBE-GNSS1.7.0.1
2026-02-13 05:45:25,440 [WARN] PackLoader:240 - Cannot read IP mode file for STMicroelectronics.X-CUBE-TOUCHGFX.4.25.0
2026-02-13 05:45:25,448 [WARN] PackLoader:240 - Cannot read IP mode file for STMicroelectronics.FP-SNS-STBOX1.2.0.0
2026-02-13 05:45:25,456 [WARN] PackLoader:240 - Cannot read IP mode file for STMicroelectronics.X-CUBE-STSE01.2.0.0
2026-02-13 05:45:25,469 [WARN] PackLoader:240 - Cannot read IP mode file for STMicroelectronics.X-CUBE-SUBG2.5.0.0
2026-02-13 05:45:25,493 [WARN] PackLoader:240 - Cannot read IP mode file for STMicroelectronics.X-CUBE-AZRTOS-H7RS.1.1.0
2026-02-13 05:45:25,501 [WARN] PackLoader:240 - Cannot read IP mode file for Cesanta.I-CUBE-Mongoose.7.13.0
2026-02-13 05:45:25,541 [WARN] PackLoader:240 - Cannot read IP mode file for STMicroelectronics.X-CUBE-AZRTOS-G4.2.0.0
2026-02-13 05:45:25,633 [WARN] PackLoader:240 - Cannot read IP mode file for wolfSSL.I-CUBE-wolfSSH.1.4.20
2026-02-13 05:45:25,638 [WARN] PackLoader:240 - Cannot read IP mode file for STMicroelectronics.X-CUBE-NFC7.2.0.0
2026-02-13 05:45:25,684 [WARN] PackLoader:240 - Cannot read IP mode file for STMicroelectronics.X-CUBE-IPS.3.1.0
2026-02-13 05:45:25,704 [WARN] PackLoader:240 - Cannot read IP mode file for STMicroelectronics.X-CUBE-ALS.1.0.2
2026-02-13 05:45:25,718 [WARN] PackLoader:240 - Cannot read IP mode file for STMicroelectronics.X-CUBE-STSE01.1.0.0
2026-02-13 05:45:25,724 [WARN] PackLoader:240 - Cannot read IP mode file for portGmbH.I-Cube-SoM-uGOAL.1.1.0
2026-02-13 05:45:25,771 [WARN] PackLoader:240 - Cannot read IP mode file for STMicroelectronics.X-CUBE-TOF1.3.4.3
2026-02-13 05:45:25,792 [INFO] ThirdParty:978 - Integrity check success = true
2026-02-13 05:45:25,793 [INFO] IntegrityCheckThread:100 - exiting critical section [integrity check]
2026-02-13 05:45:25,793 [INFO] IntegrityCheckThread:103 - End integrity checks thread
2026-02-13 05:59:03,439 [ERROR] LogOutputStream:75 - [STDERR_REDIRECT] Feb 13, 2026 5:59:03 AM org.eclipse.lsp4j.jsonrpc.services.GenericEndpoint notify
2026-02-13 05:59:03,440 [ERROR] LogOutputStream:75 - [STDERR_REDIRECT] WARNING: Unsupported notification method: statusNotification
2026-02-13 05:59:03,441 [ERROR] LogOutputStream:75 - [STDERR_REDIRECT] 
2026-02-13 05:59:03,443 [ERROR] LogOutputStream:75 - [STDERR_REDIRECT] Feb 13, 2026 5:59:03 AM org.eclipse.lsp4j.jsonrpc.services.GenericEndpoint notify
2026-02-13 05:59:03,444 [ERROR] LogOutputStream:75 - [STDERR_REDIRECT] WARNING: Unsupported notification method: didChangeStatus
2026-02-13 05:59:03,444 [ERROR] LogOutputStream:75 - [STDERR_REDIRECT] 
2026-02-13 05:59:04,755 [ERROR] LogOutputStream:75 - [STDERR_REDIRECT] Feb 13, 2026 5:59:04 AM org.eclipse.lsp4j.jsonrpc.services.GenericEndpoint notify
2026-02-13 05:59:04,755 [ERROR] LogOutputStream:75 - [STDERR_REDIRECT] WARNING: Unsupported notification method: statusNotification
2026-02-13 05:59:04,756 [ERROR] LogOutputStream:75 - [STDERR_REDIRECT] 
2026-02-13 05:59:04,757 [ERROR] LogOutputStream:75 - [STDERR_REDIRECT] Feb 13, 2026 5:59:04 AM org.eclipse.lsp4j.jsonrpc.services.GenericEndpoint notify
2026-02-13 05:59:04,758 [ERROR] LogOutputStream:75 - [STDERR_REDIRECT] WARNING: Unsupported notification method: didChangeStatus
2026-02-13 05:59:04,758 [ERROR] LogOutputStream:75 - [STDERR_REDIRECT] 
2026-02-13 06:13:20,716 [ERROR] LogOutputStream:75 - [STDERR_REDIRECT] Feb 13, 2026 6:13:20 AM org.eclipse.lsp4j.jsonrpc.services.GenericEndpoint notify
2026-02-13 06:13:20,717 [ERROR] LogOutputStream:75 - [STDERR_REDIRECT] WARNING: Unsupported notification method: statusNotification
2026-02-13 06:13:20,717 [ERROR] LogOutputStream:75 - [STDERR_REDIRECT] 
2026-02-13 06:13:20,718 [ERROR] LogOutputStream:75 - [STDERR_REDIRECT] Feb 13, 2026 6:13:20 AM org.eclipse.lsp4j.jsonrpc.services.GenericEndpoint notify
2026-02-13 06:13:20,719 [ERROR] LogOutputStream:75 - [STDERR_REDIRECT] WARNING: Unsupported notification method: didChangeStatus
2026-02-13 06:13:20,719 [ERROR] LogOutputStream:75 - [STDERR_REDIRECT] 
2026-02-13 06:13:22,079 [ERROR] LogOutputStream:75 - [STDERR_REDIRECT] Feb 13, 2026 6:13:22 AM org.eclipse.lsp4j.jsonrpc.services.GenericEndpoint notify
2026-02-13 06:13:22,079 [ERROR] LogOutputStream:75 - [STDERR_REDIRECT] WARNING: Unsupported notification method: statusNotification
2026-02-13 06:13:22,079 [ERROR] LogOutputStream:75 - [STDERR_REDIRECT] 
2026-02-13 06:13:22,080 [ERROR] LogOutputStream:75 - [STDERR_REDIRECT] Feb 13, 2026 6:13:22 AM org.eclipse.lsp4j.jsonrpc.services.GenericEndpoint notify
2026-02-13 06:13:22,080 [ERROR] LogOutputStream:75 - [STDERR_REDIRECT] WARNING: Unsupported notification method: didChangeStatus
2026-02-13 06:13:22,080 [ERROR] LogOutputStream:75 - [STDERR_REDIRECT] 
2026-02-13 06:21:16,727 [ERROR] LogOutputStream:75 - [STDERR_REDIRECT] Feb 13, 2026 6:21:16 AM org.eclipse.lsp4j.jsonrpc.services.GenericEndpoint notify
2026-02-13 06:21:16,727 [ERROR] LogOutputStream:75 - [STDERR_REDIRECT] WARNING: Unsupported notification method: statusNotification
2026-02-13 06:21:16,728 [ERROR] LogOutputStream:75 - [STDERR_REDIRECT] 
2026-02-13 06:21:16,729 [ERROR] LogOutputStream:75 - [STDERR_REDIRECT] Feb 13, 2026 6:21:16 AM org.eclipse.lsp4j.jsonrpc.services.GenericEndpoint notify
2026-02-13 06:21:16,730 [ERROR] LogOutputStream:75 - [STDERR_REDIRECT] WARNING: Unsupported notification method: didChangeStatus
2026-02-13 06:21:16,730 [ERROR] LogOutputStream:75 - [STDERR_REDIRECT] 
2026-02-13 06:21:17,842 [ERROR] LogOutputStream:75 - [STDERR_REDIRECT] Feb 13, 2026 6:21:17 AM org.eclipse.lsp4j.jsonrpc.services.GenericEndpoint notify
2026-02-13 06:21:17,843 [ERROR] LogOutputStream:75 - [STDERR_REDIRECT] WARNING: Unsupported notification method: statusNotification
2026-02-13 06:21:17,843 [ERROR] LogOutputStream:75 - [STDERR_REDIRECT] 
2026-02-13 06:21:17,845 [ERROR] LogOutputStream:75 - [STDERR_REDIRECT] Feb 13, 2026 6:21:17 AM org.eclipse.lsp4j.jsonrpc.services.GenericEndpoint notify
2026-02-13 06:21:17,845 [ERROR] LogOutputStream:75 - [STDERR_REDIRECT] WARNING: Unsupported notification method: didChangeStatus
2026-02-13 06:21:17,846 [ERROR] LogOutputStream:75 - [STDERR_REDIRECT] 
2026-02-13 15:20:11,803 [INFO] WebApp:194 - Connection lost
2026-02-13 15:20:15,821 [INFO] WebApp:191 - Connection restablished
2026-02-13 15:20:17,758 [INFO] WebApp:194 - Connection lost
2026-02-13 15:20:17,896 [INFO] WebApp:191 - Connection restablished
2026-02-13 15:20:23,454 [INFO] WebApp:194 - Connection lost
2026-02-13 15:20:23,582 [INFO] WebApp:191 - Connection restablished
2026-02-13 17:55:17,137 [ERROR] LogOutputStream:75 - [STDERR_REDIRECT] Feb 13, 2026 5:55:17 PM org.eclipse.lsp4j.jsonrpc.services.GenericEndpoint notify
2026-02-13 17:55:17,138 [ERROR] LogOutputStream:75 - [STDERR_REDIRECT] WARNING: Unsupported notification method: statusNotification
2026-02-13 17:55:17,139 [ERROR] LogOutputStream:75 - [STDERR_REDIRECT] 
2026-02-13 17:55:17,142 [ERROR] LogOutputStream:75 - [STDERR_REDIRECT] Feb 13, 2026 5:55:17 PM org.eclipse.lsp4j.jsonrpc.services.GenericEndpoint notify
2026-02-13 17:55:17,143 [ERROR] LogOutputStream:75 - [STDERR_REDIRECT] WARNING: Unsupported notification method: didChangeStatus
2026-02-13 17:55:17,144 [ERROR] LogOutputStream:75 - [STDERR_REDIRECT] 
2026-02-13 17:55:18,643 [ERROR] LogOutputStream:75 - [STDERR_REDIRECT] Feb 13, 2026 5:55:18 PM org.eclipse.lsp4j.jsonrpc.services.GenericEndpoint notify
2026-02-13 17:55:18,645 [ERROR] LogOutputStream:75 - [STDERR_REDIRECT] WARNING: Unsupported notification method: statusNotification
2026-02-13 17:55:18,646 [ERROR] LogOutputStream:75 - [STDERR_REDIRECT] 
2026-02-13 17:55:18,648 [ERROR] LogOutputStream:75 - [STDERR_REDIRECT] Feb 13, 2026 5:55:18 PM org.eclipse.lsp4j.jsonrpc.services.GenericEndpoint notify
2026-02-13 17:55:18,649 [ERROR] LogOutputStream:75 - [STDERR_REDIRECT] WARNING: Unsupported notification method: didChangeStatus
2026-02-13 17:55:18,650 [ERROR] LogOutputStream:75 - [STDERR_REDIRECT] 
2026-02-13 17:55:18,751 [ERROR] LogOutputStream:75 - [STDERR_REDIRECT] Feb 13, 2026 5:55:18 PM org.eclipse.lsp4j.jsonrpc.services.GenericEndpoint notify
2026-02-13 17:55:18,752 [ERROR] LogOutputStream:75 - [STDERR_REDIRECT] WARNING: Unsupported notification method: statusNotification
2026-02-13 17:55:18,753 [ERROR] LogOutputStream:75 - [STDERR_REDIRECT] 
2026-02-13 17:55:18,754 [ERROR] LogOutputStream:75 - [STDERR_REDIRECT] Feb 13, 2026 5:55:18 PM org.eclipse.lsp4j.jsonrpc.services.GenericEndpoint notify
2026-02-13 17:55:18,757 [ERROR] LogOutputStream:75 - [STDERR_REDIRECT] WARNING: Unsupported notification method: didChangeStatus
2026-02-13 17:55:18,758 [ERROR] LogOutputStream:75 - [STDERR_REDIRECT] 
2026-02-13 17:55:19,528 [ERROR] LogOutputStream:75 - [STDERR_REDIRECT] Feb 13, 2026 5:55:19 PM org.eclipse.lsp4j.jsonrpc.services.GenericEndpoint notify
2026-02-13 17:55:19,528 [ERROR] LogOutputStream:75 - [STDERR_REDIRECT] WARNING: Unsupported notification method: statusNotification
2026-02-13 17:55:19,528 [ERROR] LogOutputStream:75 - [STDERR_REDIRECT] 
2026-02-13 17:55:19,530 [ERROR] LogOutputStream:75 - [STDERR_REDIRECT] Feb 13, 2026 5:55:19 PM org.eclipse.lsp4j.jsonrpc.services.GenericEndpoint notify
2026-02-13 17:55:19,530 [ERROR] LogOutputStream:75 - [STDERR_REDIRECT] WARNING: Unsupported notification method: didChangeStatus
2026-02-13 17:55:19,531 [ERROR] LogOutputStream:75 - [STDERR_REDIRECT] 
2026-02-13 17:55:19,650 [ERROR] LogOutputStream:75 - [STDERR_REDIRECT] Feb 13, 2026 5:55:19 PM org.eclipse.lsp4j.jsonrpc.services.GenericEndpoint notify
2026-02-13 17:55:19,652 [ERROR] LogOutputStream:75 - [STDERR_REDIRECT] WARNING: Unsupported notification method: statusNotification
2026-02-13 17:55:19,653 [ERROR] LogOutputStream:75 - [STDERR_REDIRECT] 
2026-02-13 17:55:19,655 [ERROR] LogOutputStream:75 - [STDERR_REDIRECT] Feb 13, 2026 5:55:19 PM org.eclipse.lsp4j.jsonrpc.services.GenericEndpoint notify
2026-02-13 17:55:19,656 [ERROR] LogOutputStream:75 - [STDERR_REDIRECT] WARNING: Unsupported notification method: didChangeStatus
2026-02-13 17:55:19,656 [ERROR] LogOutputStream:75 - [STDERR_REDIRECT] 
2026-02-13 17:55:20,163 [ERROR] LogOutputStream:75 - [STDERR_REDIRECT] Feb 13, 2026 5:55:20 PM org.eclipse.lsp4j.jsonrpc.services.GenericEndpoint notify
2026-02-13 17:55:20,164 [ERROR] LogOutputStream:75 - [STDERR_REDIRECT] WARNING: Unsupported notification method: statusNotification
2026-02-13 17:55:20,164 [ERROR] LogOutputStream:75 - [STDERR_REDIRECT] 
2026-02-13 17:55:20,166 [ERROR] LogOutputStream:75 - [STDERR_REDIRECT] Feb 13, 2026 5:55:20 PM org.eclipse.lsp4j.jsonrpc.services.GenericEndpoint notify
2026-02-13 17:55:20,167 [ERROR] LogOutputStream:75 - [STDERR_REDIRECT] WARNING: Unsupported notification method: didChangeStatus
2026-02-13 17:55:20,167 [ERROR] LogOutputStream:75 - [STDERR_REDIRECT] 
2026-02-13 17:55:21,866 [ERROR] LogOutputStream:75 - [STDERR_REDIRECT] Feb 13, 2026 5:55:21 PM org.eclipse.lsp4j.jsonrpc.services.GenericEndpoint notify
2026-02-13 17:55:21,866 [ERROR] LogOutputStream:75 - [STDERR_REDIRECT] WARNING: Unsupported notification method: statusNotification
2026-02-13 17:55:21,866 [ERROR] LogOutputStream:75 - [STDERR_REDIRECT] 
2026-02-13 17:55:21,867 [ERROR] LogOutputStream:75 - [STDERR_REDIRECT] Feb 13, 2026 5:55:21 PM org.eclipse.lsp4j.jsonrpc.services.GenericEndpoint notify
2026-02-13 17:55:21,868 [ERROR] LogOutputStream:75 - [STDERR_REDIRECT] WARNING: Unsupported notification method: didChangeStatus
2026-02-13 17:55:21,868 [ERROR] LogOutputStream:75 - [STDERR_REDIRECT] 
2026-02-13 17:55:21,869 [ERROR] LogOutputStream:75 - [STDERR_REDIRECT] Feb 13, 2026 5:55:21 PM org.eclipse.lsp4j.jsonrpc.services.GenericEndpoint notify
2026-02-13 17:55:21,869 [ERROR] LogOutputStream:75 - [STDERR_REDIRECT] WARNING: Unsupported notification method: statusNotification
2026-02-13 17:55:21,869 [ERROR] LogOutputStream:75 - [STDERR_REDIRECT] 
2026-02-13 17:55:21,870 [ERROR] LogOutputStream:75 - [STDERR_REDIRECT] Feb 13, 2026 5:55:21 PM org.eclipse.lsp4j.jsonrpc.services.GenericEndpoint notify
2026-02-13 17:55:21,873 [ERROR] LogOutputStream:75 - [STDERR_REDIRECT] WARNING: Unsupported notification method: didChangeStatus
2026-02-13 17:55:21,874 [ERROR] LogOutputStream:75 - [STDERR_REDIRECT] 
2026-02-13 17:55:22,180 [ERROR] LogOutputStream:75 - [STDERR_REDIRECT] Feb 13, 2026 5:55:22 PM org.eclipse.lsp4j.jsonrpc.services.GenericEndpoint notify
2026-02-13 17:55:22,180 [ERROR] LogOutputStream:75 - [STDERR_REDIRECT] WARNING: Unsupported notification method: statusNotification
2026-02-13 17:55:22,180 [ERROR] LogOutputStream:75 - [STDERR_REDIRECT] 
2026-02-13 17:55:22,181 [ERROR] LogOutputStream:75 - [STDERR_REDIRECT] Feb 13, 2026 5:55:22 PM org.eclipse.lsp4j.jsonrpc.services.GenericEndpoint notify
2026-02-13 17:55:22,182 [ERROR] LogOutputStream:75 - [STDERR_REDIRECT] WARNING: Unsupported notification method: didChangeStatus
2026-02-13 17:55:22,182 [ERROR] LogOutputStream:75 - [STDERR_REDIRECT] 
2026-02-13 17:55:22,183 [ERROR] LogOutputStream:75 - [STDERR_REDIRECT] Feb 13, 2026 5:55:22 PM org.eclipse.lsp4j.jsonrpc.services.GenericEndpoint notify
2026-02-13 17:55:22,183 [ERROR] LogOutputStream:75 - [STDERR_REDIRECT] WARNING: Unsupported notification method: statusNotification
2026-02-13 17:55:22,183 [ERROR] LogOutputStream:75 - [STDERR_REDIRECT] 
2026-02-13 17:55:22,184 [ERROR] LogOutputStream:75 - [STDERR_REDIRECT] Feb 13, 2026 5:55:22 PM org.eclipse.lsp4j.jsonrpc.services.GenericEndpoint notify
2026-02-13 17:55:22,185 [ERROR] LogOutputStream:75 - [STDERR_REDIRECT] WARNING: Unsupported notification method: didChangeStatus
2026-02-13 17:55:22,185 [ERROR] LogOutputStream:75 - [STDERR_REDIRECT] 
2026-02-13 17:55:22,314 [ERROR] LogOutputStream:75 - [STDERR_REDIRECT] Feb 13, 2026 5:55:22 PM org.eclipse.lsp4j.jsonrpc.services.GenericEndpoint notify
2026-02-13 17:55:22,314 [ERROR] LogOutputStream:75 - [STDERR_REDIRECT] WARNING: Unsupported notification method: statusNotification
2026-02-13 17:55:22,314 [ERROR] LogOutputStream:75 - [STDERR_REDIRECT] 
2026-02-13 17:55:22,316 [ERROR] LogOutputStream:75 - [STDERR_REDIRECT] Feb 13, 2026 5:55:22 PM org.eclipse.lsp4j.jsonrpc.services.GenericEndpoint notify
2026-02-13 17:55:22,316 [ERROR] LogOutputStream:75 - [STDERR_REDIRECT] WARNING: Unsupported notification method: didChangeStatus
2026-02-13 17:55:22,316 [ERROR] LogOutputStream:75 - [STDERR_REDIRECT] 
2026-02-13 17:55:22,317 [ERROR] LogOutputStream:75 - [STDERR_REDIRECT] Feb 13, 2026 5:55:22 PM org.eclipse.lsp4j.jsonrpc.services.GenericEndpoint notify
2026-02-13 17:55:22,318 [ERROR] LogOutputStream:75 - [STDERR_REDIRECT] WARNING: Unsupported notification method: statusNotification
2026-02-13 17:55:22,318 [ERROR] LogOutputStream:75 - [STDERR_REDIRECT] 
2026-02-13 17:55:22,319 [ERROR] LogOutputStream:75 - [STDERR_REDIRECT] Feb 13, 2026 5:55:22 PM org.eclipse.lsp4j.jsonrpc.services.GenericEndpoint notify
2026-02-13 17:55:22,319 [ERROR] LogOutputStream:75 - [STDERR_REDIRECT] WARNING: Unsupported notification method: didChangeStatus
2026-02-13 17:55:22,319 [ERROR] LogOutputStream:75 - [STDERR_REDIRECT] 
2026-02-13 17:55:22,532 [ERROR] LogOutputStream:75 - [STDERR_REDIRECT] Feb 13, 2026 5:55:22 PM org.eclipse.lsp4j.jsonrpc.services.GenericEndpoint notify
2026-02-13 17:55:22,532 [ERROR] LogOutputStream:75 - [STDERR_REDIRECT] WARNING: Unsupported notification method: statusNotification
2026-02-13 17:55:22,533 [ERROR] LogOutputStream:75 - [STDERR_REDIRECT] 
2026-02-13 17:55:22,533 [ERROR] LogOutputStream:75 - [STDERR_REDIRECT] Feb 13, 2026 5:55:22 PM org.eclipse.lsp4j.jsonrpc.services.GenericEndpoint notify
2026-02-13 17:55:22,533 [ERROR] LogOutputStream:75 - [STDERR_REDIRECT] WARNING: Unsupported notification method: didChangeStatus
2026-02-13 17:55:22,534 [ERROR] LogOutputStream:75 - [STDERR_REDIRECT] 
2026-02-13 17:55:22,534 [ERROR] LogOutputStream:75 - [STDERR_REDIRECT] Feb 13, 2026 5:55:22 PM org.eclipse.lsp4j.jsonrpc.services.GenericEndpoint notify
2026-02-13 17:55:22,534 [ERROR] LogOutputStream:75 - [STDERR_REDIRECT] WARNING: Unsupported notification method: statusNotification
2026-02-13 17:55:22,534 [ERROR] LogOutputStream:75 - [STDERR_REDIRECT] 
2026-02-13 17:55:22,535 [ERROR] LogOutputStream:75 - [STDERR_REDIRECT] Feb 13, 2026 5:55:22 PM org.eclipse.lsp4j.jsonrpc.services.GenericEndpoint notify
2026-02-13 17:55:22,535 [ERROR] LogOutputStream:75 - [STDERR_REDIRECT] WARNING: Unsupported notification method: didChangeStatus
2026-02-13 17:55:22,535 [ERROR] LogOutputStream:75 - [STDERR_REDIRECT] 
2026-02-13 17:55:23,098 [ERROR] LogOutputStream:75 - [STDERR_REDIRECT] Feb 13, 2026 5:55:23 PM org.eclipse.lsp4j.jsonrpc.services.GenericEndpoint notify
2026-02-13 17:55:23,098 [ERROR] LogOutputStream:75 - [STDERR_REDIRECT] WARNING: Unsupported notification method: statusNotification
2026-02-13 17:55:23,099 [ERROR] LogOutputStream:75 - [STDERR_REDIRECT] 
2026-02-13 17:55:23,101 [ERROR] LogOutputStream:75 - [STDERR_REDIRECT] Feb 13, 2026 5:55:23 PM org.eclipse.lsp4j.jsonrpc.services.GenericEndpoint notify
2026-02-13 17:55:23,101 [ERROR] LogOutputStream:75 - [STDERR_REDIRECT] WARNING: Unsupported notification method: didChangeStatus
2026-02-13 17:55:23,102 [ERROR] LogOutputStream:75 - [STDERR_REDIRECT] 
2026-02-13 17:55:23,105 [ERROR] LogOutputStream:75 - [STDERR_REDIRECT] Feb 13, 2026 5:55:23 PM org.eclipse.lsp4j.jsonrpc.services.GenericEndpoint notify
2026-02-13 17:55:23,106 [ERROR] LogOutputStream:75 - [STDERR_REDIRECT] WARNING: Unsupported notification method: statusNotification
2026-02-13 17:55:23,107 [ERROR] LogOutputStream:75 - [STDERR_REDIRECT] 
2026-02-13 17:55:23,110 [ERROR] LogOutputStream:75 - [STDERR_REDIRECT] Feb 13, 2026 5:55:23 PM org.eclipse.lsp4j.jsonrpc.services.GenericEndpoint notify
2026-02-13 17:55:23,111 [ERROR] LogOutputStream:75 - [STDERR_REDIRECT] WARNING: Unsupported notification method: didChangeStatus
2026-02-13 17:55:23,111 [ERROR] LogOutputStream:75 - [STDERR_REDIRECT] 
2026-02-13 17:55:23,161 [ERROR] LogOutputStream:75 - [STDERR_REDIRECT] Feb 13, 2026 5:55:23 PM org.eclipse.lsp4j.jsonrpc.services.GenericEndpoint notify
2026-02-13 17:55:23,162 [ERROR] LogOutputStream:75 - [STDERR_REDIRECT] WARNING: Unsupported notification method: statusNotification
2026-02-13 17:55:23,163 [ERROR] LogOutputStream:75 - [STDERR_REDIRECT] 
2026-02-13 17:55:23,164 [ERROR] LogOutputStream:75 - [STDERR_REDIRECT] Feb 13, 2026 5:55:23 PM org.eclipse.lsp4j.jsonrpc.services.GenericEndpoint notify
2026-02-13 17:55:23,165 [ERROR] LogOutputStream:75 - [STDERR_REDIRECT] WARNING: Unsupported notification method: didChangeStatus
2026-02-13 17:55:23,165 [ERROR] LogOutputStream:75 - [STDERR_REDIRECT] 
2026-02-13 17:55:23,166 [ERROR] LogOutputStream:75 - [STDERR_REDIRECT] Feb 13, 2026 5:55:23 PM org.eclipse.lsp4j.jsonrpc.services.GenericEndpoint notify
2026-02-13 17:55:23,166 [ERROR] LogOutputStream:75 - [STDERR_REDIRECT] WARNING: Unsupported notification method: statusNotification
2026-02-13 17:55:23,166 [ERROR] LogOutputStream:75 - [STDERR_REDIRECT] 
2026-02-13 17:55:23,167 [ERROR] LogOutputStream:75 - [STDERR_REDIRECT] Feb 13, 2026 5:55:23 PM org.eclipse.lsp4j.jsonrpc.services.GenericEndpoint notify
2026-02-13 17:55:23,167 [ERROR] LogOutputStream:75 - [STDERR_REDIRECT] WARNING: Unsupported notification method: didChangeStatus
2026-02-13 17:55:23,168 [ERROR] LogOutputStream:75 - [STDERR_REDIRECT] 
2026-02-13 17:55:23,268 [ERROR] LogOutputStream:75 - [STDERR_REDIRECT] Feb 13, 2026 5:55:23 PM org.eclipse.lsp4j.jsonrpc.services.GenericEndpoint notify
2026-02-13 17:55:23,269 [ERROR] LogOutputStream:75 - [STDERR_REDIRECT] WARNING: Unsupported notification method: statusNotification
2026-02-13 17:55:23,269 [ERROR] LogOutputStream:75 - [STDERR_REDIRECT] 
2026-02-13 17:55:23,273 [ERROR] LogOutputStream:75 - [STDERR_REDIRECT] Feb 13, 2026 5:55:23 PM org.eclipse.lsp4j.jsonrpc.services.GenericEndpoint notify
2026-02-13 17:55:23,273 [ERROR] LogOutputStream:75 - [STDERR_REDIRECT] WARNING: Unsupported notification method: didChangeStatus
2026-02-13 17:55:23,274 [ERROR] LogOutputStream:75 - [STDERR_REDIRECT] 
2026-02-13 17:55:23,275 [ERROR] LogOutputStream:75 - [STDERR_REDIRECT] Feb 13, 2026 5:55:23 PM org.eclipse.lsp4j.jsonrpc.services.GenericEndpoint notify
2026-02-13 17:55:23,275 [ERROR] LogOutputStream:75 - [STDERR_REDIRECT] WARNING: Unsupported notification method: statusNotification
2026-02-13 17:55:23,275 [ERROR] LogOutputStream:75 - [STDERR_REDIRECT] 
2026-02-13 17:55:23,276 [ERROR] LogOutputStream:75 - [STDERR_REDIRECT] Feb 13, 2026 5:55:23 PM org.eclipse.lsp4j.jsonrpc.services.GenericEndpoint notify
2026-02-13 17:55:23,277 [ERROR] LogOutputStream:75 - [STDERR_REDIRECT] WARNING: Unsupported notification method: didChangeStatus
2026-02-13 17:55:23,277 [ERROR] LogOutputStream:75 - [STDERR_REDIRECT] 
2026-02-13 17:55:23,398 [ERROR] LogOutputStream:75 - [STDERR_REDIRECT] Feb 13, 2026 5:55:23 PM org.eclipse.lsp4j.jsonrpc.services.GenericEndpoint notify
2026-02-13 17:55:23,399 [ERROR] LogOutputStream:75 - [STDERR_REDIRECT] WARNING: Unsupported notification method: statusNotification
2026-02-13 17:55:23,399 [ERROR] LogOutputStream:75 - [STDERR_REDIRECT] 
2026-02-13 17:55:23,401 [ERROR] LogOutputStream:75 - [STDERR_REDIRECT] Feb 13, 2026 5:55:23 PM org.eclipse.lsp4j.jsonrpc.services.GenericEndpoint notify
2026-02-13 17:55:23,402 [ERROR] LogOutputStream:75 - [STDERR_REDIRECT] WARNING: Unsupported notification method: didChangeStatus
2026-02-13 17:55:23,402 [ERROR] LogOutputStream:75 - [STDERR_REDIRECT] 
2026-02-13 17:55:23,404 [ERROR] LogOutputStream:75 - [STDERR_REDIRECT] Feb 13, 2026 5:55:23 PM org.eclipse.lsp4j.jsonrpc.services.GenericEndpoint notify
2026-02-13 17:55:23,406 [ERROR] LogOutputStream:75 - [STDERR_REDIRECT] WARNING: Unsupported notification method: statusNotification
2026-02-13 17:55:23,407 [ERROR] LogOutputStream:75 - [STDERR_REDIRECT] 
2026-02-13 17:55:23,409 [ERROR] LogOutputStream:75 - [STDERR_REDIRECT] Feb 13, 2026 5:55:23 PM org.eclipse.lsp4j.jsonrpc.services.GenericEndpoint notify
2026-02-13 17:55:23,410 [ERROR] LogOutputStream:75 - [STDERR_REDIRECT] WARNING: Unsupported notification method: didChangeStatus
2026-02-13 17:55:23,411 [ERROR] LogOutputStream:75 - [STDERR_REDIRECT] 
2026-02-13 17:55:23,511 [ERROR] LogOutputStream:75 - [STDERR_REDIRECT] Feb 13, 2026 5:55:23 PM org.eclipse.lsp4j.jsonrpc.services.GenericEndpoint notify
2026-02-13 17:55:23,512 [ERROR] LogOutputStream:75 - [STDERR_REDIRECT] WARNING: Unsupported notification method: statusNotification
2026-02-13 17:55:23,512 [ERROR] LogOutputStream:75 - [STDERR_REDIRECT] 
2026-02-13 17:55:23,513 [ERROR] LogOutputStream:75 - [STDERR_REDIRECT] Feb 13, 2026 5:55:23 PM org.eclipse.lsp4j.jsonrpc.services.GenericEndpoint notify
2026-02-13 17:55:23,513 [ERROR] LogOutputStream:75 - [STDERR_REDIRECT] WARNING: Unsupported notification method: didChangeStatus
2026-02-13 17:55:23,513 [ERROR] LogOutputStream:75 - [STDERR_REDIRECT] 
2026-02-13 17:55:24,321 [ERROR] LogOutputStream:75 - [STDERR_REDIRECT] Feb 13, 2026 5:55:24 PM org.eclipse.lsp4j.jsonrpc.services.GenericEndpoint notify
2026-02-13 17:55:24,322 [ERROR] LogOutputStream:75 - [STDERR_REDIRECT] WARNING: Unsupported notification method: statusNotification
2026-02-13 17:55:24,322 [ERROR] LogOutputStream:75 - [STDERR_REDIRECT] 
2026-02-13 17:55:24,323 [ERROR] LogOutputStream:75 - [STDERR_REDIRECT] Feb 13, 2026 5:55:24 PM org.eclipse.lsp4j.jsonrpc.services.GenericEndpoint notify
2026-02-13 17:55:24,323 [ERROR] LogOutputStream:75 - [STDERR_REDIRECT] WARNING: Unsupported notification method: didChangeStatus
2026-02-13 17:55:24,324 [ERROR] LogOutputStream:75 - [STDERR_REDIRECT] 
2026-02-13 17:55:24,352 [ERROR] LogOutputStream:75 - [STDERR_REDIRECT] Feb 13, 2026 5:55:24 PM org.eclipse.lsp4j.jsonrpc.services.GenericEndpoint notify
2026-02-13 17:55:24,353 [ERROR] LogOutputStream:75 - [STDERR_REDIRECT] WARNING: Unsupported notification method: statusNotification
2026-02-13 17:55:24,353 [ERROR] LogOutputStream:75 - [STDERR_REDIRECT] 
2026-02-13 17:55:24,355 [ERROR] LogOutputStream:75 - [STDERR_REDIRECT] Feb 13, 2026 5:55:24 PM org.eclipse.lsp4j.jsonrpc.services.GenericEndpoint notify
2026-02-13 17:55:24,356 [ERROR] LogOutputStream:75 - [STDERR_REDIRECT] WARNING: Unsupported notification method: didChangeStatus
2026-02-13 17:55:24,356 [ERROR] LogOutputStream:75 - [STDERR_REDIRECT] 
2026-02-13 17:55:25,321 [ERROR] LogOutputStream:75 - [STDERR_REDIRECT] Feb 13, 2026 5:55:25 PM org.eclipse.lsp4j.jsonrpc.services.GenericEndpoint notify
2026-02-13 17:55:25,322 [ERROR] LogOutputStream:75 - [STDERR_REDIRECT] WARNING: Unsupported notification method: statusNotification
2026-02-13 17:55:25,323 [ERROR] LogOutputStream:75 - [STDERR_REDIRECT] 
2026-02-13 17:55:25,324 [ERROR] LogOutputStream:75 - [STDERR_REDIRECT] Feb 13, 2026 5:55:25 PM org.eclipse.lsp4j.jsonrpc.services.GenericEndpoint notify
2026-02-13 17:55:25,324 [ERROR] LogOutputStream:75 - [STDERR_REDIRECT] WARNING: Unsupported notification method: didChangeStatus
2026-02-13 17:55:25,324 [ERROR] LogOutputStream:75 - [STDERR_REDIRECT] 
2026-02-13 17:55:25,363 [ERROR] LogOutputStream:75 - [STDERR_REDIRECT] Feb 13, 2026 5:55:25 PM org.eclipse.lsp4j.jsonrpc.services.GenericEndpoint notify
2026-02-13 17:55:25,364 [ERROR] LogOutputStream:75 - [STDERR_REDIRECT] WARNING: Unsupported notification method: statusNotification
2026-02-13 17:55:25,364 [ERROR] LogOutputStream:75 - [STDERR_REDIRECT] 
2026-02-13 17:55:25,366 [ERROR] LogOutputStream:75 - [STDERR_REDIRECT] Feb 13, 2026 5:55:25 PM org.eclipse.lsp4j.jsonrpc.services.GenericEndpoint notify
2026-02-13 17:55:25,366 [ERROR] LogOutputStream:75 - [STDERR_REDIRECT] WARNING: Unsupported notification method: didChangeStatus
2026-02-13 17:55:25,367 [ERROR] LogOutputStream:75 - [STDERR_REDIRECT] 
2026-02-13 17:55:25,530 [ERROR] LogOutputStream:75 - [STDERR_REDIRECT] Feb 13, 2026 5:55:25 PM org.eclipse.lsp4j.jsonrpc.services.GenericEndpoint notify
2026-02-13 17:55:25,530 [ERROR] LogOutputStream:75 - [STDERR_REDIRECT] WARNING: Unsupported notification method: statusNotification
2026-02-13 17:55:25,531 [ERROR] LogOutputStream:75 - [STDERR_REDIRECT] 
2026-02-13 17:55:25,531 [ERROR] LogOutputStream:75 - [STDERR_REDIRECT] Feb 13, 2026 5:55:25 PM org.eclipse.lsp4j.jsonrpc.services.GenericEndpoint notify
2026-02-13 17:55:25,532 [ERROR] LogOutputStream:75 - [STDERR_REDIRECT] WARNING: Unsupported notification method: didChangeStatus
2026-02-13 17:55:25,532 [ERROR] LogOutputStream:75 - [STDERR_REDIRECT] 
2026-02-13 17:55:25,579 [ERROR] LogOutputStream:75 - [STDERR_REDIRECT] Feb 13, 2026 5:55:25 PM org.eclipse.lsp4j.jsonrpc.services.GenericEndpoint notify
2026-02-13 17:55:25,580 [ERROR] LogOutputStream:75 - [STDERR_REDIRECT] WARNING: Unsupported notification method: statusNotification
2026-02-13 17:55:25,581 [ERROR] LogOutputStream:75 - [STDERR_REDIRECT] 
2026-02-13 17:55:25,582 [ERROR] LogOutputStream:75 - [STDERR_REDIRECT] Feb 13, 2026 5:55:25 PM org.eclipse.lsp4j.jsonrpc.services.GenericEndpoint notify
2026-02-13 17:55:25,582 [ERROR] LogOutputStream:75 - [STDERR_REDIRECT] WARNING: Unsupported notification method: didChangeStatus
2026-02-13 17:55:25,583 [ERROR] LogOutputStream:75 - [STDERR_REDIRECT] 
2026-02-13 17:55:25,584 [ERROR] LogOutputStream:75 - [STDERR_REDIRECT] Feb 13, 2026 5:55:25 PM org.eclipse.lsp4j.jsonrpc.services.GenericEndpoint notify
2026-02-13 17:55:25,584 [ERROR] LogOutputStream:75 - [STDERR_REDIRECT] WARNING: Unsupported notification method: statusNotification
2026-02-13 17:55:25,585 [ERROR] LogOutputStream:75 - [STDERR_REDIRECT] 
2026-02-13 17:55:25,585 [ERROR] LogOutputStream:75 - [STDERR_REDIRECT] Feb 13, 2026 5:55:25 PM org.eclipse.lsp4j.jsonrpc.services.GenericEndpoint notify
2026-02-13 17:55:25,586 [ERROR] LogOutputStream:75 - [STDERR_REDIRECT] WARNING: Unsupported notification method: didChangeStatus
2026-02-13 17:55:25,587 [ERROR] LogOutputStream:75 - [STDERR_REDIRECT] 
2026-02-13 17:55:25,640 [ERROR] LogOutputStream:75 - [STDERR_REDIRECT] Feb 13, 2026 5:55:25 PM org.eclipse.lsp4j.jsonrpc.services.GenericEndpoint notify
2026-02-13 17:55:25,640 [ERROR] LogOutputStream:75 - [STDERR_REDIRECT] WARNING: Unsupported notification method: statusNotification
2026-02-13 17:55:25,640 [ERROR] LogOutputStream:75 - [STDERR_REDIRECT] 
2026-02-13 17:55:25,640 [ERROR] LogOutputStream:75 - [STDERR_REDIRECT] Feb 13, 2026 5:55:25 PM org.eclipse.lsp4j.jsonrpc.services.GenericEndpoint notify
2026-02-13 17:55:25,641 [ERROR] LogOutputStream:75 - [STDERR_REDIRECT] WARNING: Unsupported notification method: didChangeStatus
2026-02-13 17:55:25,641 [ERROR] LogOutputStream:75 - [STDERR_REDIRECT] 
2026-02-13 17:55:25,641 [ERROR] LogOutputStream:75 - [STDERR_REDIRECT] Feb 13, 2026 5:55:25 PM org.eclipse.lsp4j.jsonrpc.services.GenericEndpoint notify
2026-02-13 17:55:25,641 [ERROR] LogOutputStream:75 - [STDERR_REDIRECT] WARNING: Unsupported notification method: statusNotification
2026-02-13 17:55:25,641 [ERROR] LogOutputStream:75 - [STDERR_REDIRECT] 
2026-02-13 17:55:25,642 [ERROR] LogOutputStream:75 - [STDERR_REDIRECT] Feb 13, 2026 5:55:25 PM org.eclipse.lsp4j.jsonrpc.services.GenericEndpoint notify
2026-02-13 17:55:25,642 [ERROR] LogOutputStream:75 - [STDERR_REDIRECT] WARNING: Unsupported notification method: didChangeStatus
2026-02-13 17:55:25,642 [ERROR] LogOutputStream:75 - [STDERR_REDIRECT] 
2026-02-13 17:55:25,701 [ERROR] LogOutputStream:75 - [STDERR_REDIRECT] Feb 13, 2026 5:55:25 PM org.eclipse.lsp4j.jsonrpc.services.GenericEndpoint notify
2026-02-13 17:55:25,702 [ERROR] LogOutputStream:75 - [STDERR_REDIRECT] WARNING: Unsupported notification method: statusNotification
2026-02-13 17:55:25,702 [ERROR] LogOutputStream:75 - [STDERR_REDIRECT] 
2026-02-13 17:55:25,705 [ERROR] LogOutputStream:75 - [STDERR_REDIRECT] Feb 13, 2026 5:55:25 PM org.eclipse.lsp4j.jsonrpc.services.GenericEndpoint notify
2026-02-13 17:55:25,705 [ERROR] LogOutputStream:75 - [STDERR_REDIRECT] WARNING: Unsupported notification method: didChangeStatus
2026-02-13 17:55:25,706 [ERROR] LogOutputStream:75 - [STDERR_REDIRECT] 
2026-02-13 17:55:26,536 [ERROR] LogOutputStream:75 - [STDERR_REDIRECT] Feb 13, 2026 5:55:26 PM org.eclipse.lsp4j.jsonrpc.services.GenericEndpoint notify
2026-02-13 17:55:26,537 [ERROR] LogOutputStream:75 - [STDERR_REDIRECT] WARNING: Unsupported notification method: statusNotification
2026-02-13 17:55:26,538 [ERROR] LogOutputStream:75 - [STDERR_REDIRECT] 
2026-02-13 17:55:26,539 [ERROR] LogOutputStream:75 - [STDERR_REDIRECT] Feb 13, 2026 5:55:26 PM org.eclipse.lsp4j.jsonrpc.services.GenericEndpoint notify
2026-02-13 17:55:26,540 [ERROR] LogOutputStream:75 - [STDERR_REDIRECT] WARNING: Unsupported notification method: didChangeStatus
2026-02-13 17:55:26,541 [ERROR] LogOutputStream:75 - [STDERR_REDIRECT] 
2026-02-13 17:55:26,613 [ERROR] LogOutputStream:75 - [STDERR_REDIRECT] Feb 13, 2026 5:55:26 PM org.eclipse.lsp4j.jsonrpc.services.GenericEndpoint notify
2026-02-13 17:55:26,613 [ERROR] LogOutputStream:75 - [STDERR_REDIRECT] WARNING: Unsupported notification method: statusNotification
2026-02-13 17:55:26,614 [ERROR] LogOutputStream:75 - [STDERR_REDIRECT] 
2026-02-13 17:55:26,615 [ERROR] LogOutputStream:75 - [STDERR_REDIRECT] Feb 13, 2026 5:55:26 PM org.eclipse.lsp4j.jsonrpc.services.GenericEndpoint notify
2026-02-13 17:55:26,615 [ERROR] LogOutputStream:75 - [STDERR_REDIRECT] WARNING: Unsupported notification method: didChangeStatus
2026-02-13 17:55:26,616 [ERROR] LogOutputStream:75 - [STDERR_REDIRECT] 
2026-02-13 17:55:27,948 [ERROR] LogOutputStream:75 - [STDERR_REDIRECT] Feb 13, 2026 5:55:27 PM org.eclipse.lsp4j.jsonrpc.services.GenericEndpoint notify
2026-02-13 17:55:27,949 [ERROR] LogOutputStream:75 - [STDERR_REDIRECT] WARNING: Unsupported notification method: statusNotification
2026-02-13 17:55:27,949 [ERROR] LogOutputStream:75 - [STDERR_REDIRECT] 
2026-02-13 17:55:27,950 [ERROR] LogOutputStream:75 - [STDERR_REDIRECT] Feb 13, 2026 5:55:27 PM org.eclipse.lsp4j.jsonrpc.services.GenericEndpoint notify
2026-02-13 17:55:27,950 [ERROR] LogOutputStream:75 - [STDERR_REDIRECT] WARNING: Unsupported notification method: didChangeStatus
2026-02-13 17:55:27,950 [ERROR] LogOutputStream:75 - [STDERR_REDIRECT] 
2026-02-13 17:55:27,987 [ERROR] LogOutputStream:75 - [STDERR_REDIRECT] Feb 13, 2026 5:55:27 PM org.eclipse.lsp4j.jsonrpc.services.GenericEndpoint notify
2026-02-13 17:55:27,988 [ERROR] LogOutputStream:75 - [STDERR_REDIRECT] WARNING: Unsupported notification method: statusNotification
2026-02-13 17:55:27,988 [ERROR] LogOutputStream:75 - [STDERR_REDIRECT] 
2026-02-13 17:55:27,989 [ERROR] LogOutputStream:75 - [STDERR_REDIRECT] Feb 13, 2026 5:55:27 PM org.eclipse.lsp4j.jsonrpc.services.GenericEndpoint notify
2026-02-13 17:55:27,989 [ERROR] LogOutputStream:75 - [STDERR_REDIRECT] WARNING: Unsupported notification method: didChangeStatus
2026-02-13 17:55:27,989 [ERROR] LogOutputStream:75 - [STDERR_REDIRECT] 
2026-02-13 17:55:28,816 [ERROR] LogOutputStream:75 - [STDERR_REDIRECT] Feb 13, 2026 5:55:28 PM org.eclipse.lsp4j.jsonrpc.services.GenericEndpoint notify
2026-02-13 17:55:28,816 [ERROR] LogOutputStream:75 - [STDERR_REDIRECT] WARNING: Unsupported notification method: statusNotification
2026-02-13 17:55:28,817 [ERROR] LogOutputStream:75 - [STDERR_REDIRECT] 
2026-02-13 17:55:28,818 [ERROR] LogOutputStream:75 - [STDERR_REDIRECT] Feb 13, 2026 5:55:28 PM org.eclipse.lsp4j.jsonrpc.services.GenericEndpoint notify
2026-02-13 17:55:28,818 [ERROR] LogOutputStream:75 - [STDERR_REDIRECT] WARNING: Unsupported notification method: didChangeStatus
2026-02-13 17:55:28,818 [ERROR] LogOutputStream:75 - [STDERR_REDIRECT] 
2026-02-13 17:55:28,880 [ERROR] LogOutputStream:75 - [STDERR_REDIRECT] Feb 13, 2026 5:55:28 PM org.eclipse.lsp4j.jsonrpc.services.GenericEndpoint notify
2026-02-13 17:55:28,880 [ERROR] LogOutputStream:75 - [STDERR_REDIRECT] WARNING: Unsupported notification method: statusNotification
2026-02-13 17:55:28,881 [ERROR] LogOutputStream:75 - [STDERR_REDIRECT] 
2026-02-13 17:55:28,882 [ERROR] LogOutputStream:75 - [STDERR_REDIRECT] Feb 13, 2026 5:55:28 PM org.eclipse.lsp4j.jsonrpc.services.GenericEndpoint notify
2026-02-13 17:55:28,882 [ERROR] LogOutputStream:75 - [STDERR_REDIRECT] WARNING: Unsupported notification method: didChangeStatus
2026-02-13 17:55:28,883 [ERROR] LogOutputStream:75 - [STDERR_REDIRECT] 
2026-02-13 17:55:29,690 [ERROR] LogOutputStream:75 - [STDERR_REDIRECT] Feb 13, 2026 5:55:29 PM org.eclipse.lsp4j.jsonrpc.services.GenericEndpoint notify
2026-02-13 17:55:29,691 [ERROR] LogOutputStream:75 - [STDERR_REDIRECT] WARNING: Unsupported notification method: statusNotification
2026-02-13 17:55:29,692 [ERROR] LogOutputStream:75 - [STDERR_REDIRECT] 
2026-02-13 17:55:29,693 [ERROR] LogOutputStream:75 - [STDERR_REDIRECT] Feb 13, 2026 5:55:29 PM org.eclipse.lsp4j.jsonrpc.services.GenericEndpoint notify
2026-02-13 17:55:29,693 [ERROR] LogOutputStream:75 - [STDERR_REDIRECT] WARNING: Unsupported notification method: didChangeStatus
2026-02-13 17:55:29,694 [ERROR] LogOutputStream:75 - [STDERR_REDIRECT] 
2026-02-13 17:55:30,818 [ERROR] LogOutputStream:75 - [STDERR_REDIRECT] Feb 13, 2026 5:55:30 PM org.eclipse.lsp4j.jsonrpc.services.GenericEndpoint notify
2026-02-13 17:55:30,819 [ERROR] LogOutputStream:75 - [STDERR_REDIRECT] WARNING: Unsupported notification method: statusNotification
2026-02-13 17:55:30,820 [ERROR] LogOutputStream:75 - [STDERR_REDIRECT] 
2026-02-13 17:55:30,821 [ERROR] LogOutputStream:75 - [STDERR_REDIRECT] Feb 13, 2026 5:55:30 PM org.eclipse.lsp4j.jsonrpc.services.GenericEndpoint notify
2026-02-13 17:55:30,821 [ERROR] LogOutputStream:75 - [STDERR_REDIRECT] WARNING: Unsupported notification method: didChangeStatus
2026-02-13 17:55:30,822 [ERROR] LogOutputStream:75 - [STDERR_REDIRECT] 
2026-02-13 17:55:33,861 [ERROR] LogOutputStream:75 - [STDERR_REDIRECT] Feb 13, 2026 5:55:33 PM org.eclipse.lsp4j.jsonrpc.services.GenericEndpoint notify
2026-02-13 17:55:33,861 [ERROR] LogOutputStream:75 - [STDERR_REDIRECT] WARNING: Unsupported notification method: statusNotification
2026-02-13 17:55:33,862 [ERROR] LogOutputStream:75 - [STDERR_REDIRECT] 
2026-02-13 17:55:33,862 [ERROR] LogOutputStream:75 - [STDERR_REDIRECT] Feb 13, 2026 5:55:33 PM org.eclipse.lsp4j.jsonrpc.services.GenericEndpoint notify
2026-02-13 17:55:33,863 [ERROR] LogOutputStream:75 - [STDERR_REDIRECT] WARNING: Unsupported notification method: didChangeStatus
2026-02-13 17:55:33,863 [ERROR] LogOutputStream:75 - [STDERR_REDIRECT] 
2026-02-13 17:55:33,904 [ERROR] LogOutputStream:75 - [STDERR_REDIRECT] Feb 13, 2026 5:55:33 PM org.eclipse.lsp4j.jsonrpc.services.GenericEndpoint notify
2026-02-13 17:55:33,905 [ERROR] LogOutputStream:75 - [STDERR_REDIRECT] WARNING: Unsupported notification method: statusNotification
2026-02-13 17:55:33,905 [ERROR] LogOutputStream:75 - [STDERR_REDIRECT] 
2026-02-13 17:55:33,906 [ERROR] LogOutputStream:75 - [STDERR_REDIRECT] Feb 13, 2026 5:55:33 PM org.eclipse.lsp4j.jsonrpc.services.GenericEndpoint notify
2026-02-13 17:55:33,907 [ERROR] LogOutputStream:75 - [STDERR_REDIRECT] WARNING: Unsupported notification method: didChangeStatus
2026-02-13 17:55:33,907 [ERROR] LogOutputStream:75 - [STDERR_REDIRECT] 
2026-02-13 17:55:36,985 [ERROR] LogOutputStream:75 - [STDERR_REDIRECT] Feb 13, 2026 5:55:36 PM org.eclipse.lsp4j.jsonrpc.services.GenericEndpoint notify
2026-02-13 17:55:36,985 [ERROR] LogOutputStream:75 - [STDERR_REDIRECT] WARNING: Unsupported notification method: statusNotification
2026-02-13 17:55:36,985 [ERROR] LogOutputStream:75 - [STDERR_REDIRECT] 
2026-02-13 17:55:36,986 [ERROR] LogOutputStream:75 - [STDERR_REDIRECT] Feb 13, 2026 5:55:36 PM org.eclipse.lsp4j.jsonrpc.services.GenericEndpoint notify
2026-02-13 17:55:36,986 [ERROR] LogOutputStream:75 - [STDERR_REDIRECT] WARNING: Unsupported notification method: didChangeStatus
2026-02-13 17:55:36,986 [ERROR] LogOutputStream:75 - [STDERR_REDIRECT] 
2026-02-13 17:55:37,013 [ERROR] LogOutputStream:75 - [STDERR_REDIRECT] Feb 13, 2026 5:55:37 PM org.eclipse.lsp4j.jsonrpc.services.GenericEndpoint notify
2026-02-13 17:55:37,013 [ERROR] LogOutputStream:75 - [STDERR_REDIRECT] WARNING: Unsupported notification method: statusNotification
2026-02-13 17:55:37,013 [ERROR] LogOutputStream:75 - [STDERR_REDIRECT] 
2026-02-13 17:55:37,014 [ERROR] LogOutputStream:75 - [STDERR_REDIRECT] Feb 13, 2026 5:55:37 PM org.eclipse.lsp4j.jsonrpc.services.GenericEndpoint notify
2026-02-13 17:55:37,014 [ERROR] LogOutputStream:75 - [STDERR_REDIRECT] WARNING: Unsupported notification method: didChangeStatus
2026-02-13 17:55:37,014 [ERROR] LogOutputStream:75 - [STDERR_REDIRECT] 
2026-02-13 17:55:40,224 [ERROR] LogOutputStream:75 - [STDERR_REDIRECT] Feb 13, 2026 5:55:40 PM org.eclipse.lsp4j.jsonrpc.services.GenericEndpoint notify
2026-02-13 17:55:40,225 [ERROR] LogOutputStream:75 - [STDERR_REDIRECT] WARNING: Unsupported notification method: statusNotification
2026-02-13 17:55:40,225 [ERROR] LogOutputStream:75 - [STDERR_REDIRECT] 
2026-02-13 17:55:40,226 [ERROR] LogOutputStream:75 - [STDERR_REDIRECT] Feb 13, 2026 5:55:40 PM org.eclipse.lsp4j.jsonrpc.services.GenericEndpoint notify
2026-02-13 17:55:40,226 [ERROR] LogOutputStream:75 - [STDERR_REDIRECT] WARNING: Unsupported notification method: didChangeStatus
2026-02-13 17:55:40,226 [ERROR] LogOutputStream:75 - [STDERR_REDIRECT] 
2026-02-13 17:56:01,429 [ERROR] LogOutputStream:75 - [STDERR_REDIRECT] Feb 13, 2026 5:56:01 PM org.eclipse.lsp4j.jsonrpc.services.GenericEndpoint notify
2026-02-13 17:56:01,433 [ERROR] LogOutputStream:75 - [STDERR_REDIRECT] WARNING: Unsupported notification method: statusNotification
2026-02-13 17:56:01,434 [ERROR] LogOutputStream:75 - [STDERR_REDIRECT] 
2026-02-13 17:56:01,436 [ERROR] LogOutputStream:75 - [STDERR_REDIRECT] Feb 13, 2026 5:56:01 PM org.eclipse.lsp4j.jsonrpc.services.GenericEndpoint notify
2026-02-13 17:56:01,436 [ERROR] LogOutputStream:75 - [STDERR_REDIRECT] WARNING: Unsupported notification method: didChangeStatus
2026-02-13 17:56:01,436 [ERROR] LogOutputStream:75 - [STDERR_REDIRECT] 
2026-02-13 17:56:02,119 [ERROR] LogOutputStream:75 - [STDERR_REDIRECT] Feb 13, 2026 5:56:02 PM org.eclipse.lsp4j.jsonrpc.services.GenericEndpoint notify
2026-02-13 17:56:02,119 [ERROR] LogOutputStream:75 - [STDERR_REDIRECT] WARNING: Unsupported notification method: statusNotification
2026-02-13 17:56:02,119 [ERROR] LogOutputStream:75 - [STDERR_REDIRECT] 
2026-02-13 17:56:02,120 [ERROR] LogOutputStream:75 - [STDERR_REDIRECT] Feb 13, 2026 5:56:02 PM org.eclipse.lsp4j.jsonrpc.services.GenericEndpoint notify
2026-02-13 17:56:02,120 [ERROR] LogOutputStream:75 - [STDERR_REDIRECT] WARNING: Unsupported notification method: didChangeStatus
2026-02-13 17:56:02,120 [ERROR] LogOutputStream:75 - [STDERR_REDIRECT] 
2026-02-13 17:56:02,165 [ERROR] LogOutputStream:75 - [STDERR_REDIRECT] Feb 13, 2026 5:56:02 PM org.eclipse.lsp4j.jsonrpc.services.GenericEndpoint notify
2026-02-13 17:56:02,165 [ERROR] LogOutputStream:75 - [STDERR_REDIRECT] WARNING: Unsupported notification method: statusNotification
2026-02-13 17:56:02,165 [ERROR] LogOutputStream:75 - [STDERR_REDIRECT] 
2026-02-13 17:56:02,167 [ERROR] LogOutputStream:75 - [STDERR_REDIRECT] Feb 13, 2026 5:56:02 PM org.eclipse.lsp4j.jsonrpc.services.GenericEndpoint notify
2026-02-13 17:56:02,167 [ERROR] LogOutputStream:75 - [STDERR_REDIRECT] WARNING: Unsupported notification method: didChangeStatus
2026-02-13 17:56:02,167 [ERROR] LogOutputStream:75 - [STDERR_REDIRECT] 
2026-02-13 17:56:02,808 [ERROR] LogOutputStream:75 - [STDERR_REDIRECT] Feb 13, 2026 5:56:02 PM org.eclipse.lsp4j.jsonrpc.services.GenericEndpoint notify
2026-02-13 17:56:02,809 [ERROR] LogOutputStream:75 - [STDERR_REDIRECT] WARNING: Unsupported notification method: statusNotification
2026-02-13 17:56:02,811 [ERROR] LogOutputStream:75 - [STDERR_REDIRECT] 
2026-02-13 17:56:02,814 [ERROR] LogOutputStream:75 - [STDERR_REDIRECT] Feb 13, 2026 5:56:02 PM org.eclipse.lsp4j.jsonrpc.services.GenericEndpoint notify
2026-02-13 17:56:02,816 [ERROR] LogOutputStream:75 - [STDERR_REDIRECT] WARNING: Unsupported notification method: didChangeStatus
2026-02-13 17:56:02,817 [ERROR] LogOutputStream:75 - [STDERR_REDIRECT] 
2026-02-13 17:56:02,913 [ERROR] LogOutputStream:75 - [STDERR_REDIRECT] Feb 13, 2026 5:56:02 PM org.eclipse.lsp4j.jsonrpc.services.GenericEndpoint notify
2026-02-13 17:56:02,914 [ERROR] LogOutputStream:75 - [STDERR_REDIRECT] WARNING: Unsupported notification method: statusNotification
2026-02-13 17:56:02,914 [ERROR] LogOutputStream:75 - [STDERR_REDIRECT] 
2026-02-13 17:56:02,915 [ERROR] LogOutputStream:75 - [STDERR_REDIRECT] Feb 13, 2026 5:56:02 PM org.eclipse.lsp4j.jsonrpc.services.GenericEndpoint notify
2026-02-13 17:56:02,916 [ERROR] LogOutputStream:75 - [STDERR_REDIRECT] WARNING: Unsupported notification method: didChangeStatus
2026-02-13 17:56:02,916 [ERROR] LogOutputStream:75 - [STDERR_REDIRECT] 
2026-02-13 17:56:03,551 [ERROR] LogOutputStream:75 - [STDERR_REDIRECT] Feb 13, 2026 5:56:03 PM org.eclipse.lsp4j.jsonrpc.services.GenericEndpoint notify
2026-02-13 17:56:03,552 [ERROR] LogOutputStream:75 - [STDERR_REDIRECT] WARNING: Unsupported notification method: statusNotification
2026-02-13 17:56:03,552 [ERROR] LogOutputStream:75 - [STDERR_REDIRECT] 
2026-02-13 17:56:03,553 [ERROR] LogOutputStream:75 - [STDERR_REDIRECT] Feb 13, 2026 5:56:03 PM org.eclipse.lsp4j.jsonrpc.services.GenericEndpoint notify
2026-02-13 17:56:03,554 [ERROR] LogOutputStream:75 - [STDERR_REDIRECT] WARNING: Unsupported notification method: didChangeStatus
2026-02-13 17:56:03,554 [ERROR] LogOutputStream:75 - [STDERR_REDIRECT] 
2026-02-13 17:58:58,558 [ERROR] LogOutputStream:75 - [STDERR_REDIRECT] Feb 13, 2026 5:58:58 PM org.eclipse.lsp4j.jsonrpc.services.GenericEndpoint notify
2026-02-13 17:58:58,559 [ERROR] LogOutputStream:75 - [STDERR_REDIRECT] WARNING: Unsupported notification method: statusNotification
2026-02-13 17:58:58,559 [ERROR] LogOutputStream:75 - [STDERR_REDIRECT] 
2026-02-13 17:58:58,561 [ERROR] LogOutputStream:75 - [STDERR_REDIRECT] Feb 13, 2026 5:58:58 PM org.eclipse.lsp4j.jsonrpc.services.GenericEndpoint notify
2026-02-13 17:58:58,561 [ERROR] LogOutputStream:75 - [STDERR_REDIRECT] WARNING: Unsupported notification method: didChangeStatus
2026-02-13 17:58:58,562 [ERROR] LogOutputStream:75 - [STDERR_REDIRECT] 
2026-02-13 17:58:59,714 [ERROR] LogOutputStream:75 - [STDERR_REDIRECT] Feb 13, 2026 5:58:59 PM org.eclipse.lsp4j.jsonrpc.services.GenericEndpoint notify
2026-02-13 17:58:59,718 [ERROR] LogOutputStream:75 - [STDERR_REDIRECT] WARNING: Unsupported notification method: statusNotification
2026-02-13 17:58:59,719 [ERROR] LogOutputStream:75 - [STDERR_REDIRECT] 
2026-02-13 17:58:59,720 [ERROR] LogOutputStream:75 - [STDERR_REDIRECT] Feb 13, 2026 5:58:59 PM org.eclipse.lsp4j.jsonrpc.services.GenericEndpoint notify
2026-02-13 17:58:59,720 [ERROR] LogOutputStream:75 - [STDERR_REDIRECT] WARNING: Unsupported notification method: didChangeStatus
2026-02-13 17:58:59,720 [ERROR] LogOutputStream:75 - [STDERR_REDIRECT] 
2026-02-13 17:58:59,827 [ERROR] LogOutputStream:75 - [STDERR_REDIRECT] Feb 13, 2026 5:58:59 PM org.eclipse.lsp4j.jsonrpc.services.GenericEndpoint notify
2026-02-13 17:58:59,827 [ERROR] LogOutputStream:75 - [STDERR_REDIRECT] WARNING: Unsupported notification method: statusNotification
2026-02-13 17:58:59,828 [ERROR] LogOutputStream:75 - [STDERR_REDIRECT] 
2026-02-13 17:58:59,830 [ERROR] LogOutputStream:75 - [STDERR_REDIRECT] Feb 13, 2026 5:58:59 PM org.eclipse.lsp4j.jsonrpc.services.GenericEndpoint notify
2026-02-13 17:58:59,832 [ERROR] LogOutputStream:75 - [STDERR_REDIRECT] WARNING: Unsupported notification method: didChangeStatus
2026-02-13 17:58:59,833 [ERROR] LogOutputStream:75 - [STDERR_REDIRECT] 
2026-02-13 17:59:00,280 [ERROR] LogOutputStream:75 - [STDERR_REDIRECT] Feb 13, 2026 5:59:00 PM org.eclipse.lsp4j.jsonrpc.services.GenericEndpoint notify
2026-02-13 17:59:00,281 [ERROR] LogOutputStream:75 - [STDERR_REDIRECT] WARNING: Unsupported notification method: statusNotification
2026-02-13 17:59:00,282 [ERROR] LogOutputStream:75 - [STDERR_REDIRECT] 
2026-02-13 17:59:00,283 [ERROR] LogOutputStream:75 - [STDERR_REDIRECT] Feb 13, 2026 5:59:00 PM org.eclipse.lsp4j.jsonrpc.services.GenericEndpoint notify
2026-02-13 17:59:00,284 [ERROR] LogOutputStream:75 - [STDERR_REDIRECT] WARNING: Unsupported notification method: didChangeStatus
2026-02-13 17:59:00,284 [ERROR] LogOutputStream:75 - [STDERR_REDIRECT] 
2026-02-13 17:59:00,694 [ERROR] LogOutputStream:75 - [STDERR_REDIRECT] Feb 13, 2026 5:59:00 PM org.eclipse.lsp4j.jsonrpc.services.GenericEndpoint notify
2026-02-13 17:59:00,695 [ERROR] LogOutputStream:75 - [STDERR_REDIRECT] WARNING: Unsupported notification method: statusNotification
2026-02-13 17:59:00,695 [ERROR] LogOutputStream:75 - [STDERR_REDIRECT] 
2026-02-13 17:59:00,695 [ERROR] LogOutputStream:75 - [STDERR_REDIRECT] Feb 13, 2026 5:59:00 PM org.eclipse.lsp4j.jsonrpc.services.GenericEndpoint notify
2026-02-13 17:59:00,696 [ERROR] LogOutputStream:75 - [STDERR_REDIRECT] WARNING: Unsupported notification method: didChangeStatus
2026-02-13 17:59:00,697 [ERROR] LogOutputStream:75 - [STDERR_REDIRECT] 
2026-02-13 17:59:01,190 [ERROR] LogOutputStream:75 - [STDERR_REDIRECT] Feb 13, 2026 5:59:01 PM org.eclipse.lsp4j.jsonrpc.services.GenericEndpoint notify
2026-02-13 17:59:01,190 [ERROR] LogOutputStream:75 - [STDERR_REDIRECT] WARNING: Unsupported notification method: statusNotification
2026-02-13 17:59:01,191 [ERROR] LogOutputStream:75 - [STDERR_REDIRECT] 
2026-02-13 17:59:01,192 [ERROR] LogOutputStream:75 - [STDERR_REDIRECT] Feb 13, 2026 5:59:01 PM org.eclipse.lsp4j.jsonrpc.services.GenericEndpoint notify
2026-02-13 17:59:01,192 [ERROR] LogOutputStream:75 - [STDERR_REDIRECT] WARNING: Unsupported notification method: didChangeStatus
2026-02-13 17:59:01,193 [ERROR] LogOutputStream:75 - [STDERR_REDIRECT] 
2026-02-13 17:59:01,269 [ERROR] LogOutputStream:75 - [STDERR_REDIRECT] Feb 13, 2026 5:59:01 PM org.eclipse.lsp4j.jsonrpc.services.GenericEndpoint notify
2026-02-13 17:59:01,269 [ERROR] LogOutputStream:75 - [STDERR_REDIRECT] WARNING: Unsupported notification method: statusNotification
2026-02-13 17:59:01,269 [ERROR] LogOutputStream:75 - [STDERR_REDIRECT] 
2026-02-13 17:59:01,270 [ERROR] LogOutputStream:75 - [STDERR_REDIRECT] Feb 13, 2026 5:59:01 PM org.eclipse.lsp4j.jsonrpc.services.GenericEndpoint notify
2026-02-13 17:59:01,270 [ERROR] LogOutputStream:75 - [STDERR_REDIRECT] WARNING: Unsupported notification method: didChangeStatus
2026-02-13 17:59:01,271 [ERROR] LogOutputStream:75 - [STDERR_REDIRECT] 
2026-02-13 17:59:01,903 [ERROR] LogOutputStream:75 - [STDERR_REDIRECT] Feb 13, 2026 5:59:01 PM org.eclipse.lsp4j.jsonrpc.services.GenericEndpoint notify
2026-02-13 17:59:01,904 [ERROR] LogOutputStream:75 - [STDERR_REDIRECT] WARNING: Unsupported notification method: statusNotification
2026-02-13 17:59:01,904 [ERROR] LogOutputStream:75 - [STDERR_REDIRECT] 
2026-02-13 17:59:01,906 [ERROR] LogOutputStream:75 - [STDERR_REDIRECT] Feb 13, 2026 5:59:01 PM org.eclipse.lsp4j.jsonrpc.services.GenericEndpoint notify
2026-02-13 17:59:01,906 [ERROR] LogOutputStream:75 - [STDERR_REDIRECT] WARNING: Unsupported notification method: didChangeStatus
2026-02-13 17:59:01,907 [ERROR] LogOutputStream:75 - [STDERR_REDIRECT] 
2026-02-13 17:59:04,697 [ERROR] LogOutputStream:75 - [STDERR_REDIRECT] Feb 13, 2026 5:59:04 PM org.eclipse.lsp4j.jsonrpc.services.GenericEndpoint notify
2026-02-13 17:59:04,699 [ERROR] LogOutputStream:75 - [STDERR_REDIRECT] WARNING: Unsupported notification method: statusNotification
2026-02-13 17:59:04,699 [ERROR] LogOutputStream:75 - [STDERR_REDIRECT] 
2026-02-13 17:59:04,701 [ERROR] LogOutputStream:75 - [STDERR_REDIRECT] Feb 13, 2026 5:59:04 PM org.eclipse.lsp4j.jsonrpc.services.GenericEndpoint notify
2026-02-13 17:59:04,701 [ERROR] LogOutputStream:75 - [STDERR_REDIRECT] WARNING: Unsupported notification method: didChangeStatus
2026-02-13 17:59:04,702 [ERROR] LogOutputStream:75 - [STDERR_REDIRECT] 
2026-02-13 17:59:05,406 [ERROR] LogOutputStream:75 - [STDERR_REDIRECT] Feb 13, 2026 5:59:05 PM org.eclipse.lsp4j.jsonrpc.services.GenericEndpoint notify
2026-02-13 17:59:05,407 [ERROR] LogOutputStream:75 - [STDERR_REDIRECT] WARNING: Unsupported notification method: statusNotification
2026-02-13 17:59:05,407 [ERROR] LogOutputStream:75 - [STDERR_REDIRECT] 
2026-02-13 17:59:05,408 [ERROR] LogOutputStream:75 - [STDERR_REDIRECT] Feb 13, 2026 5:59:05 PM org.eclipse.lsp4j.jsonrpc.services.GenericEndpoint notify
2026-02-13 17:59:05,409 [ERROR] LogOutputStream:75 - [STDERR_REDIRECT] WARNING: Unsupported notification method: didChangeStatus
2026-02-13 17:59:05,409 [ERROR] LogOutputStream:75 - [STDERR_REDIRECT] 
2026-02-13 17:59:05,538 [ERROR] LogOutputStream:75 - [STDERR_REDIRECT] Feb 13, 2026 5:59:05 PM org.eclipse.lsp4j.jsonrpc.services.GenericEndpoint notify
2026-02-13 17:59:05,541 [ERROR] LogOutputStream:75 - [STDERR_REDIRECT] WARNING: Unsupported notification method: statusNotification
2026-02-13 17:59:05,542 [ERROR] LogOutputStream:75 - [STDERR_REDIRECT] 
2026-02-13 17:59:05,544 [ERROR] LogOutputStream:75 - [STDERR_REDIRECT] Feb 13, 2026 5:59:05 PM org.eclipse.lsp4j.jsonrpc.services.GenericEndpoint notify
2026-02-13 17:59:05,545 [ERROR] LogOutputStream:75 - [STDERR_REDIRECT] WARNING: Unsupported notification method: didChangeStatus
2026-02-13 17:59:05,545 [ERROR] LogOutputStream:75 - [STDERR_REDIRECT] 
2026-02-13 17:59:06,080 [ERROR] LogOutputStream:75 - [STDERR_REDIRECT] Feb 13, 2026 5:59:06 PM org.eclipse.lsp4j.jsonrpc.services.GenericEndpoint notify
2026-02-13 17:59:06,081 [ERROR] LogOutputStream:75 - [STDERR_REDIRECT] WARNING: Unsupported notification method: statusNotification
2026-02-13 17:59:06,082 [ERROR] LogOutputStream:75 - [STDERR_REDIRECT] 
2026-02-13 17:59:06,083 [ERROR] LogOutputStream:75 - [STDERR_REDIRECT] Feb 13, 2026 5:59:06 PM org.eclipse.lsp4j.jsonrpc.services.GenericEndpoint notify
2026-02-13 17:59:06,084 [ERROR] LogOutputStream:75 - [STDERR_REDIRECT] WARNING: Unsupported notification method: didChangeStatus
2026-02-13 17:59:06,084 [ERROR] LogOutputStream:75 - [STDERR_REDIRECT] 
2026-02-13 17:59:06,157 [ERROR] LogOutputStream:75 - [STDERR_REDIRECT] Feb 13, 2026 5:59:06 PM org.eclipse.lsp4j.jsonrpc.services.GenericEndpoint notify
2026-02-13 17:59:06,157 [ERROR] LogOutputStream:75 - [STDERR_REDIRECT] WARNING: Unsupported notification method: statusNotification
2026-02-13 17:59:06,157 [ERROR] LogOutputStream:75 - [STDERR_REDIRECT] 
2026-02-13 17:59:06,158 [ERROR] LogOutputStream:75 - [STDERR_REDIRECT] Feb 13, 2026 5:59:06 PM org.eclipse.lsp4j.jsonrpc.services.GenericEndpoint notify
2026-02-13 17:59:06,158 [ERROR] LogOutputStream:75 - [STDERR_REDIRECT] WARNING: Unsupported notification method: didChangeStatus
2026-02-13 17:59:06,158 [ERROR] LogOutputStream:75 - [STDERR_REDIRECT] 
2026-02-13 17:59:06,159 [ERROR] LogOutputStream:75 - [STDERR_REDIRECT] Feb 13, 2026 5:59:06 PM org.eclipse.lsp4j.jsonrpc.services.GenericEndpoint notify
2026-02-13 17:59:06,159 [ERROR] LogOutputStream:75 - [STDERR_REDIRECT] WARNING: Unsupported notification method: statusNotification
2026-02-13 17:59:06,159 [ERROR] LogOutputStream:75 - [STDERR_REDIRECT] 
2026-02-13 17:59:06,159 [ERROR] LogOutputStream:75 - [STDERR_REDIRECT] Feb 13, 2026 5:59:06 PM org.eclipse.lsp4j.jsonrpc.services.GenericEndpoint notify
2026-02-13 17:59:06,159 [ERROR] LogOutputStream:75 - [STDERR_REDIRECT] WARNING: Unsupported notification method: didChangeStatus
2026-02-13 17:59:06,159 [ERROR] LogOutputStream:75 - [STDERR_REDIRECT] 
2026-02-13 17:59:06,208 [ERROR] LogOutputStream:75 - [STDERR_REDIRECT] Feb 13, 2026 5:59:06 PM org.eclipse.lsp4j.jsonrpc.services.GenericEndpoint notify
2026-02-13 17:59:06,209 [ERROR] LogOutputStream:75 - [STDERR_REDIRECT] WARNING: Unsupported notification method: statusNotification
2026-02-13 17:59:06,209 [ERROR] LogOutputStream:75 - [STDERR_REDIRECT] 
2026-02-13 17:59:06,210 [ERROR] LogOutputStream:75 - [STDERR_REDIRECT] Feb 13, 2026 5:59:06 PM org.eclipse.lsp4j.jsonrpc.services.GenericEndpoint notify
2026-02-13 17:59:06,211 [ERROR] LogOutputStream:75 - [STDERR_REDIRECT] WARNING: Unsupported notification method: didChangeStatus
2026-02-13 17:59:06,212 [ERROR] LogOutputStream:75 - [STDERR_REDIRECT] 
2026-02-13 17:59:06,923 [ERROR] LogOutputStream:75 - [STDERR_REDIRECT] Feb 13, 2026 5:59:06 PM org.eclipse.lsp4j.jsonrpc.services.GenericEndpoint notify
2026-02-13 17:59:06,924 [ERROR] LogOutputStream:75 - [STDERR_REDIRECT] WARNING: Unsupported notification method: statusNotification
2026-02-13 17:59:06,924 [ERROR] LogOutputStream:75 - [STDERR_REDIRECT] 
2026-02-13 17:59:06,924 [ERROR] LogOutputStream:75 - [STDERR_REDIRECT] Feb 13, 2026 5:59:06 PM org.eclipse.lsp4j.jsonrpc.services.GenericEndpoint notify
2026-02-13 17:59:06,925 [ERROR] LogOutputStream:75 - [STDERR_REDIRECT] WARNING: Unsupported notification method: didChangeStatus
2026-02-13 17:59:06,925 [ERROR] LogOutputStream:75 - [STDERR_REDIRECT] 
2026-02-13 17:59:08,989 [ERROR] LogOutputStream:75 - [STDERR_REDIRECT] Feb 13, 2026 5:59:08 PM org.eclipse.lsp4j.jsonrpc.services.GenericEndpoint notify
2026-02-13 17:59:08,989 [ERROR] LogOutputStream:75 - [STDERR_REDIRECT] WARNING: Unsupported notification method: statusNotification
2026-02-13 17:59:08,990 [ERROR] LogOutputStream:75 - [STDERR_REDIRECT] 
2026-02-13 17:59:08,992 [ERROR] LogOutputStream:75 - [STDERR_REDIRECT] Feb 13, 2026 5:59:08 PM org.eclipse.lsp4j.jsonrpc.services.GenericEndpoint notify
2026-02-13 17:59:08,994 [ERROR] LogOutputStream:75 - [STDERR_REDIRECT] WARNING: Unsupported notification method: didChangeStatus
2026-02-13 17:59:08,996 [ERROR] LogOutputStream:75 - [STDERR_REDIRECT] 
2026-02-13 17:59:09,524 [ERROR] LogOutputStream:75 - [STDERR_REDIRECT] Feb 13, 2026 5:59:09 PM org.eclipse.lsp4j.jsonrpc.services.GenericEndpoint notify
2026-02-13 17:59:09,525 [ERROR] LogOutputStream:75 - [STDERR_REDIRECT] WARNING: Unsupported notification method: statusNotification
2026-02-13 17:59:09,525 [ERROR] LogOutputStream:75 - [STDERR_REDIRECT] 
2026-02-13 17:59:09,527 [ERROR] LogOutputStream:75 - [STDERR_REDIRECT] Feb 13, 2026 5:59:09 PM org.eclipse.lsp4j.jsonrpc.services.GenericEndpoint notify
2026-02-13 17:59:09,528 [ERROR] LogOutputStream:75 - [STDERR_REDIRECT] WARNING: Unsupported notification method: didChangeStatus
2026-02-13 17:59:09,528 [ERROR] LogOutputStream:75 - [STDERR_REDIRECT] 
2026-02-13 17:59:09,622 [ERROR] LogOutputStream:75 - [STDERR_REDIRECT] Feb 13, 2026 5:59:09 PM org.eclipse.lsp4j.jsonrpc.services.GenericEndpoint notify
2026-02-13 17:59:09,623 [ERROR] LogOutputStream:75 - [STDERR_REDIRECT] WARNING: Unsupported notification method: statusNotification
2026-02-13 17:59:09,623 [ERROR] LogOutputStream:75 - [STDERR_REDIRECT] 
2026-02-13 17:59:09,624 [ERROR] LogOutputStream:75 - [STDERR_REDIRECT] Feb 13, 2026 5:59:09 PM org.eclipse.lsp4j.jsonrpc.services.GenericEndpoint notify
2026-02-13 17:59:09,624 [ERROR] LogOutputStream:75 - [STDERR_REDIRECT] WARNING: Unsupported notification method: didChangeStatus
2026-02-13 17:59:09,624 [ERROR] LogOutputStream:75 - [STDERR_REDIRECT] 
2026-02-13 17:59:10,152 [ERROR] LogOutputStream:75 - [STDERR_REDIRECT] Feb 13, 2026 5:59:10 PM org.eclipse.lsp4j.jsonrpc.services.GenericEndpoint notify
2026-02-13 17:59:10,153 [ERROR] LogOutputStream:75 - [STDERR_REDIRECT] WARNING: Unsupported notification method: statusNotification
2026-02-13 17:59:10,153 [ERROR] LogOutputStream:75 - [STDERR_REDIRECT] 
2026-02-13 17:59:10,154 [ERROR] LogOutputStream:75 - [STDERR_REDIRECT] Feb 13, 2026 5:59:10 PM org.eclipse.lsp4j.jsonrpc.services.GenericEndpoint notify
2026-02-13 17:59:10,154 [ERROR] LogOutputStream:75 - [STDERR_REDIRECT] WARNING: Unsupported notification method: didChangeStatus
2026-02-13 17:59:10,154 [ERROR] LogOutputStream:75 - [STDERR_REDIRECT] 
2026-02-13 17:59:10,202 [ERROR] LogOutputStream:75 - [STDERR_REDIRECT] Feb 13, 2026 5:59:10 PM org.eclipse.lsp4j.jsonrpc.services.GenericEndpoint notify
2026-02-13 17:59:10,203 [ERROR] LogOutputStream:75 - [STDERR_REDIRECT] WARNING: Unsupported notification method: statusNotification
2026-02-13 17:59:10,203 [ERROR] LogOutputStream:75 - [STDERR_REDIRECT] 
2026-02-13 17:59:10,205 [ERROR] LogOutputStream:75 - [STDERR_REDIRECT] Feb 13, 2026 5:59:10 PM org.eclipse.lsp4j.jsonrpc.services.GenericEndpoint notify
2026-02-13 17:59:10,206 [ERROR] LogOutputStream:75 - [STDERR_REDIRECT] WARNING: Unsupported notification method: didChangeStatus
2026-02-13 17:59:10,206 [ERROR] LogOutputStream:75 - [STDERR_REDIRECT] 
2026-02-13 17:59:10,778 [ERROR] LogOutputStream:75 - [STDERR_REDIRECT] Feb 13, 2026 5:59:10 PM org.eclipse.lsp4j.jsonrpc.services.GenericEndpoint notify
2026-02-13 17:59:10,779 [ERROR] LogOutputStream:75 - [STDERR_REDIRECT] WARNING: Unsupported notification method: statusNotification
2026-02-13 17:59:10,779 [ERROR] LogOutputStream:75 - [STDERR_REDIRECT] 
2026-02-13 17:59:10,781 [ERROR] LogOutputStream:75 - [STDERR_REDIRECT] Feb 13, 2026 5:59:10 PM org.eclipse.lsp4j.jsonrpc.services.GenericEndpoint notify
2026-02-13 17:59:10,781 [ERROR] LogOutputStream:75 - [STDERR_REDIRECT] WARNING: Unsupported notification method: didChangeStatus
2026-02-13 17:59:10,781 [ERROR] LogOutputStream:75 - [STDERR_REDIRECT] 
2026-02-13 17:59:10,822 [ERROR] LogOutputStream:75 - [STDERR_REDIRECT] Feb 13, 2026 5:59:10 PM org.eclipse.lsp4j.jsonrpc.services.GenericEndpoint notify
2026-02-13 17:59:10,822 [ERROR] LogOutputStream:75 - [STDERR_REDIRECT] WARNING: Unsupported notification method: statusNotification
2026-02-13 17:59:10,822 [ERROR] LogOutputStream:75 - [STDERR_REDIRECT] 
2026-02-13 17:59:10,823 [ERROR] LogOutputStream:75 - [STDERR_REDIRECT] Feb 13, 2026 5:59:10 PM org.eclipse.lsp4j.jsonrpc.services.GenericEndpoint notify
2026-02-13 17:59:10,823 [ERROR] LogOutputStream:75 - [STDERR_REDIRECT] WARNING: Unsupported notification method: didChangeStatus
2026-02-13 17:59:10,823 [ERROR] LogOutputStream:75 - [STDERR_REDIRECT] 
2026-02-13 17:59:10,988 [ERROR] LogOutputStream:75 - [STDERR_REDIRECT] Feb 13, 2026 5:59:10 PM org.eclipse.lsp4j.jsonrpc.services.GenericEndpoint notify
2026-02-13 17:59:10,988 [ERROR] LogOutputStream:75 - [STDERR_REDIRECT] WARNING: Unsupported notification method: statusNotification
2026-02-13 17:59:10,988 [ERROR] LogOutputStream:75 - [STDERR_REDIRECT] 
2026-02-13 17:59:10,989 [ERROR] LogOutputStream:75 - [STDERR_REDIRECT] Feb 13, 2026 5:59:10 PM org.eclipse.lsp4j.jsonrpc.services.GenericEndpoint notify
2026-02-13 17:59:10,990 [ERROR] LogOutputStream:75 - [STDERR_REDIRECT] WARNING: Unsupported notification method: didChangeStatus
2026-02-13 17:59:10,990 [ERROR] LogOutputStream:75 - [STDERR_REDIRECT] 
2026-02-13 17:59:11,030 [ERROR] LogOutputStream:75 - [STDERR_REDIRECT] Feb 13, 2026 5:59:11 PM org.eclipse.lsp4j.jsonrpc.services.GenericEndpoint notify
2026-02-13 17:59:11,030 [ERROR] LogOutputStream:75 - [STDERR_REDIRECT] WARNING: Unsupported notification method: statusNotification
2026-02-13 17:59:11,031 [ERROR] LogOutputStream:75 - [STDERR_REDIRECT] 
2026-02-13 17:59:11,033 [ERROR] LogOutputStream:75 - [STDERR_REDIRECT] Feb 13, 2026 5:59:11 PM org.eclipse.lsp4j.jsonrpc.services.GenericEndpoint notify
2026-02-13 17:59:11,034 [ERROR] LogOutputStream:75 - [STDERR_REDIRECT] WARNING: Unsupported notification method: didChangeStatus
2026-02-13 17:59:11,034 [ERROR] LogOutputStream:75 - [STDERR_REDIRECT] 
2026-02-13 17:59:11,593 [ERROR] LogOutputStream:75 - [STDERR_REDIRECT] Feb 13, 2026 5:59:11 PM org.eclipse.lsp4j.jsonrpc.services.GenericEndpoint notify
2026-02-13 17:59:11,595 [ERROR] LogOutputStream:75 - [STDERR_REDIRECT] WARNING: Unsupported notification method: statusNotification
2026-02-13 17:59:11,595 [ERROR] LogOutputStream:75 - [STDERR_REDIRECT] 
2026-02-13 17:59:11,597 [ERROR] LogOutputStream:75 - [STDERR_REDIRECT] Feb 13, 2026 5:59:11 PM org.eclipse.lsp4j.jsonrpc.services.GenericEndpoint notify
2026-02-13 17:59:11,597 [ERROR] LogOutputStream:75 - [STDERR_REDIRECT] WARNING: Unsupported notification method: didChangeStatus
2026-02-13 17:59:11,597 [ERROR] LogOutputStream:75 - [STDERR_REDIRECT] 
2026-02-13 17:59:11,644 [ERROR] LogOutputStream:75 - [STDERR_REDIRECT] Feb 13, 2026 5:59:11 PM org.eclipse.lsp4j.jsonrpc.services.GenericEndpoint notify
2026-02-13 17:59:11,645 [ERROR] LogOutputStream:75 - [STDERR_REDIRECT] WARNING: Unsupported notification method: statusNotification
2026-02-13 17:59:11,645 [ERROR] LogOutputStream:75 - [STDERR_REDIRECT] 
2026-02-13 17:59:11,648 [ERROR] LogOutputStream:75 - [STDERR_REDIRECT] Feb 13, 2026 5:59:11 PM org.eclipse.lsp4j.jsonrpc.services.GenericEndpoint notify
2026-02-13 17:59:11,648 [ERROR] LogOutputStream:75 - [STDERR_REDIRECT] WARNING: Unsupported notification method: didChangeStatus
2026-02-13 17:59:11,649 [ERROR] LogOutputStream:75 - [STDERR_REDIRECT] 
2026-02-13 17:59:11,651 [ERROR] LogOutputStream:75 - [STDERR_REDIRECT] Feb 13, 2026 5:59:11 PM org.eclipse.lsp4j.jsonrpc.services.GenericEndpoint notify
2026-02-13 17:59:11,651 [ERROR] LogOutputStream:75 - [STDERR_REDIRECT] WARNING: Unsupported notification method: statusNotification
2026-02-13 17:59:11,651 [ERROR] LogOutputStream:75 - [STDERR_REDIRECT] 
2026-02-13 17:59:11,652 [ERROR] LogOutputStream:75 - [STDERR_REDIRECT] Feb 13, 2026 5:59:11 PM org.eclipse.lsp4j.jsonrpc.services.GenericEndpoint notify
2026-02-13 17:59:11,652 [ERROR] LogOutputStream:75 - [STDERR_REDIRECT] WARNING: Unsupported notification method: didChangeStatus
2026-02-13 17:59:11,652 [ERROR] LogOutputStream:75 - [STDERR_REDIRECT] 
2026-02-13 17:59:11,706 [ERROR] LogOutputStream:75 - [STDERR_REDIRECT] Feb 13, 2026 5:59:11 PM org.eclipse.lsp4j.jsonrpc.services.GenericEndpoint notify
2026-02-13 17:59:11,707 [ERROR] LogOutputStream:75 - [STDERR_REDIRECT] WARNING: Unsupported notification method: statusNotification
2026-02-13 17:59:11,707 [ERROR] LogOutputStream:75 - [STDERR_REDIRECT] 
2026-02-13 17:59:11,710 [ERROR] LogOutputStream:75 - [STDERR_REDIRECT] Feb 13, 2026 5:59:11 PM org.eclipse.lsp4j.jsonrpc.services.GenericEndpoint notify
2026-02-13 17:59:11,711 [ERROR] LogOutputStream:75 - [STDERR_REDIRECT] WARNING: Unsupported notification method: didChangeStatus
2026-02-13 17:59:11,713 [ERROR] LogOutputStream:75 - [STDERR_REDIRECT] 
2026-02-13 17:59:12,119 [ERROR] LogOutputStream:75 - [STDERR_REDIRECT] Feb 13, 2026 5:59:12 PM org.eclipse.lsp4j.jsonrpc.services.GenericEndpoint notify
2026-02-13 17:59:12,120 [ERROR] LogOutputStream:75 - [STDERR_REDIRECT] WARNING: Unsupported notification method: statusNotification
2026-02-13 17:59:12,120 [ERROR] LogOutputStream:75 - [STDERR_REDIRECT] 
2026-02-13 17:59:12,121 [ERROR] LogOutputStream:75 - [STDERR_REDIRECT] Feb 13, 2026 5:59:12 PM org.eclipse.lsp4j.jsonrpc.services.GenericEndpoint notify
2026-02-13 17:59:12,121 [ERROR] LogOutputStream:75 - [STDERR_REDIRECT] WARNING: Unsupported notification method: didChangeStatus
2026-02-13 17:59:12,121 [ERROR] LogOutputStream:75 - [STDERR_REDIRECT] 
2026-02-13 17:59:12,205 [ERROR] LogOutputStream:75 - [STDERR_REDIRECT] Feb 13, 2026 5:59:12 PM org.eclipse.lsp4j.jsonrpc.services.GenericEndpoint notify
2026-02-13 17:59:12,205 [ERROR] LogOutputStream:75 - [STDERR_REDIRECT] WARNING: Unsupported notification method: statusNotification
2026-02-13 17:59:12,206 [ERROR] LogOutputStream:75 - [STDERR_REDIRECT] 
2026-02-13 17:59:12,206 [ERROR] LogOutputStream:75 - [STDERR_REDIRECT] Feb 13, 2026 5:59:12 PM org.eclipse.lsp4j.jsonrpc.services.GenericEndpoint notify
2026-02-13 17:59:12,207 [ERROR] LogOutputStream:75 - [STDERR_REDIRECT] WARNING: Unsupported notification method: didChangeStatus
2026-02-13 17:59:12,207 [ERROR] LogOutputStream:75 - [STDERR_REDIRECT] 
2026-02-13 17:59:12,208 [ERROR] LogOutputStream:75 - [STDERR_REDIRECT] Feb 13, 2026 5:59:12 PM org.eclipse.lsp4j.jsonrpc.services.GenericEndpoint notify
2026-02-13 17:59:12,208 [ERROR] LogOutputStream:75 - [STDERR_REDIRECT] WARNING: Unsupported notification method: statusNotification
2026-02-13 17:59:12,208 [ERROR] LogOutputStream:75 - [STDERR_REDIRECT] 
2026-02-13 17:59:12,209 [ERROR] LogOutputStream:75 - [STDERR_REDIRECT] Feb 13, 2026 5:59:12 PM org.eclipse.lsp4j.jsonrpc.services.GenericEndpoint notify
2026-02-13 17:59:12,209 [ERROR] LogOutputStream:75 - [STDERR_REDIRECT] WARNING: Unsupported notification method: didChangeStatus
2026-02-13 17:59:12,209 [ERROR] LogOutputStream:75 - [STDERR_REDIRECT] 
2026-02-13 17:59:12,328 [ERROR] LogOutputStream:75 - [STDERR_REDIRECT] Feb 13, 2026 5:59:12 PM org.eclipse.lsp4j.jsonrpc.services.GenericEndpoint notify
2026-02-13 17:59:12,328 [ERROR] LogOutputStream:75 - [STDERR_REDIRECT] WARNING: Unsupported notification method: statusNotification
2026-02-13 17:59:12,329 [ERROR] LogOutputStream:75 - [STDERR_REDIRECT] 
2026-02-13 17:59:12,330 [ERROR] LogOutputStream:75 - [STDERR_REDIRECT] Feb 13, 2026 5:59:12 PM org.eclipse.lsp4j.jsonrpc.services.GenericEndpoint notify
2026-02-13 17:59:12,330 [ERROR] LogOutputStream:75 - [STDERR_REDIRECT] WARNING: Unsupported notification method: didChangeStatus
2026-02-13 17:59:12,330 [ERROR] LogOutputStream:75 - [STDERR_REDIRECT] 
2026-02-13 17:59:12,331 [ERROR] LogOutputStream:75 - [STDERR_REDIRECT] Feb 13, 2026 5:59:12 PM org.eclipse.lsp4j.jsonrpc.services.GenericEndpoint notify
2026-02-13 17:59:12,331 [ERROR] LogOutputStream:75 - [STDERR_REDIRECT] WARNING: Unsupported notification method: statusNotification
2026-02-13 17:59:12,332 [ERROR] LogOutputStream:75 - [STDERR_REDIRECT] 
2026-02-13 17:59:12,332 [ERROR] LogOutputStream:75 - [STDERR_REDIRECT] Feb 13, 2026 5:59:12 PM org.eclipse.lsp4j.jsonrpc.services.GenericEndpoint notify
2026-02-13 17:59:12,333 [ERROR] LogOutputStream:75 - [STDERR_REDIRECT] WARNING: Unsupported notification method: didChangeStatus
2026-02-13 17:59:12,333 [ERROR] LogOutputStream:75 - [STDERR_REDIRECT] 
2026-02-13 17:59:12,417 [ERROR] LogOutputStream:75 - [STDERR_REDIRECT] Feb 13, 2026 5:59:12 PM org.eclipse.lsp4j.jsonrpc.services.GenericEndpoint notify
2026-02-13 17:59:12,418 [ERROR] LogOutputStream:75 - [STDERR_REDIRECT] WARNING: Unsupported notification method: statusNotification
2026-02-13 17:59:12,418 [ERROR] LogOutputStream:75 - [STDERR_REDIRECT] 
2026-02-13 17:59:12,419 [ERROR] LogOutputStream:75 - [STDERR_REDIRECT] Feb 13, 2026 5:59:12 PM org.eclipse.lsp4j.jsonrpc.services.GenericEndpoint notify
2026-02-13 17:59:12,419 [ERROR] LogOutputStream:75 - [STDERR_REDIRECT] WARNING: Unsupported notification method: didChangeStatus
2026-02-13 17:59:12,419 [ERROR] LogOutputStream:75 - [STDERR_REDIRECT] 
2026-02-13 17:59:12,773 [ERROR] LogOutputStream:75 - [STDERR_REDIRECT] Feb 13, 2026 5:59:12 PM org.eclipse.lsp4j.jsonrpc.services.GenericEndpoint notify
2026-02-13 17:59:12,774 [ERROR] LogOutputStream:75 - [STDERR_REDIRECT] WARNING: Unsupported notification method: statusNotification
2026-02-13 17:59:12,774 [ERROR] LogOutputStream:75 - [STDERR_REDIRECT] 
2026-02-13 17:59:12,775 [ERROR] LogOutputStream:75 - [STDERR_REDIRECT] Feb 13, 2026 5:59:12 PM org.eclipse.lsp4j.jsonrpc.services.GenericEndpoint notify
2026-02-13 17:59:12,775 [ERROR] LogOutputStream:75 - [STDERR_REDIRECT] WARNING: Unsupported notification method: didChangeStatus
2026-02-13 17:59:12,776 [ERROR] LogOutputStream:75 - [STDERR_REDIRECT] 
2026-02-13 18:01:07,577 [ERROR] LogOutputStream:75 - [STDERR_REDIRECT] Feb 13, 2026 6:01:07 PM org.eclipse.lsp4j.jsonrpc.services.GenericEndpoint notify
2026-02-13 18:01:07,580 [ERROR] LogOutputStream:75 - [STDERR_REDIRECT] WARNING: Unsupported notification method: statusNotification
2026-02-13 18:01:07,581 [ERROR] LogOutputStream:75 - [STDERR_REDIRECT] 
2026-02-13 18:01:07,582 [ERROR] LogOutputStream:75 - [STDERR_REDIRECT] Feb 13, 2026 6:01:07 PM org.eclipse.lsp4j.jsonrpc.services.GenericEndpoint notify
2026-02-13 18:01:07,583 [ERROR] LogOutputStream:75 - [STDERR_REDIRECT] WARNING: Unsupported notification method: didChangeStatus
2026-02-13 18:01:07,583 [ERROR] LogOutputStream:75 - [STDERR_REDIRECT] 
2026-02-13 18:01:08,231 [ERROR] LogOutputStream:75 - [STDERR_REDIRECT] Feb 13, 2026 6:01:08 PM org.eclipse.lsp4j.jsonrpc.services.GenericEndpoint notify
2026-02-13 18:01:08,232 [ERROR] LogOutputStream:75 - [STDERR_REDIRECT] WARNING: Unsupported notification method: statusNotification
2026-02-13 18:01:08,232 [ERROR] LogOutputStream:75 - [STDERR_REDIRECT] 
2026-02-13 18:01:08,233 [ERROR] LogOutputStream:75 - [STDERR_REDIRECT] Feb 13, 2026 6:01:08 PM org.eclipse.lsp4j.jsonrpc.services.GenericEndpoint notify
2026-02-13 18:01:08,233 [ERROR] LogOutputStream:75 - [STDERR_REDIRECT] WARNING: Unsupported notification method: didChangeStatus
2026-02-13 18:01:08,233 [ERROR] LogOutputStream:75 - [STDERR_REDIRECT] 
2026-02-13 18:01:08,365 [ERROR] LogOutputStream:75 - [STDERR_REDIRECT] Feb 13, 2026 6:01:08 PM org.eclipse.lsp4j.jsonrpc.services.GenericEndpoint notify
2026-02-13 18:01:08,366 [ERROR] LogOutputStream:75 - [STDERR_REDIRECT] WARNING: Unsupported notification method: statusNotification
2026-02-13 18:01:08,366 [ERROR] LogOutputStream:75 - [STDERR_REDIRECT] 
2026-02-13 18:01:08,367 [ERROR] LogOutputStream:75 - [STDERR_REDIRECT] Feb 13, 2026 6:01:08 PM org.eclipse.lsp4j.jsonrpc.services.GenericEndpoint notify
2026-02-13 18:01:08,367 [ERROR] LogOutputStream:75 - [STDERR_REDIRECT] WARNING: Unsupported notification method: didChangeStatus
2026-02-13 18:01:08,367 [ERROR] LogOutputStream:75 - [STDERR_REDIRECT] 
2026-02-13 18:01:08,368 [ERROR] LogOutputStream:75 - [STDERR_REDIRECT] Feb 13, 2026 6:01:08 PM org.eclipse.lsp4j.jsonrpc.services.GenericEndpoint notify
2026-02-13 18:01:08,368 [ERROR] LogOutputStream:75 - [STDERR_REDIRECT] WARNING: Unsupported notification method: statusNotification
2026-02-13 18:01:08,368 [ERROR] LogOutputStream:75 - [STDERR_REDIRECT] 
2026-02-13 18:01:08,369 [ERROR] LogOutputStream:75 - [STDERR_REDIRECT] Feb 13, 2026 6:01:08 PM org.eclipse.lsp4j.jsonrpc.services.GenericEndpoint notify
2026-02-13 18:01:08,369 [ERROR] LogOutputStream:75 - [STDERR_REDIRECT] WARNING: Unsupported notification method: didChangeStatus
2026-02-13 18:01:08,370 [ERROR] LogOutputStream:75 - [STDERR_REDIRECT] 
2026-02-13 18:01:08,433 [ERROR] LogOutputStream:75 - [STDERR_REDIRECT] Feb 13, 2026 6:01:08 PM org.eclipse.lsp4j.jsonrpc.services.GenericEndpoint notify
2026-02-13 18:01:08,434 [ERROR] LogOutputStream:75 - [STDERR_REDIRECT] WARNING: Unsupported notification method: statusNotification
2026-02-13 18:01:08,434 [ERROR] LogOutputStream:75 - [STDERR_REDIRECT] 
2026-02-13 18:01:08,434 [ERROR] LogOutputStream:75 - [STDERR_REDIRECT] Feb 13, 2026 6:01:08 PM org.eclipse.lsp4j.jsonrpc.services.GenericEndpoint notify
2026-02-13 18:01:08,435 [ERROR] LogOutputStream:75 - [STDERR_REDIRECT] WARNING: Unsupported notification method: didChangeStatus
2026-02-13 18:01:08,435 [ERROR] LogOutputStream:75 - [STDERR_REDIRECT] 
2026-02-13 18:01:09,144 [ERROR] LogOutputStream:75 - [STDERR_REDIRECT] Feb 13, 2026 6:01:09 PM org.eclipse.lsp4j.jsonrpc.services.GenericEndpoint notify
2026-02-13 18:01:09,145 [ERROR] LogOutputStream:75 - [STDERR_REDIRECT] WARNING: Unsupported notification method: statusNotification
2026-02-13 18:01:09,146 [ERROR] LogOutputStream:75 - [STDERR_REDIRECT] 
2026-02-13 18:01:09,149 [ERROR] LogOutputStream:75 - [STDERR_REDIRECT] Feb 13, 2026 6:01:09 PM org.eclipse.lsp4j.jsonrpc.services.GenericEndpoint notify
2026-02-13 18:01:09,149 [ERROR] LogOutputStream:75 - [STDERR_REDIRECT] WARNING: Unsupported notification method: didChangeStatus
2026-02-13 18:01:09,150 [ERROR] LogOutputStream:75 - [STDERR_REDIRECT] 
2026-02-13 18:01:09,230 [ERROR] LogOutputStream:75 - [STDERR_REDIRECT] Feb 13, 2026 6:01:09 PM org.eclipse.lsp4j.jsonrpc.services.GenericEndpoint notify
2026-02-13 18:01:09,232 [ERROR] LogOutputStream:75 - [STDERR_REDIRECT] WARNING: Unsupported notification method: statusNotification
2026-02-13 18:01:09,233 [ERROR] LogOutputStream:75 - [STDERR_REDIRECT] 
2026-02-13 18:01:09,235 [ERROR] LogOutputStream:75 - [STDERR_REDIRECT] Feb 13, 2026 6:01:09 PM org.eclipse.lsp4j.jsonrpc.services.GenericEndpoint notify
2026-02-13 18:01:09,236 [ERROR] LogOutputStream:75 - [STDERR_REDIRECT] WARNING: Unsupported notification method: didChangeStatus
2026-02-13 18:01:09,236 [ERROR] LogOutputStream:75 - [STDERR_REDIRECT] 
2026-02-13 18:01:09,639 [ERROR] LogOutputStream:75 - [STDERR_REDIRECT] Feb 13, 2026 6:01:09 PM org.eclipse.lsp4j.jsonrpc.services.GenericEndpoint notify
2026-02-13 18:01:09,640 [ERROR] LogOutputStream:75 - [STDERR_REDIRECT] WARNING: Unsupported notification method: statusNotification
2026-02-13 18:01:09,641 [ERROR] LogOutputStream:75 - [STDERR_REDIRECT] 
2026-02-13 18:01:09,642 [ERROR] LogOutputStream:75 - [STDERR_REDIRECT] Feb 13, 2026 6:01:09 PM org.eclipse.lsp4j.jsonrpc.services.GenericEndpoint notify
2026-02-13 18:01:09,643 [ERROR] LogOutputStream:75 - [STDERR_REDIRECT] WARNING: Unsupported notification method: didChangeStatus
2026-02-13 18:01:09,643 [ERROR] LogOutputStream:75 - [STDERR_REDIRECT] 
2026-02-13 18:01:09,687 [ERROR] LogOutputStream:75 - [STDERR_REDIRECT] Feb 13, 2026 6:01:09 PM org.eclipse.lsp4j.jsonrpc.services.GenericEndpoint notify
2026-02-13 18:01:09,688 [ERROR] LogOutputStream:75 - [STDERR_REDIRECT] WARNING: Unsupported notification method: statusNotification
2026-02-13 18:01:09,689 [ERROR] LogOutputStream:75 - [STDERR_REDIRECT] 
2026-02-13 18:01:09,693 [ERROR] LogOutputStream:75 - [STDERR_REDIRECT] Feb 13, 2026 6:01:09 PM org.eclipse.lsp4j.jsonrpc.services.GenericEndpoint notify
2026-02-13 18:01:09,694 [ERROR] LogOutputStream:75 - [STDERR_REDIRECT] WARNING: Unsupported notification method: didChangeStatus
2026-02-13 18:01:09,694 [ERROR] LogOutputStream:75 - [STDERR_REDIRECT] 
2026-02-13 18:01:10,102 [ERROR] LogOutputStream:75 - [STDERR_REDIRECT] Feb 13, 2026 6:01:10 PM org.eclipse.lsp4j.jsonrpc.services.GenericEndpoint notify
2026-02-13 18:01:10,102 [ERROR] LogOutputStream:75 - [STDERR_REDIRECT] WARNING: Unsupported notification method: statusNotification
2026-02-13 18:01:10,102 [ERROR] LogOutputStream:75 - [STDERR_REDIRECT] 
2026-02-13 18:01:10,106 [ERROR] LogOutputStream:75 - [STDERR_REDIRECT] Feb 13, 2026 6:01:10 PM org.eclipse.lsp4j.jsonrpc.services.GenericEndpoint notify
2026-02-13 18:01:10,107 [ERROR] LogOutputStream:75 - [STDERR_REDIRECT] WARNING: Unsupported notification method: didChangeStatus
2026-02-13 18:01:10,108 [ERROR] LogOutputStream:75 - [STDERR_REDIRECT] 
2026-02-13 18:01:10,145 [ERROR] LogOutputStream:75 - [STDERR_REDIRECT] Feb 13, 2026 6:01:10 PM org.eclipse.lsp4j.jsonrpc.services.GenericEndpoint notify
2026-02-13 18:01:10,145 [ERROR] LogOutputStream:75 - [STDERR_REDIRECT] WARNING: Unsupported notification method: statusNotification
2026-02-13 18:01:10,145 [ERROR] LogOutputStream:75 - [STDERR_REDIRECT] 
2026-02-13 18:01:10,146 [ERROR] LogOutputStream:75 - [STDERR_REDIRECT] Feb 13, 2026 6:01:10 PM org.eclipse.lsp4j.jsonrpc.services.GenericEndpoint notify
2026-02-13 18:01:10,146 [ERROR] LogOutputStream:75 - [STDERR_REDIRECT] WARNING: Unsupported notification method: didChangeStatus
2026-02-13 18:01:10,147 [ERROR] LogOutputStream:75 - [STDERR_REDIRECT] 
2026-02-13 18:01:10,529 [ERROR] LogOutputStream:75 - [STDERR_REDIRECT] Feb 13, 2026 6:01:10 PM org.eclipse.lsp4j.jsonrpc.services.GenericEndpoint notify
2026-02-13 18:01:10,530 [ERROR] LogOutputStream:75 - [STDERR_REDIRECT] WARNING: Unsupported notification method: statusNotification
2026-02-13 18:01:10,530 [ERROR] LogOutputStream:75 - [STDERR_REDIRECT] 
2026-02-13 18:01:10,531 [ERROR] LogOutputStream:75 - [STDERR_REDIRECT] Feb 13, 2026 6:01:10 PM org.eclipse.lsp4j.jsonrpc.services.GenericEndpoint notify
2026-02-13 18:01:10,531 [ERROR] LogOutputStream:75 - [STDERR_REDIRECT] WARNING: Unsupported notification method: didChangeStatus
2026-02-13 18:01:10,531 [ERROR] LogOutputStream:75 - [STDERR_REDIRECT] 
2026-02-13 18:01:10,564 [ERROR] LogOutputStream:75 - [STDERR_REDIRECT] Feb 13, 2026 6:01:10 PM org.eclipse.lsp4j.jsonrpc.services.GenericEndpoint notify
2026-02-13 18:01:10,564 [ERROR] LogOutputStream:75 - [STDERR_REDIRECT] WARNING: Unsupported notification method: statusNotification
2026-02-13 18:01:10,564 [ERROR] LogOutputStream:75 - [STDERR_REDIRECT] 
2026-02-13 18:01:10,565 [ERROR] LogOutputStream:75 - [STDERR_REDIRECT] Feb 13, 2026 6:01:10 PM org.eclipse.lsp4j.jsonrpc.services.GenericEndpoint notify
2026-02-13 18:01:10,565 [ERROR] LogOutputStream:75 - [STDERR_REDIRECT] WARNING: Unsupported notification method: didChangeStatus
2026-02-13 18:01:10,565 [ERROR] LogOutputStream:75 - [STDERR_REDIRECT] 
2026-02-13 18:01:10,737 [ERROR] LogOutputStream:75 - [STDERR_REDIRECT] Feb 13, 2026 6:01:10 PM org.eclipse.lsp4j.jsonrpc.services.GenericEndpoint notify
2026-02-13 18:01:10,738 [ERROR] LogOutputStream:75 - [STDERR_REDIRECT] WARNING: Unsupported notification method: statusNotification
2026-02-13 18:01:10,738 [ERROR] LogOutputStream:75 - [STDERR_REDIRECT] 
2026-02-13 18:01:10,739 [ERROR] LogOutputStream:75 - [STDERR_REDIRECT] Feb 13, 2026 6:01:10 PM org.eclipse.lsp4j.jsonrpc.services.GenericEndpoint notify
2026-02-13 18:01:10,739 [ERROR] LogOutputStream:75 - [STDERR_REDIRECT] WARNING: Unsupported notification method: didChangeStatus
2026-02-13 18:01:10,739 [ERROR] LogOutputStream:75 - [STDERR_REDIRECT] 
2026-02-13 18:01:10,774 [ERROR] LogOutputStream:75 - [STDERR_REDIRECT] Feb 13, 2026 6:01:10 PM org.eclipse.lsp4j.jsonrpc.services.GenericEndpoint notify
2026-02-13 18:01:10,775 [ERROR] LogOutputStream:75 - [STDERR_REDIRECT] WARNING: Unsupported notification method: statusNotification
2026-02-13 18:01:10,775 [ERROR] LogOutputStream:75 - [STDERR_REDIRECT] 
2026-02-13 18:01:10,775 [ERROR] LogOutputStream:75 - [STDERR_REDIRECT] Feb 13, 2026 6:01:10 PM org.eclipse.lsp4j.jsonrpc.services.GenericEndpoint notify
2026-02-13 18:01:10,776 [ERROR] LogOutputStream:75 - [STDERR_REDIRECT] WARNING: Unsupported notification method: didChangeStatus
2026-02-13 18:01:10,776 [ERROR] LogOutputStream:75 - [STDERR_REDIRECT] 
2026-02-13 18:01:11,159 [ERROR] LogOutputStream:75 - [STDERR_REDIRECT] Feb 13, 2026 6:01:11 PM org.eclipse.lsp4j.jsonrpc.services.GenericEndpoint notify
2026-02-13 18:01:11,160 [ERROR] LogOutputStream:75 - [STDERR_REDIRECT] WARNING: Unsupported notification method: statusNotification
2026-02-13 18:01:11,160 [ERROR] LogOutputStream:75 - [STDERR_REDIRECT] 
2026-02-13 18:01:11,161 [ERROR] LogOutputStream:75 - [STDERR_REDIRECT] Feb 13, 2026 6:01:11 PM org.eclipse.lsp4j.jsonrpc.services.GenericEndpoint notify
2026-02-13 18:01:11,161 [ERROR] LogOutputStream:75 - [STDERR_REDIRECT] WARNING: Unsupported notification method: didChangeStatus
2026-02-13 18:01:11,162 [ERROR] LogOutputStream:75 - [STDERR_REDIRECT] 
2026-02-13 18:01:11,254 [ERROR] LogOutputStream:75 - [STDERR_REDIRECT] Feb 13, 2026 6:01:11 PM org.eclipse.lsp4j.jsonrpc.services.GenericEndpoint notify
2026-02-13 18:01:11,255 [ERROR] LogOutputStream:75 - [STDERR_REDIRECT] WARNING: Unsupported notification method: statusNotification
2026-02-13 18:01:11,256 [ERROR] LogOutputStream:75 - [STDERR_REDIRECT] 
2026-02-13 18:01:11,259 [ERROR] LogOutputStream:75 - [STDERR_REDIRECT] Feb 13, 2026 6:01:11 PM org.eclipse.lsp4j.jsonrpc.services.GenericEndpoint notify
2026-02-13 18:01:11,259 [ERROR] LogOutputStream:75 - [STDERR_REDIRECT] WARNING: Unsupported notification method: didChangeStatus
2026-02-13 18:01:11,260 [ERROR] LogOutputStream:75 - [STDERR_REDIRECT] 
2026-02-13 18:01:11,795 [ERROR] LogOutputStream:75 - [STDERR_REDIRECT] Feb 13, 2026 6:01:11 PM org.eclipse.lsp4j.jsonrpc.services.GenericEndpoint notify
2026-02-13 18:01:11,795 [ERROR] LogOutputStream:75 - [STDERR_REDIRECT] WARNING: Unsupported notification method: statusNotification
2026-02-13 18:01:11,795 [ERROR] LogOutputStream:75 - [STDERR_REDIRECT] 
2026-02-13 18:01:11,796 [ERROR] LogOutputStream:75 - [STDERR_REDIRECT] Feb 13, 2026 6:01:11 PM org.eclipse.lsp4j.jsonrpc.services.GenericEndpoint notify
2026-02-13 18:01:11,796 [ERROR] LogOutputStream:75 - [STDERR_REDIRECT] WARNING: Unsupported notification method: didChangeStatus
2026-02-13 18:01:11,796 [ERROR] LogOutputStream:75 - [STDERR_REDIRECT] 
2026-02-13 18:01:11,988 [ERROR] LogOutputStream:75 - [STDERR_REDIRECT] Feb 13, 2026 6:01:11 PM org.eclipse.lsp4j.jsonrpc.services.GenericEndpoint notify
2026-02-13 18:01:11,989 [ERROR] LogOutputStream:75 - [STDERR_REDIRECT] WARNING: Unsupported notification method: statusNotification
2026-02-13 18:01:11,989 [ERROR] LogOutputStream:75 - [STDERR_REDIRECT] 
2026-02-13 18:01:11,991 [ERROR] LogOutputStream:75 - [STDERR_REDIRECT] Feb 13, 2026 6:01:11 PM org.eclipse.lsp4j.jsonrpc.services.GenericEndpoint notify
2026-02-13 18:01:11,991 [ERROR] LogOutputStream:75 - [STDERR_REDIRECT] WARNING: Unsupported notification method: didChangeStatus
2026-02-13 18:01:11,992 [ERROR] LogOutputStream:75 - [STDERR_REDIRECT] 
2026-02-13 18:01:12,398 [ERROR] LogOutputStream:75 - [STDERR_REDIRECT] Feb 13, 2026 6:01:12 PM org.eclipse.lsp4j.jsonrpc.services.GenericEndpoint notify
2026-02-13 18:01:12,399 [ERROR] LogOutputStream:75 - [STDERR_REDIRECT] WARNING: Unsupported notification method: statusNotification
2026-02-13 18:01:12,399 [ERROR] LogOutputStream:75 - [STDERR_REDIRECT] 
2026-02-13 18:01:12,400 [ERROR] LogOutputStream:75 - [STDERR_REDIRECT] Feb 13, 2026 6:01:12 PM org.eclipse.lsp4j.jsonrpc.services.GenericEndpoint notify
2026-02-13 18:01:12,400 [ERROR] LogOutputStream:75 - [STDERR_REDIRECT] WARNING: Unsupported notification method: didChangeStatus
2026-02-13 18:01:12,400 [ERROR] LogOutputStream:75 - [STDERR_REDIRECT] 
2026-02-13 18:01:12,433 [ERROR] LogOutputStream:75 - [STDERR_REDIRECT] Feb 13, 2026 6:01:12 PM org.eclipse.lsp4j.jsonrpc.services.GenericEndpoint notify
2026-02-13 18:01:12,434 [ERROR] LogOutputStream:75 - [STDERR_REDIRECT] WARNING: Unsupported notification method: statusNotification
2026-02-13 18:01:12,434 [ERROR] LogOutputStream:75 - [STDERR_REDIRECT] 
2026-02-13 18:01:12,435 [ERROR] LogOutputStream:75 - [STDERR_REDIRECT] Feb 13, 2026 6:01:12 PM org.eclipse.lsp4j.jsonrpc.services.GenericEndpoint notify
2026-02-13 18:01:12,435 [ERROR] LogOutputStream:75 - [STDERR_REDIRECT] WARNING: Unsupported notification method: didChangeStatus
2026-02-13 18:01:12,435 [ERROR] LogOutputStream:75 - [STDERR_REDIRECT] 
2026-02-13 18:01:12,436 [ERROR] LogOutputStream:75 - [STDERR_REDIRECT] Feb 13, 2026 6:01:12 PM org.eclipse.lsp4j.jsonrpc.services.GenericEndpoint notify
2026-02-13 18:01:12,436 [ERROR] LogOutputStream:75 - [STDERR_REDIRECT] WARNING: Unsupported notification method: statusNotification
2026-02-13 18:01:12,437 [ERROR] LogOutputStream:75 - [STDERR_REDIRECT] 
2026-02-13 18:01:12,437 [ERROR] LogOutputStream:75 - [STDERR_REDIRECT] Feb 13, 2026 6:01:12 PM org.eclipse.lsp4j.jsonrpc.services.GenericEndpoint notify
2026-02-13 18:01:12,438 [ERROR] LogOutputStream:75 - [STDERR_REDIRECT] WARNING: Unsupported notification method: didChangeStatus
2026-02-13 18:01:12,438 [ERROR] LogOutputStream:75 - [STDERR_REDIRECT] 
2026-02-13 18:01:12,509 [ERROR] LogOutputStream:75 - [STDERR_REDIRECT] Feb 13, 2026 6:01:12 PM org.eclipse.lsp4j.jsonrpc.services.GenericEndpoint notify
2026-02-13 18:01:12,510 [ERROR] LogOutputStream:75 - [STDERR_REDIRECT] WARNING: Unsupported notification method: statusNotification
2026-02-13 18:01:12,511 [ERROR] LogOutputStream:75 - [STDERR_REDIRECT] 
2026-02-13 18:01:12,512 [ERROR] LogOutputStream:75 - [STDERR_REDIRECT] Feb 13, 2026 6:01:12 PM org.eclipse.lsp4j.jsonrpc.services.GenericEndpoint notify
2026-02-13 18:01:12,513 [ERROR] LogOutputStream:75 - [STDERR_REDIRECT] WARNING: Unsupported notification method: didChangeStatus
2026-02-13 18:01:12,513 [ERROR] LogOutputStream:75 - [STDERR_REDIRECT] 
2026-02-13 18:01:12,927 [ERROR] LogOutputStream:75 - [STDERR_REDIRECT] Feb 13, 2026 6:01:12 PM org.eclipse.lsp4j.jsonrpc.services.GenericEndpoint notify
2026-02-13 18:01:12,928 [ERROR] LogOutputStream:75 - [STDERR_REDIRECT] WARNING: Unsupported notification method: statusNotification
2026-02-13 18:01:12,928 [ERROR] LogOutputStream:75 - [STDERR_REDIRECT] 
2026-02-13 18:01:12,929 [ERROR] LogOutputStream:75 - [STDERR_REDIRECT] Feb 13, 2026 6:01:12 PM org.eclipse.lsp4j.jsonrpc.services.GenericEndpoint notify
2026-02-13 18:01:12,929 [ERROR] LogOutputStream:75 - [STDERR_REDIRECT] WARNING: Unsupported notification method: didChangeStatus
2026-02-13 18:01:12,930 [ERROR] LogOutputStream:75 - [STDERR_REDIRECT] 
2026-02-13 18:01:12,991 [ERROR] LogOutputStream:75 - [STDERR_REDIRECT] Feb 13, 2026 6:01:12 PM org.eclipse.lsp4j.jsonrpc.services.GenericEndpoint notify
2026-02-13 18:01:12,992 [ERROR] LogOutputStream:75 - [STDERR_REDIRECT] WARNING: Unsupported notification method: statusNotification
2026-02-13 18:01:12,992 [ERROR] LogOutputStream:75 - [STDERR_REDIRECT] 
2026-02-13 18:01:12,993 [ERROR] LogOutputStream:75 - [STDERR_REDIRECT] Feb 13, 2026 6:01:12 PM org.eclipse.lsp4j.jsonrpc.services.GenericEndpoint notify
2026-02-13 18:01:12,993 [ERROR] LogOutputStream:75 - [STDERR_REDIRECT] WARNING: Unsupported notification method: didChangeStatus
2026-02-13 18:01:12,993 [ERROR] LogOutputStream:75 - [STDERR_REDIRECT] 
2026-02-13 18:01:13,500 [ERROR] LogOutputStream:75 - [STDERR_REDIRECT] Feb 13, 2026 6:01:13 PM org.eclipse.lsp4j.jsonrpc.services.GenericEndpoint notify
2026-02-13 18:01:13,500 [ERROR] LogOutputStream:75 - [STDERR_REDIRECT] WARNING: Unsupported notification method: statusNotification
2026-02-13 18:01:13,500 [ERROR] LogOutputStream:75 - [STDERR_REDIRECT] 
2026-02-13 18:01:13,501 [ERROR] LogOutputStream:75 - [STDERR_REDIRECT] Feb 13, 2026 6:01:13 PM org.eclipse.lsp4j.jsonrpc.services.GenericEndpoint notify
2026-02-13 18:01:13,501 [ERROR] LogOutputStream:75 - [STDERR_REDIRECT] WARNING: Unsupported notification method: didChangeStatus
2026-02-13 18:01:13,502 [ERROR] LogOutputStream:75 - [STDERR_REDIRECT] 
2026-02-13 18:01:30,088 [ERROR] LogOutputStream:75 - [STDERR_REDIRECT] Feb 13, 2026 6:01:30 PM org.eclipse.lsp4j.jsonrpc.services.GenericEndpoint notify
2026-02-13 18:01:30,088 [ERROR] LogOutputStream:75 - [STDERR_REDIRECT] WARNING: Unsupported notification method: statusNotification
2026-02-13 18:01:30,088 [ERROR] LogOutputStream:75 - [STDERR_REDIRECT] 
2026-02-13 18:01:30,089 [ERROR] LogOutputStream:75 - [STDERR_REDIRECT] Feb 13, 2026 6:01:30 PM org.eclipse.lsp4j.jsonrpc.services.GenericEndpoint notify
2026-02-13 18:01:30,089 [ERROR] LogOutputStream:75 - [STDERR_REDIRECT] WARNING: Unsupported notification method: didChangeStatus
2026-02-13 18:01:30,089 [ERROR] LogOutputStream:75 - [STDERR_REDIRECT] 
2026-02-13 18:01:30,739 [ERROR] LogOutputStream:75 - [STDERR_REDIRECT] Feb 13, 2026 6:01:30 PM org.eclipse.lsp4j.jsonrpc.services.GenericEndpoint notify
2026-02-13 18:01:30,740 [ERROR] LogOutputStream:75 - [STDERR_REDIRECT] WARNING: Unsupported notification method: statusNotification
2026-02-13 18:01:30,740 [ERROR] LogOutputStream:75 - [STDERR_REDIRECT] 
2026-02-13 18:01:30,740 [ERROR] LogOutputStream:75 - [STDERR_REDIRECT] Feb 13, 2026 6:01:30 PM org.eclipse.lsp4j.jsonrpc.services.GenericEndpoint notify
2026-02-13 18:01:30,741 [ERROR] LogOutputStream:75 - [STDERR_REDIRECT] WARNING: Unsupported notification method: didChangeStatus
2026-02-13 18:01:30,741 [ERROR] LogOutputStream:75 - [STDERR_REDIRECT] 
2026-02-13 18:54:33,066 [INFO] WebApp:194 - Connection lost
2026-02-13 18:55:11,015 [INFO] WebApp:191 - Connection restablished
2026-02-13 18:55:25,027 [INFO] WebApp:194 - Connection lost
2026-02-13 18:55:25,173 [INFO] WebApp:191 - Connection restablished
2026-02-13 19:51:04,247 [ERROR] LogOutputStream:75 - [STDERR_REDIRECT] Feb 13, 2026 7:51:04 PM org.eclipse.lsp4j.jsonrpc.services.GenericEndpoint notify
2026-02-13 19:51:04,248 [ERROR] LogOutputStream:75 - [STDERR_REDIRECT] WARNING: Unsupported notification method: statusNotification
2026-02-13 19:51:04,249 [ERROR] LogOutputStream:75 - [STDERR_REDIRECT] 
2026-02-13 19:51:04,250 [ERROR] LogOutputStream:75 - [STDERR_REDIRECT] Feb 13, 2026 7:51:04 PM org.eclipse.lsp4j.jsonrpc.services.GenericEndpoint notify
2026-02-13 19:51:04,251 [ERROR] LogOutputStream:75 - [STDERR_REDIRECT] WARNING: Unsupported notification method: didChangeStatus
2026-02-13 19:51:04,252 [ERROR] LogOutputStream:75 - [STDERR_REDIRECT] 
2026-02-13 19:51:05,412 [ERROR] LogOutputStream:75 - [STDERR_REDIRECT] Feb 13, 2026 7:51:05 PM org.eclipse.lsp4j.jsonrpc.services.GenericEndpoint notify
2026-02-13 19:51:05,414 [ERROR] LogOutputStream:75 - [STDERR_REDIRECT] WARNING: Unsupported notification method: statusNotification
2026-02-13 19:51:05,415 [ERROR] LogOutputStream:75 - [STDERR_REDIRECT] 
2026-02-13 19:51:05,417 [ERROR] LogOutputStream:75 - [STDERR_REDIRECT] Feb 13, 2026 7:51:05 PM org.eclipse.lsp4j.jsonrpc.services.GenericEndpoint notify
2026-02-13 19:51:05,418 [ERROR] LogOutputStream:75 - [STDERR_REDIRECT] WARNING: Unsupported notification method: didChangeStatus
2026-02-13 19:51:05,419 [ERROR] LogOutputStream:75 - [STDERR_REDIRECT] 
2026-02-13 19:51:05,523 [ERROR] LogOutputStream:75 - [STDERR_REDIRECT] Feb 13, 2026 7:51:05 PM org.eclipse.lsp4j.jsonrpc.services.GenericEndpoint notify
2026-02-13 19:51:05,526 [ERROR] LogOutputStream:75 - [STDERR_REDIRECT] WARNING: Unsupported notification method: statusNotification
2026-02-13 19:51:05,526 [ERROR] LogOutputStream:75 - [STDERR_REDIRECT] 
2026-02-13 19:51:05,528 [ERROR] LogOutputStream:75 - [STDERR_REDIRECT] Feb 13, 2026 7:51:05 PM org.eclipse.lsp4j.jsonrpc.services.GenericEndpoint notify
2026-02-13 19:51:05,529 [ERROR] LogOutputStream:75 - [STDERR_REDIRECT] WARNING: Unsupported notification method: didChangeStatus
2026-02-13 19:51:05,530 [ERROR] LogOutputStream:75 - [STDERR_REDIRECT] 
2026-02-13 19:51:06,103 [ERROR] LogOutputStream:75 - [STDERR_REDIRECT] Feb 13, 2026 7:51:06 PM org.eclipse.lsp4j.jsonrpc.services.GenericEndpoint notify
2026-02-13 19:51:06,106 [ERROR] LogOutputStream:75 - [STDERR_REDIRECT] WARNING: Unsupported notification method: statusNotification
2026-02-13 19:51:06,106 [ERROR] LogOutputStream:75 - [STDERR_REDIRECT] 
2026-02-13 19:51:06,109 [ERROR] LogOutputStream:75 - [STDERR_REDIRECT] Feb 13, 2026 7:51:06 PM org.eclipse.lsp4j.jsonrpc.services.GenericEndpoint notify
2026-02-13 19:51:06,110 [ERROR] LogOutputStream:75 - [STDERR_REDIRECT] WARNING: Unsupported notification method: didChangeStatus
2026-02-13 19:51:06,111 [ERROR] LogOutputStream:75 - [STDERR_REDIRECT] 
2026-02-13 19:52:29,466 [ERROR] LogOutputStream:75 - [STDERR_REDIRECT] Feb 13, 2026 7:52:29 PM org.eclipse.lsp4j.jsonrpc.services.GenericEndpoint notify
2026-02-13 19:52:29,467 [ERROR] LogOutputStream:75 - [STDERR_REDIRECT] WARNING: Unsupported notification method: statusNotification
2026-02-13 19:52:29,468 [ERROR] LogOutputStream:75 - [STDERR_REDIRECT] 
2026-02-13 19:52:29,469 [ERROR] LogOutputStream:75 - [STDERR_REDIRECT] Feb 13, 2026 7:52:29 PM org.eclipse.lsp4j.jsonrpc.services.GenericEndpoint notify
2026-02-13 19:52:29,470 [ERROR] LogOutputStream:75 - [STDERR_REDIRECT] WARNING: Unsupported notification method: didChangeStatus
2026-02-13 19:52:29,470 [ERROR] LogOutputStream:75 - [STDERR_REDIRECT] 
2026-02-13 19:52:30,145 [ERROR] LogOutputStream:75 - [STDERR_REDIRECT] Feb 13, 2026 7:52:30 PM org.eclipse.lsp4j.jsonrpc.services.GenericEndpoint notify
2026-02-13 19:52:30,145 [ERROR] LogOutputStream:75 - [STDERR_REDIRECT] WARNING: Unsupported notification method: statusNotification
2026-02-13 19:52:30,145 [ERROR] LogOutputStream:75 - [STDERR_REDIRECT] 
2026-02-13 19:52:30,146 [ERROR] LogOutputStream:75 - [STDERR_REDIRECT] Feb 13, 2026 7:52:30 PM org.eclipse.lsp4j.jsonrpc.services.GenericEndpoint notify
2026-02-13 19:52:30,147 [ERROR] LogOutputStream:75 - [STDERR_REDIRECT] WARNING: Unsupported notification method: didChangeStatus
2026-02-13 19:52:30,147 [ERROR] LogOutputStream:75 - [STDERR_REDIRECT] 
2026-02-13 19:52:30,278 [ERROR] LogOutputStream:75 - [STDERR_REDIRECT] Feb 13, 2026 7:52:30 PM org.eclipse.lsp4j.jsonrpc.services.GenericEndpoint notify
2026-02-13 19:52:30,278 [ERROR] LogOutputStream:75 - [STDERR_REDIRECT] WARNING: Unsupported notification method: statusNotification
2026-02-13 19:52:30,279 [ERROR] LogOutputStream:75 - [STDERR_REDIRECT] 
2026-02-13 19:52:30,280 [ERROR] LogOutputStream:75 - [STDERR_REDIRECT] Feb 13, 2026 7:52:30 PM org.eclipse.lsp4j.jsonrpc.services.GenericEndpoint notify
2026-02-13 19:52:30,280 [ERROR] LogOutputStream:75 - [STDERR_REDIRECT] WARNING: Unsupported notification method: didChangeStatus
2026-02-13 19:52:30,280 [ERROR] LogOutputStream:75 - [STDERR_REDIRECT] 
2026-02-13 19:52:30,792 [ERROR] LogOutputStream:75 - [STDERR_REDIRECT] Feb 13, 2026 7:52:30 PM org.eclipse.lsp4j.jsonrpc.services.GenericEndpoint notify
2026-02-13 19:52:30,792 [ERROR] LogOutputStream:75 - [STDERR_REDIRECT] WARNING: Unsupported notification method: statusNotification
2026-02-13 19:52:30,792 [ERROR] LogOutputStream:75 - [STDERR_REDIRECT] 
2026-02-13 19:52:30,793 [ERROR] LogOutputStream:75 - [STDERR_REDIRECT] Feb 13, 2026 7:52:30 PM org.eclipse.lsp4j.jsonrpc.services.GenericEndpoint notify
2026-02-13 19:52:30,794 [ERROR] LogOutputStream:75 - [STDERR_REDIRECT] WARNING: Unsupported notification method: didChangeStatus
2026-02-13 19:52:30,794 [ERROR] LogOutputStream:75 - [STDERR_REDIRECT] 
2026-02-13 19:57:30,665 [ERROR] LogOutputStream:75 - [STDERR_REDIRECT] Feb 13, 2026 7:57:30 PM org.eclipse.lsp4j.jsonrpc.services.GenericEndpoint notify
2026-02-13 19:57:30,666 [ERROR] LogOutputStream:75 - [STDERR_REDIRECT] WARNING: Unsupported notification method: statusNotification
2026-02-13 19:57:30,667 [ERROR] LogOutputStream:75 - [STDERR_REDIRECT] 
2026-02-13 19:57:30,668 [ERROR] LogOutputStream:75 - [STDERR_REDIRECT] Feb 13, 2026 7:57:30 PM org.eclipse.lsp4j.jsonrpc.services.GenericEndpoint notify
2026-02-13 19:57:30,669 [ERROR] LogOutputStream:75 - [STDERR_REDIRECT] WARNING: Unsupported notification method: didChangeStatus
2026-02-13 19:57:30,670 [ERROR] LogOutputStream:75 - [STDERR_REDIRECT] 
2026-02-13 19:57:31,781 [ERROR] LogOutputStream:75 - [STDERR_REDIRECT] Feb 13, 2026 7:57:31 PM org.eclipse.lsp4j.jsonrpc.services.GenericEndpoint notify
2026-02-13 19:57:31,782 [ERROR] LogOutputStream:75 - [STDERR_REDIRECT] WARNING: Unsupported notification method: statusNotification
2026-02-13 19:57:31,782 [ERROR] LogOutputStream:75 - [STDERR_REDIRECT] 
2026-02-13 19:57:31,784 [ERROR] LogOutputStream:75 - [STDERR_REDIRECT] Feb 13, 2026 7:57:31 PM org.eclipse.lsp4j.jsonrpc.services.GenericEndpoint notify
2026-02-13 19:57:31,784 [ERROR] LogOutputStream:75 - [STDERR_REDIRECT] WARNING: Unsupported notification method: didChangeStatus
2026-02-13 19:57:31,785 [ERROR] LogOutputStream:75 - [STDERR_REDIRECT] 
2026-02-13 19:57:41,504 [ERROR] LogOutputStream:75 - [STDERR_REDIRECT] Feb 13, 2026 7:57:41 PM org.eclipse.lsp4j.jsonrpc.services.GenericEndpoint notify
2026-02-13 19:57:41,505 [ERROR] LogOutputStream:75 - [STDERR_REDIRECT] WARNING: Unsupported notification method: statusNotification
2026-02-13 19:57:41,505 [ERROR] LogOutputStream:75 - [STDERR_REDIRECT] 
2026-02-13 19:57:41,506 [ERROR] LogOutputStream:75 - [STDERR_REDIRECT] Feb 13, 2026 7:57:41 PM org.eclipse.lsp4j.jsonrpc.services.GenericEndpoint notify
2026-02-13 19:57:41,507 [ERROR] LogOutputStream:75 - [STDERR_REDIRECT] WARNING: Unsupported notification method: didChangeStatus
2026-02-13 19:57:41,507 [ERROR] LogOutputStream:75 - [STDERR_REDIRECT] 
2026-02-13 19:57:42,255 [ERROR] LogOutputStream:75 - [STDERR_REDIRECT] Feb 13, 2026 7:57:42 PM org.eclipse.lsp4j.jsonrpc.services.GenericEndpoint notify
2026-02-13 19:57:42,256 [ERROR] LogOutputStream:75 - [STDERR_REDIRECT] WARNING: Unsupported notification method: statusNotification
2026-02-13 19:57:42,257 [ERROR] LogOutputStream:75 - [STDERR_REDIRECT] 
2026-02-13 19:57:42,258 [ERROR] LogOutputStream:75 - [STDERR_REDIRECT] Feb 13, 2026 7:57:42 PM org.eclipse.lsp4j.jsonrpc.services.GenericEndpoint notify
2026-02-13 19:57:42,259 [ERROR] LogOutputStream:75 - [STDERR_REDIRECT] WARNING: Unsupported notification method: didChangeStatus
2026-02-13 19:57:42,259 [ERROR] LogOutputStream:75 - [STDERR_REDIRECT] 
2026-02-13 19:57:43,590 [ERROR] LogOutputStream:75 - [STDERR_REDIRECT] Feb 13, 2026 7:57:43 PM org.eclipse.lsp4j.jsonrpc.services.GenericEndpoint notify
2026-02-13 19:57:43,590 [ERROR] LogOutputStream:75 - [STDERR_REDIRECT] WARNING: Unsupported notification method: statusNotification
2026-02-13 19:57:43,590 [ERROR] LogOutputStream:75 - [STDERR_REDIRECT] 
2026-02-13 19:57:43,591 [ERROR] LogOutputStream:75 - [STDERR_REDIRECT] Feb 13, 2026 7:57:43 PM org.eclipse.lsp4j.jsonrpc.services.GenericEndpoint notify
2026-02-13 19:57:43,591 [ERROR] LogOutputStream:75 - [STDERR_REDIRECT] WARNING: Unsupported notification method: didChangeStatus
2026-02-13 19:57:43,592 [ERROR] LogOutputStream:75 - [STDERR_REDIRECT] 
2026-02-13 19:57:44,258 [ERROR] LogOutputStream:75 - [STDERR_REDIRECT] Feb 13, 2026 7:57:44 PM org.eclipse.lsp4j.jsonrpc.services.GenericEndpoint notify
2026-02-13 19:57:44,259 [ERROR] LogOutputStream:75 - [STDERR_REDIRECT] WARNING: Unsupported notification method: statusNotification
2026-02-13 19:57:44,259 [ERROR] LogOutputStream:75 - [STDERR_REDIRECT] 
2026-02-13 19:57:44,260 [ERROR] LogOutputStream:75 - [STDERR_REDIRECT] Feb 13, 2026 7:57:44 PM org.eclipse.lsp4j.jsonrpc.services.GenericEndpoint notify
2026-02-13 19:57:44,261 [ERROR] LogOutputStream:75 - [STDERR_REDIRECT] WARNING: Unsupported notification method: didChangeStatus
2026-02-13 19:57:44,262 [ERROR] LogOutputStream:75 - [STDERR_REDIRECT] 
2026-02-13 20:51:47,440 [INFO] WebApp:194 - Connection lost
2026-02-13 20:51:57,492 [INFO] WebApp:191 - Connection restablished
2026-02-13 23:09:55,084 [INFO] WebApp:194 - Connection lost
2026-02-13 23:10:33,086 [INFO] WebApp:191 - Connection restablished
2026-02-13 23:10:39,458 [INFO] WebApp:194 - Connection lost
2026-02-13 23:10:39,609 [INFO] WebApp:191 - Connection restablished
2026-02-13 23:11:58,521 [INFO] WebApp:194 - Connection lost
2026-02-13 23:11:58,933 [INFO] WebApp:191 - Connection restablished
